32;0;-2;30
32;0;0;16;36;0;0;16;36
33;16;0;16;36;0;0;16;36
34;32;0;16;36;0;0;16;36
35;48;0;20;36;0;0;20;36
36;68;0;18;36;0;0;18;36
37;86;0;24;36;0;0;24;36
38;110;0;20;36;0;0;20;36
39;130;0;16;36;0;0;16;36
40;146;0;14;36;0;0;14;36
41;160;0;14;36;0;0;14;36
42;174;0;16;36;0;0;16;36
43;190;0;16;36;0;0;16;36
47;206;0;16;36;0;0;16;36
48;222;0;16;36;0;0;16;36
49;238;0;16;36;0;0;16;36
50;254;0;18;36;0;0;18;36
51;272;0;16;36;0;0;16;36
52;288;0;18;36;0;0;18;36
53;306;0;16;36;0;0;16;36
54;322;0;16;36;0;0;16;36
55;338;0;18;36;0;0;18;36
56;356;0;16;36;0;0;16;36
57;372;0;16;36;0;0;16;36
58;388;0;16;36;0;0;16;36
59;404;0;16;36;0;0;16;36
60;420;0;14;36;0;0;14;36
61;434;0;16;36;0;0;16;36
62;450;0;14;36;0;0;14;36
63;464;0;16;36;0;0;16;36
64;480;0;26;36;0;0;26;36
65;506;0;18;36;0;0;18;36
66;524;0;16;36;0;0;16;36
67;540;0;18;36;0;0;18;36
68;558;0;16;36;0;0;16;36
69;574;0;16;36;0;0;16;36
70;590;0;14;36;0;0;14;36
71;604;0;20;36;0;0;20;36
72;624;0;18;36;0;0;18;36
73;642;0;14;36;0;0;14;36
74;656;0;18;36;0;0;18;36
75;674;0;16;36;0;0;16;36
76;690;0;14;36;0;0;14;36
77;704;0;22;36;0;0;22;36
78;726;0;20;36;0;0;20;36
79;746;0;22;36;0;0;22;36
80;768;0;12;36;0;0;12;36
81;780;0;24;36;0;0;24;36
82;804;0;14;36;0;0;14;36
83;818;0;18;36;0;0;18;36
84;836;0;18;36;0;0;18;36
85;854;0;18;36;0;0;18;36
86;872;0;20;36;0;0;20;36
87;892;0;28;36;0;0;28;36
88;920;0;20;36;0;0;20;36
89;940;0;18;36;0;0;18;36
90;958;0;18;36;0;0;18;36
91;976;0;14;36;0;0;14;36
92;990;0;16;36;0;0;16;36
93;1006;0;14;36;0;0;14;36
94;1020;0;16;36;0;0;16;36
96;1036;0;16;36;0;0;16;36
97;1052;0;16;36;0;0;16;36
98;1068;0;16;36;0;0;16;36
99;1084;0;16;36;0;0;16;36
100;1100;0;18;36;0;0;18;36
101;1118;0;16;36;0;0;16;36
102;1134;0;16;36;0;0;16;36
103;1150;0;16;36;0;0;16;36
104;1166;0;16;36;0;0;16;36
105;1182;0;12;36;0;0;12;36
106;1194;0;16;36;0;0;16;36
107;1210;0;16;36;0;0;16;36
108;1226;0;12;36;0;0;12;36
109;1238;0;20;36;0;0;20;36
110;1258;0;16;36;0;0;16;36
111;1274;0;16;36;0;0;16;36
112;1290;0;16;36;0;0;16;36
113;1306;0;16;36;0;0;16;36
114;1322;0;16;36;0;0;16;36
115;1338;0;14;36;0;0;14;36
116;1352;0;16;36;0;0;16;36
117;1368;0;16;36;0;0;16;36
118;1384;0;16;36;0;0;16;36
119;1400;0;20;36;0;0;20;36
120;1420;0;18;36;0;0;18;36
121;1438;0;18;36;0;0;18;36
122;1456;0;16;36;0;0;16;36
123;1472;0;14;36;0;0;14;36
124;1486;0;14;36;0;0;14;36
125;1500;0;14;36;0;0;14;36
126;1514;0;16;36;0;0;16;36
183;1530;0;14;36;0;0;14;36
916;1544;0;16;36;0;0;16;36
960;1560;0;14;36;0;0;14;36
8734;1574;0;16;36;0;0;16;36
65381;1590;0;16;36;0;0;16;36
65382;1606;0;16;36;0;0;16;36
65383;1622;0;16;36;0;0;16;36
65384;1638;0;16;36;0;0;16;36
65385;1654;0;16;36;0;0;16;36
65386;1670;0;16;36;0;0;16;36
65387;1686;0;16;36;0;0;16;36
65388;1702;0;16;36;0;0;16;36
65389;1718;0;16;36;0;0;16;36
65390;1734;0;16;36;0;0;16;36
65391;1750;0;16;36;0;0;16;36
65392;1766;0;16;36;0;0;16;36
65393;1782;0;16;36;0;0;16;36
65394;1798;0;16;36;0;0;16;36
65395;1814;0;16;36;0;0;16;36
65396;1830;0;16;36;0;0;16;36
65397;1846;0;16;36;0;0;16;36
65398;1862;0;16;36;0;0;16;36
65399;1878;0;16;36;0;0;16;36
65400;1894;0;16;36;0;0;16;36
65401;1910;0;16;36;0;0;16;36
65402;1926;0;16;36;0;0;16;36
65403;1942;0;16;36;0;0;16;36
65404;1958;0;16;36;0;0;16;36
65405;1974;0;16;36;0;0;16;36
65406;1990;0;16;36;0;0;16;36
65407;2006;0;16;36;0;0;16;36
65408;2022;0;16;36;0;0;16;36
65409;2038;0;16;36;0;0;16;36
65410;2054;0;16;36;0;0;16;36
65411;2070;0;16;36;0;0;16;36
65412;2086;0;16;36;0;0;16;36
65413;2102;0;16;36;0;0;16;36
65414;2118;0;16;36;0;0;16;36
65415;2134;0;16;36;0;0;16;36
65416;2150;0;16;36;0;0;16;36
65417;2166;0;16;36;0;0;16;36
65418;2182;0;16;36;0;0;16;36
65419;2198;0;16;36;0;0;16;36
65420;2214;0;16;36;0;0;16;36
65421;2230;0;16;36;0;0;16;36
65422;2246;0;16;36;0;0;16;36
65423;2262;0;16;36;0;0;16;36
65424;2278;0;16;36;0;0;16;36
65425;2294;0;16;36;0;0;16;36
65426;2310;0;16;36;0;0;16;36
65427;2326;0;16;36;0;0;16;36
65428;2342;0;16;36;0;0;16;36
65429;2358;0;16;36;0;0;16;36
65430;2374;0;16;36;0;0;16;36
65431;2390;0;16;36;0;0;16;36
65432;2406;0;16;36;0;0;16;36
65433;2422;0;16;36;0;0;16;36
65434;2438;0;16;36;0;0;16;36
65435;2454;0;16;36;0;0;16;36
65436;2470;0;16;36;0;0;16;36
65437;2486;0;16;36;0;0;16;36
65438;2502;0;16;36;0;0;16;36
65439;2518;0;16;36;0;0;16;36
8212;0;36;28;31;0;0;28;31
8217;28;36;28;31;0;0;28;31
8220;56;36;28;31;0;0;28;31
8221;84;36;28;31;0;0;28;31
8230;112;36;28;31;0;0;28;31
8592;140;36;28;31;0;0;28;31
8593;168;36;28;31;0;0;28;31
8594;196;36;28;31;0;0;28;31
8595;224;36;28;31;0;0;28;31
8598;252;36;28;31;0;0;28;31
8599;280;36;28;31;0;0;28;31
8600;308;36;28;31;0;0;28;31
8601;336;36;28;31;0;0;28;31
9320;364;36;28;31;0;0;28;31
9734;392;36;28;31;0;0;28;31
12288;420;36;28;31;0;0;28;31
12293;448;36;28;31;0;0;28;31
12298;476;36;28;31;0;0;28;31
12299;504;36;28;31;0;0;28;31
12301;532;36;28;31;0;0;28;31
12303;560;36;28;31;0;0;28;31
12305;588;36;28;31;0;0;28;31
12309;616;36;28;31;0;0;28;31
19905;644;36;24;31;0;0;24;31
19906;668;36;24;31;0;0;24;31
12353;0;67;28;31;0;0;28;31
12354;28;67;28;31;0;0;28;31
12355;56;67;28;31;0;0;28;31
12356;84;67;28;31;0;0;28;31
12357;112;67;28;31;0;0;28;31
12358;140;67;28;31;0;0;28;31
12359;168;67;28;31;0;0;28;31
12360;196;67;28;31;0;0;28;31
12361;224;67;28;31;0;0;28;31
12362;252;67;28;31;0;0;28;31
12363;280;67;28;31;0;0;28;31
12364;308;67;28;31;0;0;28;31
12365;336;67;28;31;0;0;28;31
12366;364;67;28;31;0;0;28;31
12367;392;67;28;31;0;0;28;31
12368;420;67;28;31;0;0;28;31
12369;448;67;28;31;0;0;28;31
12370;476;67;28;31;0;0;28;31
12371;504;67;28;31;0;0;28;31
12372;532;67;28;31;0;0;28;31
12373;560;67;28;31;0;0;28;31
12374;588;67;28;31;0;0;28;31
12375;616;67;28;31;0;0;28;31
12376;644;67;28;31;0;0;28;31
12377;672;67;28;31;0;0;28;31
12378;700;67;28;31;0;0;28;31
12379;728;67;28;31;0;0;28;31
12380;756;67;28;31;0;0;28;31
12381;784;67;28;31;0;0;28;31
12382;812;67;28;31;0;0;28;31
12383;840;67;28;31;0;0;28;31
12384;868;67;28;31;0;0;28;31
12385;896;67;28;31;0;0;28;31
12386;924;67;28;31;0;0;28;31
12387;952;67;28;31;0;0;28;31
12388;980;67;28;31;0;0;28;31
12389;1008;67;28;31;0;0;28;31
12390;1036;67;28;31;0;0;28;31
12391;1064;67;28;31;0;0;28;31
12392;1092;67;28;31;0;0;28;31
12393;1120;67;28;31;0;0;28;31
12394;1148;67;28;31;0;0;28;31
12395;1176;67;28;31;0;0;28;31
12396;1204;67;28;31;0;0;28;31
12397;1232;67;28;31;0;0;28;31
12398;1260;67;28;31;0;0;28;31
12399;1288;67;28;31;0;0;28;31
12400;1316;67;28;31;0;0;28;31
12401;1344;67;28;31;0;0;28;31
12402;1372;67;28;31;0;0;28;31
12403;1400;67;28;31;0;0;28;31
12404;1428;67;28;31;0;0;28;31
12405;1456;67;28;31;0;0;28;31
12406;1484;67;28;31;0;0;28;31
12407;1512;67;28;31;0;0;28;31
12408;1540;67;28;31;0;0;28;31
12409;1568;67;28;31;0;0;28;31
12410;1596;67;28;31;0;0;28;31
12411;1624;67;28;31;0;0;28;31
12412;1652;67;28;31;0;0;28;31
12413;1680;67;28;31;0;0;28;31
12414;1708;67;28;31;0;0;28;31
12415;1736;67;28;31;0;0;28;31
12416;1764;67;28;31;0;0;28;31
12417;1792;67;28;31;0;0;28;31
12418;1820;67;28;31;0;0;28;31
12419;1848;67;28;31;0;0;28;31
12420;1876;67;28;31;0;0;28;31
12421;1904;67;28;31;0;0;28;31
12422;1932;67;28;31;0;0;28;31
12423;1960;67;28;31;0;0;28;31
12424;1988;67;28;31;0;0;28;31
12425;2016;67;28;31;0;0;28;31
12426;2044;67;28;31;0;0;28;31
12427;2072;67;28;31;0;0;28;31
12428;2100;67;28;31;0;0;28;31
12429;2128;67;28;31;0;0;28;31
12430;2156;67;28;31;0;0;28;31
12431;2184;67;28;31;0;0;28;31
12432;2212;67;28;31;0;0;28;31
12433;2240;67;28;31;0;0;28;31
12434;2268;67;28;31;0;0;28;31
12435;2296;67;28;31;0;0;28;31
12436;2324;67;28;31;0;0;28;31
12443;2352;67;28;31;0;0;28;31
12444;2380;67;28;31;0;0;28;31
12445;2408;67;28;31;0;0;28;31
12446;2436;67;28;31;0;0;28;31
12449;2464;67;28;31;0;0;28;31
12450;2492;67;28;31;0;0;28;31
12451;2520;67;28;31;0;0;28;31
12452;2548;67;28;31;0;0;28;31
12453;2576;67;28;31;0;0;28;31
12454;2604;67;28;31;0;0;28;31
12455;2632;67;28;31;0;0;28;31
12456;2660;67;28;31;0;0;28;31
12457;2688;67;28;31;0;0;28;31
12458;2716;67;28;31;0;0;28;31
12459;2744;67;28;31;0;0;28;31
12460;2772;67;28;31;0;0;28;31
12461;2800;67;28;31;0;0;28;31
12462;2828;67;28;31;0;0;28;31
12463;2856;67;28;31;0;0;28;31
12464;2884;67;28;31;0;0;28;31
12465;2912;67;28;31;0;0;28;31
12466;2940;67;28;31;0;0;28;31
12467;2968;67;28;31;0;0;28;31
12468;2996;67;28;31;0;0;28;31
12469;3024;67;28;31;0;0;28;31
12470;3052;67;28;31;0;0;28;31
12471;3080;67;28;31;0;0;28;31
12472;3108;67;28;31;0;0;28;31
12473;3136;67;28;31;0;0;28;31
12474;3164;67;28;31;0;0;28;31
12475;3192;67;28;31;0;0;28;31
12476;3220;67;28;31;0;0;28;31
12477;3248;67;28;31;0;0;28;31
12478;3276;67;28;31;0;0;28;31
12479;3304;67;28;31;0;0;28;31
12480;3332;67;28;31;0;0;28;31
12481;3360;67;28;31;0;0;28;31
12482;3388;67;28;31;0;0;28;31
12483;3416;67;28;31;0;0;28;31
12484;3444;67;28;31;0;0;28;31
12485;3472;67;28;31;0;0;28;31
12486;3500;67;28;31;0;0;28;31
12487;3528;67;28;31;0;0;28;31
12488;3556;67;28;31;0;0;28;31
12489;3584;67;28;31;0;0;28;31
12490;3612;67;28;31;0;0;28;31
12491;3640;67;28;31;0;0;28;31
12492;3668;67;28;31;0;0;28;31
12493;3696;67;28;31;0;0;28;31
12494;3724;67;28;31;0;0;28;31
12495;3752;67;28;31;0;0;28;31
12496;3780;67;28;31;0;0;28;31
12497;3808;67;28;31;0;0;28;31
12498;3836;67;28;31;0;0;28;31
12499;3864;67;28;31;0;0;28;31
12500;3892;67;28;31;0;0;28;31
12501;3920;67;28;31;0;0;28;31
12502;3948;67;28;31;0;0;28;31
12503;3976;67;28;31;0;0;28;31
12504;4004;67;28;31;0;0;28;31
12505;4032;67;28;31;0;0;28;31
12506;4060;67;28;31;0;0;28;31
12507;0;98;28;31;0;0;28;31
12508;28;98;28;31;0;0;28;31
12509;56;98;28;31;0;0;28;31
12510;84;98;28;31;0;0;28;31
12511;112;98;28;31;0;0;28;31
12512;140;98;28;31;0;0;28;31
12513;168;98;28;31;0;0;28;31
12514;196;98;28;31;0;0;28;31
12515;224;98;28;31;0;0;28;31
12516;252;98;28;31;0;0;28;31
12517;280;98;28;31;0;0;28;31
12518;308;98;28;31;0;0;28;31
12519;336;98;28;31;0;0;28;31
12520;364;98;28;31;0;0;28;31
12521;392;98;28;31;0;0;28;31
12522;420;98;28;31;0;0;28;31
12523;448;98;28;31;0;0;28;31
12524;476;98;28;31;0;0;28;31
12525;504;98;28;31;0;0;28;31
12526;532;98;28;31;0;0;28;31
12527;560;98;28;31;0;0;28;31
12528;588;98;28;31;0;0;28;31
12529;616;98;28;31;0;0;28;31
12530;644;98;28;31;0;0;28;31
12531;672;98;28;31;0;0;28;31
12532;700;98;28;31;0;0;28;31
12533;728;98;28;31;0;0;28;31
12534;756;98;28;31;0;0;28;31
12535;784;98;28;31;0;0;28;31
12536;812;98;28;31;0;0;28;31
12537;840;98;28;31;0;0;28;31
12538;868;98;28;31;0;0;28;31
12540;896;98;28;31;0;0;28;31
12541;924;98;28;31;0;0;28;31
12542;952;98;28;31;0;0;28;31
19968;980;98;28;31;0;0;28;31
19969;1008;98;28;31;0;0;28;31
19971;1036;98;28;31;0;0;28;31
19975;1064;98;28;31;0;0;28;31
19976;1092;98;28;31;0;0;28;31
19977;1120;98;28;31;0;0;28;31
19978;1148;98;28;31;0;0;28;31
19979;1176;98;28;31;0;0;28;31
19981;1204;98;28;31;0;0;28;31
19982;1232;98;28;31;0;0;28;31
19988;1260;98;28;31;0;0;28;31
19990;1288;98;28;31;0;0;28;31
19992;1316;98;28;31;0;0;28;31
19993;1344;98;28;31;0;0;28;31
20001;1372;98;28;31;0;0;28;31
20006;1400;98;28;31;0;0;28;31
20013;1428;98;28;31;0;0;28;31
20018;1456;98;28;31;0;0;28;31
20024;1484;98;28;31;0;0;28;31
20025;1512;98;28;31;0;0;28;31
20027;1540;98;28;31;0;0;28;31
20028;1568;98;28;31;0;0;28;31
20037;1596;98;28;31;0;0;28;31
20047;1624;98;28;31;0;0;28;31
20055;1652;98;28;31;0;0;28;31
20057;1680;98;28;31;0;0;28;31
20061;1708;98;28;31;0;0;28;31
20062;1736;98;28;31;0;0;28;31
20081;1764;98;28;31;0;0;28;31
20083;1792;98;28;31;0;0;28;31
20094;1820;98;28;31;0;0;28;31
20096;1848;98;28;31;0;0;28;31
20102;1876;98;28;31;0;0;28;31
20104;1904;98;28;31;0;0;28;31
20105;1932;98;28;31;0;0;28;31
20107;1960;98;28;31;0;0;28;31
20108;1988;98;28;31;0;0;28;31
20114;2016;98;28;31;0;0;28;31
20116;2044;98;28;31;0;0;28;31
20117;2072;98;28;31;0;0;28;31
20124;2100;98;28;31;0;0;28;31
20129;2128;98;28;31;0;0;28;31
20132;2156;98;28;31;0;0;28;31
20139;2184;98;28;31;0;0;28;31
20140;2212;98;28;31;0;0;28;31
20141;2240;98;28;31;0;0;28;31
20154;2268;98;28;31;0;0;28;31
20161;2296;98;28;31;0;0;28;31
20170;2324;98;28;31;0;0;28;31
20171;2352;98;28;31;0;0;28;31
20175;2380;98;28;31;0;0;28;31
20181;2408;98;28;31;0;0;28;31
20182;2436;98;28;31;0;0;28;31
20184;2464;98;28;31;0;0;28;31
20185;2492;98;28;31;0;0;28;31
20195;2520;98;28;31;0;0;28;31
20196;2548;98;28;31;0;0;28;31
20197;2576;98;28;31;0;0;28;31
20206;2604;98;28;31;0;0;28;31
20208;2632;98;28;31;0;0;28;31
20210;2660;98;28;31;0;0;28;31
20214;2688;98;28;31;0;0;28;31
20219;2716;98;28;31;0;0;28;31
20225;2744;98;28;31;0;0;28;31
20238;2772;98;28;31;0;0;28;31
20239;2800;98;28;31;0;0;28;31
20240;2828;98;28;31;0;0;28;31
20241;2856;98;28;31;0;0;28;31
20250;2884;98;28;31;0;0;28;31
20253;2912;98;28;31;0;0;28;31
20271;2940;98;28;31;0;0;28;31
20276;2968;98;28;31;0;0;28;31
20280;2996;98;28;31;0;0;28;31
20282;3024;98;28;31;0;0;28;31
20284;3052;98;28;31;0;0;28;31
20294;3080;98;28;31;0;0;28;31
20301;3108;98;28;31;0;0;28;31
20302;3136;98;28;31;0;0;28;31
20303;3164;98;28;31;0;0;28;31
20304;3192;98;28;31;0;0;28;31
20307;3220;98;28;31;0;0;28;31
20309;3248;98;28;31;0;0;28;31
20313;3276;98;28;31;0;0;28;31
20316;3304;98;28;31;0;0;28;31
20339;3332;98;28;31;0;0;28;31
20341;3360;98;28;31;0;0;28;31
20351;3388;98;28;31;0;0;28;31
20363;3416;98;28;31;0;0;28;31
20365;3444;98;28;31;0;0;28;31
20379;3472;98;28;31;0;0;28;31
20381;3500;98;28;31;0;0;28;31
20385;3528;98;28;31;0;0;28;31
20398;3556;98;28;31;0;0;28;31
20399;3584;98;28;31;0;0;28;31
20405;3612;98;28;31;0;0;28;31
20406;3640;98;28;31;0;0;28;31
20415;3668;98;28;31;0;0;28;31
20418;3696;98;28;31;0;0;28;31
20419;3724;98;28;31;0;0;28;31
20426;3752;98;28;31;0;0;28;31
20439;3780;98;28;31;0;0;28;31
20445;3808;98;28;31;0;0;28;31
20449;3836;98;28;31;0;0;28;31
20462;3864;98;28;31;0;0;28;31
20467;3892;98;28;31;0;0;28;31
20469;3920;98;28;31;0;0;28;31
20472;3948;98;28;31;0;0;28;31
20474;3976;98;28;31;0;0;28;31
20489;4004;98;28;31;0;0;28;31
20491;4032;98;28;31;0;0;28;31
20493;4060;98;28;31;0;0;28;31
20498;0;129;28;31;0;0;28;31
20505;28;129;28;31;0;0;28;31
20511;56;129;28;31;0;0;28;31
20515;84;129;28;31;0;0;28;31
20516;112;129;28;31;0;0;28;31
20523;140;129;28;31;0;0;28;31
20537;168;129;28;31;0;0;28;31
20553;196;129;28;31;0;0;28;31
20559;224;129;28;31;0;0;28;31
20572;252;129;28;31;0;0;28;31
20581;280;129;28;31;0;0;28;31
20596;308;129;28;31;0;0;28;31
20597;336;129;28;31;0;0;28;31
20598;364;129;28;31;0;0;28;31
20605;392;129;28;31;0;0;28;31
20621;420;129;28;31;0;0;28;31
20625;448;129;28;31;0;0;28;31
20632;476;129;28;31;0;0;28;31
20633;504;129;28;31;0;0;28;31
20652;532;129;28;31;0;0;28;31
20658;560;129;28;31;0;0;28;31
20661;588;129;28;31;0;0;28;31
20663;616;129;28;31;0;0;28;31
20670;644;129;28;31;0;0;28;31
20677;672;129;28;31;0;0;28;31
20685;700;129;28;31;0;0;28;31
20687;728;129;28;31;0;0;28;31
20693;756;129;28;31;0;0;28;31
20698;784;129;28;31;0;0;28;31
20711;812;129;28;31;0;0;28;31
20736;840;129;28;31;0;0;28;31
20740;868;129;28;31;0;0;28;31
20754;896;129;28;31;0;0;28;31
20767;924;129;28;31;0;0;28;31
20778;952;129;28;31;0;0;28;31
20803;980;129;28;31;0;0;28;31
20804;1008;129;28;31;0;0;28;31
20805;1036;129;28;31;0;0;28;31
20806;1064;129;28;31;0;0;28;31
20808;1092;129;28;31;0;0;28;31
20809;1120;129;28;31;0;0;28;31
20811;1148;129;28;31;0;0;28;31
20813;1176;129;28;31;0;0;28;31
20816;1204;129;28;31;0;0;28;31
20826;1232;129;28;31;0;0;28;31
20837;1260;129;28;31;0;0;28;31
20840;1288;129;28;31;0;0;28;31
20843;1316;129;28;31;0;0;28;31
20844;1344;129;28;31;0;0;28;31
20845;1372;129;28;31;0;0;28;31
20849;1400;129;28;31;0;0;28;31
20853;1428;129;28;31;0;0;28;31
20855;1456;129;28;31;0;0;28;31
20856;1484;129;28;31;0;0;28;31
20860;1512;129;28;31;0;0;28;31
20869;1540;129;28;31;0;0;28;31
20870;1568;129;28;31;0;0;28;31
20874;1596;129;28;31;0;0;28;31
20877;1624;129;28;31;0;0;28;31
20882;1652;129;28;31;0;0;28;31
20887;1680;129;28;31;0;0;28;31
20889;1708;129;28;31;0;0;28;31
20896;1736;129;28;31;0;0;28;31
20901;1764;129;28;31;0;0;28;31
20908;1792;129;28;31;0;0;28;31
20918;1820;129;28;31;0;0;28;31
20919;1848;129;28;31;0;0;28;31
20932;1876;129;28;31;0;0;28;31
20934;1904;129;28;31;0;0;28;31
20941;1932;129;28;31;0;0;28;31
20957;1960;129;28;31;0;0;28;31
20961;1988;129;28;31;0;0;28;31
20966;2016;129;28;31;0;0;28;31
20982;2044;129;28;31;0;0;28;31
20984;2072;129;28;31;0;0;28;31
20985;2100;129;28;31;0;0;28;31
20986;2128;129;28;31;0;0;28;31
20992;2156;129;28;31;0;0;28;31
20995;2184;129;28;31;0;0;28;31
20998;2212;129;28;31;0;0;28;31
20999;2240;129;28;31;0;0;28;31
21000;2268;129;28;31;0;0;28;31
21002;2296;129;28;31;0;0;28;31
21009;2324;129;28;31;0;0;28;31
21015;2352;129;28;31;0;0;28;31
21021;2380;129;28;31;0;0;28;31
21028;2408;129;28;31;0;0;28;31
21029;2436;129;28;31;0;0;28;31
21033;2464;129;28;31;0;0;28;31
21040;2492;129;28;31;0;0;28;31
21046;2520;129;28;31;0;0;28;31
21047;2548;129;28;31;0;0;28;31
21048;2576;129;28;31;0;0;28;31
21049;2604;129;28;31;0;0;28;31
21050;2632;129;28;31;0;0;28;31
21051;2660;129;28;31;0;0;28;31
21063;2688;129;28;31;0;0;28;31
21066;2716;129;28;31;0;0;28;31
21069;2744;129;28;31;0;0;28;31
21078;2772;129;28;31;0;0;28;31
21083;2800;129;28;31;0;0;28;31
21085;2828;129;28;31;0;0;28;31
21091;2856;129;28;31;0;0;28;31
21092;2884;129;28;31;0;0;28;31
21103;2912;129;28;31;0;0;28;31
21104;2940;129;28;31;0;0;28;31
21106;2968;129;28;31;0;0;28;31
21109;2996;129;28;31;0;0;28;31
21127;3024;129;28;31;0;0;28;31
21147;3052;129;28;31;0;0;28;31
21151;3080;129;28;31;0;0;28;31
21152;3108;129;28;31;0;0;28;31
21155;3136;129;28;31;0;0;28;31
21161;3164;129;28;31;0;0;28;31
21162;3192;129;28;31;0;0;28;31
21169;3220;129;28;31;0;0;28;31
21172;3248;129;28;31;0;0;28;31
21177;3276;129;28;31;0;0;28;31
21182;3304;129;28;31;0;0;28;31
21187;3332;129;28;31;0;0;28;31
21189;3360;129;28;31;0;0;28;31
21191;3388;129;28;31;0;0;28;31
21193;3416;129;28;31;0;0;28;31
21205;3444;129;28;31;0;0;28;31
21208;3472;129;28;31;0;0;28;31
21209;3500;129;28;31;0;0;28;31
21213;3528;129;28;31;0;0;28;31
21215;3556;129;28;31;0;0;28;31
21218;3584;129;28;31;0;0;28;31
21220;3612;129;28;31;0;0;28;31
21223;3640;129;28;31;0;0;28;31
21234;3668;129;28;31;0;0;28;31
21246;3696;129;28;31;0;0;28;31
21250;3724;129;28;31;0;0;28;31
21253;3752;129;28;31;0;0;28;31
21270;3780;129;28;31;0;0;28;31
21271;3808;129;28;31;0;0;28;31
21280;3836;129;28;31;0;0;28;31
21305;3864;129;28;31;0;0;28;31
21306;3892;129;28;31;0;0;28;31
21307;3920;129;28;31;0;0;28;31
21311;3948;129;28;31;0;0;28;31
21313;3976;129;28;31;0;0;28;31
21315;4004;129;28;31;0;0;28;31
21319;4032;129;28;31;0;0;28;31
21320;4060;129;28;31;0;0;28;31
21322;0;160;28;31;0;0;28;31
21329;28;160;28;31;0;0;28;31
21330;56;160;28;31;0;0;28;31
21331;84;160;28;31;0;0;28;31
21332;112;160;28;31;0;0;28;31
21335;140;160;28;31;0;0;28;31
21336;168;160;28;31;0;0;28;31
21338;196;160;28;31;0;0;28;31
21344;224;160;28;31;0;0;28;31
21360;252;160;28;31;0;0;28;31
21361;280;160;28;31;0;0;28;31
21363;308;160;28;31;0;0;28;31
21364;336;160;28;31;0;0;28;31
21365;364;160;28;31;0;0;28;31
21368;392;160;28;31;0;0;28;31
21380;420;160;28;31;0;0;28;31
21400;448;160;28;31;0;0;28;31
21402;476;160;28;31;0;0;28;31
21407;504;160;28;31;0;0;28;31
21427;532;160;28;31;0;0;28;31
21435;560;160;28;31;0;0;28;31
21442;588;160;28;31;0;0;28;31
21448;616;160;28;31;0;0;28;31
21450;644;160;28;31;0;0;28;31
21451;672;160;28;31;0;0;28;31
21452;700;160;28;31;0;0;28;31
21453;728;160;28;31;0;0;28;31
21454;756;160;28;31;0;0;28;31
21460;784;160;28;31;0;0;28;31
21462;812;160;28;31;0;0;28;31
21463;840;160;28;31;0;0;28;31
21465;868;160;28;31;0;0;28;31
21475;896;160;28;31;0;0;28;31
21476;924;160;28;31;0;0;28;31
21477;952;160;28;31;0;0;28;31
21483;980;160;28;31;0;0;28;31
21484;1008;160;28;31;0;0;28;31
21487;1036;160;28;31;0;0;28;31
21488;1064;160;28;31;0;0;28;31
21490;1092;160;28;31;0;0;28;31
21491;1120;160;28;31;0;0;28;31
21495;1148;160;28;31;0;0;28;31
21496;1176;160;28;31;0;0;28;31
21508;1204;160;28;31;0;0;28;31
21512;1232;160;28;31;0;0;28;31
21513;1260;160;28;31;0;0;28;31
21516;1288;160;28;31;0;0;28;31
21517;1316;160;28;31;0;0;28;31
21518;1344;160;28;31;0;0;28;31
21519;1372;160;28;31;0;0;28;31
21520;1400;160;28;31;0;0;28;31
21521;1428;160;28;31;0;0;28;31
21531;1456;160;28;31;0;0;28;31
21535;1484;160;28;31;0;0;28;31
21542;1512;160;28;31;0;0;28;31
21547;1540;160;28;31;0;0;28;31
21560;1568;160;28;31;0;0;28;31
21561;1596;160;28;31;0;0;28;31
21570;1624;160;28;31;0;0;28;31
21576;1652;160;28;31;0;0;28;31
21577;1680;160;28;31;0;0;28;31
21578;1708;160;28;31;0;0;28;31
21608;1736;160;28;31;0;0;28;31
21610;1764;160;28;31;0;0;28;31
21619;1792;160;28;31;0;0;28;31
21628;1820;160;28;31;0;0;28;31
21629;1848;160;28;31;0;0;28;31
21644;1876;160;28;31;0;0;28;31
21682;1904;160;28;31;0;0;28;31
21693;1932;160;28;31;0;0;28;31
21696;1960;160;28;31;0;0;28;31
21697;1988;160;28;31;0;0;28;31
21729;2016;160;28;31;0;0;28;31
21746;2044;160;28;31;0;0;28;31
21754;2072;160;28;31;0;0;28;31
21764;2100;160;28;31;0;0;28;31
21766;2128;160;28;31;0;0;28;31
21767;2156;160;28;31;0;0;28;31
21776;2184;160;28;31;0;0;28;31
21807;2212;160;28;31;0;0;28;31
21809;2240;160;28;31;0;0;28;31
21822;2268;160;28;31;0;0;28;31
21830;2296;160;28;31;0;0;28;31
21839;2324;160;28;31;0;0;28;31
21843;2352;160;28;31;0;0;28;31
21892;2380;160;28;31;0;0;28;31
21897;2408;160;28;31;0;0;28;31
21914;2436;160;28;31;0;0;28;31
21916;2464;160;28;31;0;0;28;31
21917;2492;160;28;31;0;0;28;31
21929;2520;160;28;31;0;0;28;31
21930;2548;160;28;31;0;0;28;31
21931;2576;160;28;31;0;0;28;31
21942;2604;160;28;31;0;0;28;31
21957;2632;160;28;31;0;0;28;31
21987;2660;160;28;31;0;0;28;31
22022;2688;160;28;31;0;0;28;31
22065;2716;160;28;31;0;0;28;31
22066;2744;160;28;31;0;0;28;31
22120;2772;160;28;31;0;0;28;31
22132;2800;160;28;31;0;0;28;31
22151;2828;160;28;31;0;0;28;31
22234;2856;160;28;31;0;0;28;31
22235;2884;160;28;31;0;0;28;31
22238;2912;160;28;31;0;0;28;31
22240;2940;160;28;31;0;0;28;31
22243;2968;160;28;31;0;0;28;31
22256;2996;160;28;31;0;0;28;31
22258;3024;160;28;31;0;0;28;31
22259;3052;160;28;31;0;0;28;31
22266;3080;160;28;31;0;0;28;31
22269;3108;160;28;31;0;0;28;31
22287;3136;160;28;31;0;0;28;31
22290;3164;160;28;31;0;0;28;31
22303;3192;160;28;31;0;0;28;31
22311;3220;160;28;31;0;0;28;31
22312;3248;160;28;31;0;0;28;31
22320;3276;160;28;31;0;0;28;31
22338;3304;160;28;31;0;0;28;31
22343;3332;160;28;31;0;0;28;31
22346;3360;160;28;31;0;0;28;31
22353;3388;160;28;31;0;0;28;31
22378;3416;160;28;31;0;0;28;31
22402;3444;160;28;31;0;0;28;31
22411;3472;160;28;31;0;0;28;31
22435;3500;160;28;31;0;0;28;31
22475;3528;160;28;31;0;0;28;31
22478;3556;160;28;31;0;0;28;31
22495;3584;160;28;31;0;0;28;31
22519;3612;160;28;31;0;0;28;31
22521;3640;160;28;31;0;0;28;31
22522;3668;160;28;31;0;0;28;31
22524;3696;160;28;31;0;0;28;31
22528;3724;160;28;31;0;0;28;31
22530;3752;160;28;31;0;0;28;31
22533;3780;160;28;31;0;0;28;31
22534;3808;160;28;31;0;0;28;31
22549;3836;160;28;31;0;0;28;31
22564;3864;160;28;31;0;0;28;31
22570;3892;160;28;31;0;0;28;31
22577;3920;160;28;31;0;0;28;31
22580;3948;160;28;31;0;0;28;31
22592;3976;160;28;31;0;0;28;31
22593;4004;160;28;31;0;0;28;31
22602;4032;160;28;31;0;0;28;31
22609;4060;160;28;31;0;0;28;31
22612;0;191;28;31;0;0;28;31
22615;28;191;28;31;0;0;28;31
22618;56;191;28;31;0;0;28;31
22622;84;191;28;31;0;0;28;31
22625;112;191;28;31;0;0;28;31
22633;140;191;28;31;0;0;28;31
22654;168;191;28;31;0;0;28;31
22659;196;191;28;31;0;0;28;31
22675;224;191;28;31;0;0;28;31
22679;252;191;28;31;0;0;28;31
22684;280;191;28;31;0;0;28;31
22696;308;191;28;31;0;0;28;31
22707;336;191;28;31;0;0;28;31
22718;364;191;28;31;0;0;28;31
22721;392;191;28;31;0;0;28;31
22727;420;191;28;31;0;0;28;31
22730;448;191;28;31;0;0;28;31
22732;476;191;28;31;0;0;28;31
22763;504;191;28;31;0;0;28;31
22766;532;191;28;31;0;0;28;31
22768;560;191;28;31;0;0;28;31
22769;588;191;28;31;0;0;28;31
22770;616;191;28;31;0;0;28;31
22793;644;191;28;31;0;0;28;31
22799;672;191;28;31;0;0;28;31
22805;700;191;28;31;0;0;28;31
22806;728;191;28;31;0;0;28;31
22810;756;191;28;31;0;0;28;31
22812;784;191;28;31;0;0;28;31
22818;812;191;28;31;0;0;28;31
22823;840;191;28;31;0;0;28;31
22825;868;191;28;31;0;0;28;31
22826;896;191;28;31;0;0;28;31
22827;924;191;28;31;0;0;28;31
22830;952;191;28;31;0;0;28;31
22833;980;191;28;31;0;0;28;31
22855;1008;191;28;31;0;0;28;31
22856;1036;191;28;31;0;0;28;31
22857;1064;191;28;31;0;0;28;31
22863;1092;191;28;31;0;0;28;31
22865;1120;191;28;31;0;0;28;31
22868;1148;191;28;31;0;0;28;31
22885;1176;191;28;31;0;0;28;31
22888;1204;191;28;31;0;0;28;31
22890;1232;191;28;31;0;0;28;31
22894;1260;191;28;31;0;0;28;31
22899;1288;191;28;31;0;0;28;31
22900;1316;191;28;31;0;0;28;31
22909;1344;191;28;31;0;0;28;31
22914;1372;191;28;31;0;0;28;31
22915;1400;191;28;31;0;0;28;31
22916;1428;191;28;31;0;0;28;31
22922;1456;191;28;31;0;0;28;31
22934;1484;191;28;31;0;0;28;31
22937;1512;191;28;31;0;0;28;31
22949;1540;191;28;31;0;0;28;31
22952;1568;191;28;31;0;0;28;31
22956;1596;191;28;31;0;0;28;31
22969;1624;191;28;31;0;0;28;31
22971;1652;191;28;31;0;0;28;31
22985;1680;191;28;31;0;0;28;31
22987;1708;191;28;31;0;0;28;31
22995;1736;191;28;31;0;0;28;31
22996;1764;191;28;31;0;0;28;31
23019;1792;191;28;31;0;0;28;31
23035;1820;191;28;31;0;0;28;31
23039;1848;191;28;31;0;0;28;31
23041;1876;191;28;31;0;0;28;31
23064;1904;191;28;31;0;0;28;31
23072;1932;191;28;31;0;0;28;31
23087;1960;191;28;31;0;0;28;31
23110;1988;191;28;31;0;0;28;31
23130;2016;191;28;31;0;0;28;31
23142;2044;191;28;31;0;0;28;31
23167;2072;191;28;31;0;0;28;31
23186;2100;191;28;31;0;0;28;31
23195;2128;191;28;31;0;0;28;31
23233;2156;191;28;31;0;0;28;31
23241;2184;191;28;31;0;0;28;31
23244;2212;191;28;31;0;0;28;31
23265;2240;191;28;31;0;0;28;31
23330;2268;191;28;31;0;0;28;31
23376;2296;191;28;31;0;0;28;31
23380;2324;191;28;31;0;0;28;31
23383;2352;191;28;31;0;0;28;31
23384;2380;191;28;31;0;0;28;31
23389;2408;191;28;31;0;0;28;31
23395;2436;191;28;31;0;0;28;31
23396;2464;191;28;31;0;0;28;31
23398;2492;191;28;31;0;0;28;31
23403;2520;191;28;31;0;0;28;31
23429;2548;191;28;31;0;0;28;31
23431;2576;191;28;31;0;0;28;31
23432;2604;191;28;31;0;0;28;31
23433;2632;191;28;31;0;0;28;31
23436;2660;191;28;31;0;0;28;31
23447;2688;191;28;31;0;0;28;31
23448;2716;191;28;31;0;0;28;31
23449;2744;191;28;31;0;0;28;31
23450;2772;191;28;31;0;0;28;31
23451;2800;191;28;31;0;0;28;31
23452;2828;191;28;31;0;0;28;31
23453;2856;191;28;31;0;0;28;31
23455;2884;191;28;31;0;0;28;31
23458;2912;191;28;31;0;0;28;31
23459;2940;191;28;31;0;0;28;31
23460;2968;191;28;31;0;0;28;31
23470;2996;191;28;31;0;0;28;31
23472;3024;191;28;31;0;0;28;31
23475;3052;191;28;31;0;0;28;31
23476;3080;191;28;31;0;0;28;31
23477;3108;191;28;31;0;0;28;31
23478;3136;191;28;31;0;0;28;31
23481;3164;191;28;31;0;0;28;31
23487;3192;191;28;31;0;0;28;31
23490;3220;191;28;31;0;0;28;31
23492;3248;191;28;31;0;0;28;31
23494;3276;191;28;31;0;0;28;31
23500;3304;191;28;31;0;0;28;31
23506;3332;191;28;31;0;0;28;31
23515;3360;191;28;31;0;0;28;31
23517;3388;191;28;31;0;0;28;31
23519;3416;191;28;31;0;0;28;31
23521;3444;191;28;31;0;0;28;31
23527;3472;191;28;31;0;0;28;31
23529;3500;191;28;31;0;0;28;31
23534;3528;191;28;31;0;0;28;31
23544;3556;191;28;31;0;0;28;31
23546;3584;191;28;31;0;0;28;31
23550;3612;191;28;31;0;0;28;31
23551;3640;191;28;31;0;0;28;31
23553;3668;191;28;31;0;0;28;31
23554;3696;191;28;31;0;0;28;31
23556;3724;191;28;31;0;0;28;31
23558;3752;191;28;31;0;0;28;31
23561;3780;191;28;31;0;0;28;31
23562;3808;191;28;31;0;0;28;31
23563;3836;191;28;31;0;0;28;31
23566;3864;191;28;31;0;0;28;31
23567;3892;191;28;31;0;0;28;31
23569;3920;191;28;31;0;0;28;31
23578;3948;191;28;31;0;0;28;31
23601;3976;191;28;31;0;0;28;31
23610;4004;191;28;31;0;0;28;31
23611;4032;191;28;31;0;0;28;31
23612;4060;191;28;31;0;0;28;31
23613;0;222;28;31;0;0;28;31
23614;28;222;28;31;0;0;28;31
23615;56;222;28;31;0;0;28;31
23616;84;222;28;31;0;0;28;31
23621;112;222;28;31;0;0;28;31
23624;140;222;28;31;0;0;28;31
23626;168;222;28;31;0;0;28;31
23627;196;222;28;31;0;0;28;31
23637;224;222;28;31;0;0;28;31
23646;252;222;28;31;0;0;28;31
23652;280;222;28;31;0;0;28;31
23653;308;222;28;31;0;0;28;31
23663;336;222;28;31;0;0;28;31
23665;364;222;28;31;0;0;28;31
23696;392;222;28;31;0;0;28;31
23713;420;222;28;31;0;0;28;31
23721;448;222;28;31;0;0;28;31
23724;476;222;28;31;0;0;28;31
23731;504;222;28;31;0;0;28;31
23736;532;222;28;31;0;0;28;31
23776;560;222;28;31;0;0;28;31
23777;588;222;28;31;0;0;28;31
23792;616;222;28;31;0;0;28;31
23798;644;222;28;31;0;0;28;31
23815;672;222;28;31;0;0;28;31
23822;700;222;28;31;0;0;28;31
23830;728;222;28;31;0;0;28;31
23849;756;222;28;31;0;0;28;31
23888;784;222;28;31;0;0;28;31
24029;812;222;28;31;0;0;28;31
24030;840;222;28;31;0;0;28;31
24033;868;222;28;31;0;0;28;31
24035;896;222;28;31;0;0;28;31
24037;924;222;28;31;0;0;28;31
24038;952;222;28;31;0;0;28;31
24039;980;222;28;31;0;0;28;31
24040;1008;222;28;31;0;0;28;31
24046;1036;222;28;31;0;0;28;31
24049;1064;222;28;31;0;0;28;31
24059;1092;222;28;31;0;0;28;31
24062;1120;222;28;31;0;0;28;31
24066;1148;222;28;31;0;0;28;31
24067;1176;222;28;31;0;0;28;31
24070;1204;222;28;31;0;0;28;31
24076;1232;222;28;31;0;0;28;31
24093;1260;222;28;31;0;0;28;31
24101;1288;222;28;31;0;0;28;31
24107;1316;222;28;31;0;0;28;31
24109;1344;222;28;31;0;0;28;31
24111;1372;222;28;31;0;0;28;31
24112;1400;222;28;31;0;0;28;31
24115;1428;222;28;31;0;0;28;31
24120;1456;222;28;31;0;0;28;31
24125;1484;222;28;31;0;0;28;31
24133;1512;222;28;31;0;0;28;31
24149;1540;222;28;31;0;0;28;31
24163;1568;222;28;31;0;0;28;31
24178;1596;222;28;31;0;0;28;31
24179;1624;222;28;31;0;0;28;31
24180;1652;222;28;31;0;0;28;31
24184;1680;222;28;31;0;0;28;31
24185;1708;222;28;31;0;0;28;31
24187;1736;222;28;31;0;0;28;31
24188;1764;222;28;31;0;0;28;31
24189;1792;222;28;31;0;0;28;31
24190;1820;222;28;31;0;0;28;31
24193;1848;222;28;31;0;0;28;31
24195;1876;222;28;31;0;0;28;31
24202;1904;222;28;31;0;0;28;31
24207;1932;222;28;31;0;0;28;31
24213;1960;222;28;31;0;0;28;31
24215;1988;222;28;31;0;0;28;31
24220;2016;222;28;31;0;0;28;31
24230;2044;222;28;31;0;0;28;31
24231;2072;222;28;31;0;0;28;31
24235;2100;222;28;31;0;0;28;31
24237;2128;222;28;31;0;0;28;31
24246;2156;222;28;31;0;0;28;31
24247;2184;222;28;31;0;0;28;31
24248;2212;222;28;31;0;0;28;31
24259;2240;222;28;31;0;0;28;31
24265;2268;222;28;31;0;0;28;31
24266;2296;222;28;31;0;0;28;31
24310;2324;222;28;31;0;0;28;31
24311;2352;222;28;31;0;0;28;31
24314;2380;222;28;31;0;0;28;31
24321;2408;222;28;31;0;0;28;31
24324;2436;222;28;31;0;0;28;31
24330;2464;222;28;31;0;0;28;31
24335;2492;222;28;31;0;0;28;31
24336;2520;222;28;31;0;0;28;31
24339;2548;222;28;31;0;0;28;31
24340;2576;222;28;31;0;0;28;31
24341;2604;222;28;31;0;0;28;31
24351;2632;222;28;31;0;0;28;31
24357;2660;222;28;31;0;0;28;31
24358;2688;222;28;31;0;0;28;31
24359;2716;222;28;31;0;0;28;31
24369;2744;222;28;31;0;0;28;31
24373;2772;222;28;31;0;0;28;31
24375;2800;222;28;31;0;0;28;31
24382;2828;222;28;31;0;0;28;31
24403;2856;222;28;31;0;0;28;31
24409;2884;222;28;31;0;0;28;31
24418;2912;222;28;31;0;0;28;31
24425;2940;222;28;31;0;0;28;31
24427;2968;222;28;31;0;0;28;31
24432;2996;222;28;31;0;0;28;31
24433;3024;222;28;31;0;0;28;31
24441;3052;222;28;31;0;0;28;31
24444;3080;222;28;31;0;0;28;31
24448;3108;222;28;31;0;0;28;31
24449;3136;222;28;31;0;0;28;31
24452;3164;222;28;31;0;0;28;31
24453;3192;222;28;31;0;0;28;31
24459;3220;222;28;31;0;0;28;31
24460;3248;222;28;31;0;0;28;31
24464;3276;222;28;31;0;0;28;31
24466;3304;222;28;31;0;0;28;31
24467;3332;222;28;31;0;0;28;31
24471;3360;222;28;31;0;0;28;31
24481;3388;222;28;31;0;0;28;31
24489;3416;222;28;31;0;0;28;31
24490;3444;222;28;31;0;0;28;31
24494;3472;222;28;31;0;0;28;31
24499;3500;222;28;31;0;0;28;31
24500;3528;222;28;31;0;0;28;31
24505;3556;222;28;31;0;0;28;31
24515;3584;222;28;31;0;0;28;31
24517;3612;222;28;31;0;0;28;31
24524;3640;222;28;31;0;0;28;31
24525;3668;222;28;31;0;0;28;31
24535;3696;222;28;31;0;0;28;31
24536;3724;222;28;31;0;0;28;31
24537;3752;222;28;31;0;0;28;31
24540;3780;222;28;31;0;0;28;31
24544;3808;222;28;31;0;0;28;31
24555;3836;222;28;31;0;0;28;31
24565;3864;222;28;31;0;0;28;31
24594;3892;222;28;31;0;0;28;31
24598;3920;222;28;31;0;0;28;31
24605;3948;222;28;31;0;0;28;31
24608;3976;222;28;31;0;0;28;31
24613;4004;222;28;31;0;0;28;31
24615;4032;222;28;31;0;0;28;31
24616;4060;222;28;31;0;0;28;31
24618;0;253;28;31;0;0;28;31
24651;28;253;28;31;0;0;28;31
24656;56;253;28;31;0;0;28;31
24658;84;253;28;31;0;0;28;31
24675;112;253;28;31;0;0;28;31
24677;140;253;28;31;0;0;28;31
24680;168;253;28;31;0;0;28;31
24681;196;253;28;31;0;0;28;31
24685;224;253;28;31;0;0;28;31
24687;252;253;28;31;0;0;28;31
24693;280;253;28;31;0;0;28;31
24724;308;253;28;31;0;0;28;31
24735;336;253;28;31;0;0;28;31
24736;364;253;28;31;0;0;28;31
24739;392;253;28;31;0;0;28;31
24742;420;253;28;31;0;0;28;31
24745;448;253;28;31;0;0;28;31
24746;476;253;28;31;0;0;28;31
24754;504;253;28;31;0;0;28;31
24764;532;253;28;31;0;0;28;31
24773;560;253;28;31;0;0;28;31
24785;588;253;28;31;0;0;28;31
24796;616;253;28;31;0;0;28;31
24807;644;253;28;31;0;0;28;31
24808;672;253;28;31;0;0;28;31
24816;700;253;28;31;0;0;28;31
24819;728;253;28;31;0;0;28;31
24833;756;253;28;31;0;0;28;31
24841;784;253;28;31;0;0;28;31
24847;812;253;28;31;0;0;28;31
24858;840;253;28;31;0;0;28;31
24859;868;253;28;31;0;0;28;31
24863;896;253;28;31;0;0;28;31
24900;924;253;28;31;0;0;28;31
24904;952;253;28;31;0;0;28;31
24907;980;253;28;31;0;0;28;31
24908;1008;253;28;31;0;0;28;31
24910;1036;253;28;31;0;0;28;31
24917;1064;253;28;31;0;0;28;31
24930;1092;253;28;31;0;0;28;31
24931;1120;253;28;31;0;0;28;31
24936;1148;253;28;31;0;0;28;31
24942;1176;253;28;31;0;0;28;31
24944;1204;253;28;31;0;0;28;31
24950;1232;253;28;31;0;0;28;31
24962;1260;253;28;31;0;0;28;31
24974;1288;253;28;31;0;0;28;31
24996;1316;253;28;31;0;0;28;31
24999;1344;253;28;31;0;0;28;31
25001;1372;253;28;31;0;0;28;31
25004;1400;253;28;31;0;0;28;31
25010;1428;253;28;31;0;0;28;31
25014;1456;253;28;31;0;0;28;31
25022;1484;253;28;31;0;0;28;31
25031;1512;253;28;31;0;0;28;31
25040;1540;253;28;31;0;0;28;31
25074;1568;253;28;31;0;0;28;31
25080;1596;253;28;31;0;0;28;31
25104;1624;253;28;31;0;0;28;31
25105;1652;253;28;31;0;0;28;31
25106;1680;253;28;31;0;0;28;31
25114;1708;253;28;31;0;0;28;31
25126;1736;253;28;31;0;0;28;31
25135;1764;253;28;31;0;0;28;31
25140;1792;253;28;31;0;0;28;31
25144;1820;253;28;31;0;0;28;31
25147;1848;253;28;31;0;0;28;31
25151;1876;253;28;31;0;0;28;31
25152;1904;253;28;31;0;0;28;31
25159;1932;253;28;31;0;0;28;31
25161;1960;253;28;31;0;0;28;31
25163;1988;253;28;31;0;0;28;31
25165;2016;253;28;31;0;0;28;31
25171;2044;253;28;31;0;0;28;31
25173;2072;253;28;31;0;0;28;31
25201;2100;253;28;31;0;0;28;31
25206;2128;253;28;31;0;0;28;31
25209;2156;253;28;31;0;0;28;31
25215;2184;253;28;31;0;0;28;31
25216;2212;253;28;31;0;0;28;31
25220;2240;253;28;31;0;0;28;31
25226;2268;253;28;31;0;0;28;31
25233;2296;253;28;31;0;0;28;31
25237;2324;253;28;31;0;0;28;31
25239;2352;253;28;31;0;0;28;31
25240;2380;253;28;31;0;0;28;31
25244;2408;253;28;31;0;0;28;31
25246;2436;253;28;31;0;0;28;31
25259;2464;253;28;31;0;0;28;31
25265;2492;253;28;31;0;0;28;31
25269;2520;253;28;31;0;0;28;31
25273;2548;253;28;31;0;0;28;31
25276;2576;253;28;31;0;0;28;31
25277;2604;253;28;31;0;0;28;31
25285;2632;253;28;31;0;0;28;31
25289;2660;253;28;31;0;0;28;31
25293;2688;253;28;31;0;0;28;31
25296;2716;253;28;31;0;0;28;31
25298;2744;253;28;31;0;0;28;31
25299;2772;253;28;31;0;0;28;31
25304;2800;253;28;31;0;0;28;31
25305;2828;253;28;31;0;0;28;31
25307;2856;253;28;31;0;0;28;31
25309;2884;253;28;31;0;0;28;31
25312;2912;253;28;31;0;0;28;31
25313;2940;253;28;31;0;0;28;31
25324;2968;253;28;31;0;0;28;31
25325;2996;253;28;31;0;0;28;31
25331;3024;253;28;31;0;0;28;31
25334;3052;253;28;31;0;0;28;31
25335;3080;253;28;31;0;0;28;31
25342;3108;253;28;31;0;0;28;31
25345;3136;253;28;31;0;0;28;31
25351;3164;253;28;31;0;0;28;31
25361;3192;253;28;31;0;0;28;31
25369;3220;253;28;31;0;0;28;31
25375;3248;253;28;31;0;0;28;31
25384;3276;253;28;31;0;0;28;31
25387;3304;253;28;31;0;0;28;31
25391;3332;253;28;31;0;0;28;31
25407;3360;253;28;31;0;0;28;31
25417;3388;253;28;31;0;0;28;31
25429;3416;253;28;31;0;0;28;31
25431;3444;253;28;31;0;0;28;31
25436;3472;253;28;31;0;0;28;31
25448;3500;253;28;31;0;0;28;31
25454;3528;253;28;31;0;0;28;31
25467;3556;253;28;31;0;0;28;31
25475;3584;253;28;31;0;0;28;31
25480;3612;253;28;31;0;0;28;31
25484;3640;253;28;31;0;0;28;31
25490;3668;253;28;31;0;0;28;31
25496;3696;253;28;31;0;0;28;31
25499;3724;253;28;31;0;0;28;31
25505;3752;253;28;31;0;0;28;31
25506;3780;253;28;31;0;0;28;31
25509;3808;253;28;31;0;0;28;31
25511;3836;253;28;31;0;0;28;31
25512;3864;253;28;31;0;0;28;31
25514;3892;253;28;31;0;0;28;31
25522;3920;253;28;31;0;0;28;31
25551;3948;253;28;31;0;0;28;31
25552;3976;253;28;31;0;0;28;31
25562;4004;253;28;31;0;0;28;31
25563;4032;253;28;31;0;0;28;31
25569;4060;253;28;31;0;0;28;31
25582;0;284;28;31;0;0;28;31
25588;28;284;28;31;0;0;28;31
25594;56;284;28;31;0;0;28;31
25613;84;284;28;31;0;0;28;31
25644;112;284;28;31;0;0;28;31
25645;140;284;28;31;0;0;28;31
25658;168;284;28;31;0;0;28;31
25662;196;284;28;31;0;0;28;31
25666;224;284;28;31;0;0;28;31
25688;252;284;28;31;0;0;28;31
25705;280;284;28;31;0;0;28;31
25711;308;284;28;31;0;0;28;31
25731;336;284;28;31;0;0;28;31
25764;364;284;28;31;0;0;28;31
25774;392;284;28;31;0;0;28;31
25778;420;284;28;31;0;0;28;31
25793;448;284;28;31;0;0;28;31
25805;476;284;28;31;0;0;28;31
25830;504;284;28;31;0;0;28;31
25836;532;284;28;31;0;0;28;31
25903;560;284;28;31;0;0;28;31
25913;588;284;28;31;0;0;28;31
25915;616;284;28;31;0;0;28;31
25918;644;284;28;31;0;0;28;31
25919;672;284;28;31;0;0;28;31
25925;700;284;28;31;0;0;28;31
25935;728;284;28;31;0;0;28;31
25937;756;284;28;31;0;0;28;31
25943;784;284;28;31;0;0;28;31
25945;812;284;28;31;0;0;28;31
25954;840;284;28;31;0;0;28;31
25955;868;284;28;31;0;0;28;31
25964;896;284;28;31;0;0;28;31
25968;924;284;28;31;0;0;28;31
25972;952;284;28;31;0;0;28;31
25973;980;284;28;31;0;0;28;31
25975;1008;284;28;31;0;0;28;31
25991;1036;284;28;31;0;0;28;31
25993;1064;284;28;31;0;0;28;31
25998;1092;284;28;31;0;0;28;31
26001;1120;284;28;31;0;0;28;31
26007;1148;284;28;31;0;0;28;31
26009;1176;284;28;31;0;0;28;31
26012;1204;284;28;31;0;0;28;31
26020;1232;284;28;31;0;0;28;31
26021;1260;284;28;31;0;0;28;31
26028;1288;284;28;31;0;0;28;31
26029;1316;284;28;31;0;0;28;31
26032;1344;284;28;31;0;0;28;31
26041;1372;284;28;31;0;0;28;31
26045;1400;284;28;31;0;0;28;31
26053;1428;284;28;31;0;0;28;31
26059;1456;284;28;31;0;0;28;31
26063;1484;284;28;31;0;0;28;31
26071;1512;284;28;31;0;0;28;31
26082;1540;284;28;31;0;0;28;31
26085;1568;284;28;31;0;0;28;31
26086;1596;284;28;31;0;0;28;31
26087;1624;284;28;31;0;0;28;31
26088;1652;284;28;31;0;0;28;31
26089;1680;284;28;31;0;0;28;31
26092;1708;284;28;31;0;0;28;31
26106;1736;284;28;31;0;0;28;31
26118;1764;284;28;31;0;0;28;31
26119;1792;284;28;31;0;0;28;31
26126;1820;284;28;31;0;0;28;31
26131;1848;284;28;31;0;0;28;31
26132;1876;284;28;31;0;0;28;31
26143;1904;284;28;31;0;0;28;31
26144;1932;284;28;31;0;0;28;31
26149;1960;284;28;31;0;0;28;31
26151;1988;284;28;31;0;0;28;31
26152;2016;284;28;31;0;0;28;31
26157;2044;284;28;31;0;0;28;31
26159;2072;284;28;31;0;0;28;31
26172;2100;284;28;31;0;0;28;31
26178;2128;284;28;31;0;0;28;31
26217;2156;284;28;31;0;0;28;31
26222;2184;284;28;31;0;0;28;31
26223;2212;284;28;31;0;0;28;31
26228;2240;284;28;31;0;0;28;31
26230;2268;284;28;31;0;0;28;31
26241;2296;284;28;31;0;0;28;31
26247;2324;284;28;31;0;0;28;31
26257;2352;284;28;31;0;0;28;31
26262;2380;284;28;31;0;0;28;31
26263;2408;284;28;31;0;0;28;31
26278;2436;284;28;31;0;0;28;31
26283;2464;284;28;31;0;0;28;31
26286;2492;284;28;31;0;0;28;31
26292;2520;284;28;31;0;0;28;31
26311;2548;284;28;31;0;0;28;31
26326;2576;284;28;31;0;0;28;31
26332;2604;284;28;31;0;0;28;31
26354;2632;284;28;31;0;0;28;31
26356;2660;284;28;31;0;0;28;31
26360;2688;284;28;31;0;0;28;31
26361;2716;284;28;31;0;0;28;31
26365;2744;284;28;31;0;0;28;31
26367;2772;284;28;31;0;0;28;31
26368;2800;284;28;31;0;0;28;31
26376;2828;284;28;31;0;0;28;31
26377;2856;284;28;31;0;0;28;31
26381;2884;284;28;31;0;0;28;31
26389;2912;284;28;31;0;0;28;31
26391;2940;284;28;31;0;0;28;31
26395;2968;284;28;31;0;0;28;31
26397;2996;284;28;31;0;0;28;31
26399;3024;284;28;31;0;0;28;31
26408;3052;284;28;31;0;0;28;31
26410;3080;284;28;31;0;0;28;31
26411;3108;284;28;31;0;0;28;31
26412;3136;284;28;31;0;0;28;31
26413;3164;284;28;31;0;0;28;31
26417;3192;284;28;31;0;0;28;31
26420;3220;284;28;31;0;0;28;31
26426;3248;284;28;31;0;0;28;31
26429;3276;284;28;31;0;0;28;31
26441;3304;284;28;31;0;0;28;31
26448;3332;284;28;31;0;0;28;31
26449;3360;284;28;31;0;0;28;31
26463;3388;284;28;31;0;0;28;31
26465;3416;284;28;31;0;0;28;31
26469;3444;284;28;31;0;0;28;31
26479;3472;284;28;31;0;0;28;31
26481;3500;284;28;31;0;0;28;31
26494;3528;284;28;31;0;0;28;31
26495;3556;284;28;31;0;0;28;31
26512;3584;284;28;31;0;0;28;31
26517;3612;284;28;31;0;0;28;31
26519;3640;284;28;31;0;0;28;31
26522;3668;284;28;31;0;0;28;31
26524;3696;284;28;31;0;0;28;31
26525;3724;284;28;31;0;0;28;31
26528;3752;284;28;31;0;0;28;31
26530;3780;284;28;31;0;0;28;31
26543;3808;284;28;31;0;0;28;31
26550;3836;284;28;31;0;0;28;31
26564;3864;284;28;31;0;0;28;31
26576;3892;284;28;31;0;0;28;31
26579;3920;284;28;31;0;0;28;31
26580;3948;284;28;31;0;0;28;31
26609;3976;284;28;31;0;0;28;31
26611;4004;284;28;31;0;0;28;31
26613;4032;284;28;31;0;0;28;31
26619;4060;284;28;31;0;0;28;31
26623;0;315;28;31;0;0;28;31
26627;28;315;28;31;0;0;28;31
26628;56;315;28;31;0;0;28;31
26643;84;315;28;31;0;0;28;31
26657;112;315;28;31;0;0;28;31
26666;140;315;28;31;0;0;28;31
26680;168;315;28;31;0;0;28;31
26681;196;315;28;31;0;0;28;31
26684;224;315;28;31;0;0;28;31
26685;252;315;28;31;0;0;28;31
26689;280;315;28;31;0;0;28;31
26691;308;315;28;31;0;0;28;31
26696;336;315;28;31;0;0;28;31
26705;364;315;28;31;0;0;28;31
26716;392;315;28;31;0;0;28;31
26719;420;315;28;31;0;0;28;31
26757;448;315;28;31;0;0;28;31
26775;476;315;28;31;0;0;28;31
26792;504;315;28;31;0;0;28;31
26800;532;315;28;31;0;0;28;31
26820;560;315;28;31;0;0;28;31
26827;588;315;28;31;0;0;28;31
26834;616;315;28;31;0;0;28;31
26842;644;315;28;31;0;0;28;31
26847;672;315;28;31;0;0;28;31
26862;700;315;28;31;0;0;28;31
26874;728;315;28;31;0;0;28;31
26885;756;315;28;31;0;0;28;31
26893;784;315;28;31;0;0;28;31
26894;812;315;28;31;0;0;28;31
26908;840;315;28;31;0;0;28;31
26989;868;315;28;31;0;0;28;31
26997;896;315;28;31;0;0;28;31
26999;924;315;28;31;0;0;28;31
27004;952;315;28;31;0;0;28;31
27005;980;315;28;31;0;0;28;31
27010;1008;315;28;31;0;0;28;31
27083;1036;315;28;31;0;0;28;31
27096;1064;315;28;31;0;0;28;31
27133;1092;315;28;31;0;0;28;31
27161;1120;315;28;31;0;0;28;31
27169;1148;315;28;31;0;0;28;31
27177;1176;315;28;31;0;0;28;31
27178;1204;315;28;31;0;0;28;31
27193;1232;315;28;31;0;0;28;31
27211;1260;315;28;31;0;0;28;31
27231;1288;315;28;31;0;0;28;31
27396;1316;315;28;31;0;0;28;31
27424;1344;315;28;31;0;0;28;31
27425;1372;315;28;31;0;0;28;31
27431;1400;315;28;31;0;0;28;31
27442;1428;315;28;31;0;0;28;31
27450;1456;315;28;31;0;0;28;31
27454;1484;315;28;31;0;0;28;31
27468;1512;315;28;31;0;0;28;31
27475;1540;315;28;31;0;0;28;31
27490;1568;315;28;31;0;0;28;31
27491;1596;315;28;31;0;0;28;31
27494;1624;315;28;31;0;0;28;31
27497;1652;315;28;31;0;0;28;31
27503;1680;315;28;31;0;0;28;31
27507;1708;315;28;31;0;0;28;31
27508;1736;315;28;31;0;0;28;31
27515;1764;315;28;31;0;0;28;31
27529;1792;315;28;31;0;0;28;31
27530;1820;315;28;31;0;0;28;31
27531;1848;315;28;31;0;0;28;31
27542;1876;315;28;31;0;0;28;31
27572;1904;315;28;31;0;0;28;31
27573;1932;315;28;31;0;0;28;31
27578;1960;315;28;31;0;0;28;31
27579;1988;315;28;31;0;0;28;31
27583;2016;315;28;31;0;0;28;31
27584;2044;315;28;31;0;0;28;31
27597;2072;315;28;31;0;0;28;31
27598;2100;315;28;31;0;0;28;31
27602;2128;315;28;31;0;0;28;31
27604;2156;315;28;31;0;0;28;31
27611;2184;315;28;31;0;0;28;31
27663;2212;315;28;31;0;0;28;31
27665;2240;315;28;31;0;0;28;31
27671;2268;315;28;31;0;0;28;31
27700;2296;315;28;31;0;0;28;31
27703;2324;315;28;31;0;0;28;31
27704;2352;315;28;31;0;0;28;31
27710;2380;315;28;31;0;0;28;31
27713;2408;315;28;31;0;0;28;31
27714;2436;315;28;31;0;0;28;31
27726;2464;315;28;31;0;0;28;31
27735;2492;315;28;31;0;0;28;31
27738;2520;315;28;31;0;0;28;31
27743;2548;315;28;31;0;0;28;31
27744;2576;315;28;31;0;0;28;31
27760;2604;315;28;31;0;0;28;31
27770;2632;315;28;31;0;0;28;31
27773;2660;315;28;31;0;0;28;31
27779;2688;315;28;31;0;0;28;31
27784;2716;315;28;31;0;0;28;31
27798;2744;315;28;31;0;0;28;31
27801;2772;315;28;31;0;0;28;31
27809;2800;315;28;31;0;0;28;31
27810;2828;315;28;31;0;0;28;31
27827;2856;315;28;31;0;0;28;31
27832;2884;315;28;31;0;0;28;31
27833;2912;315;28;31;0;0;28;31
27835;2940;315;28;31;0;0;28;31
27836;2968;315;28;31;0;0;28;31
27839;2996;315;28;31;0;0;28;31
27841;3024;315;28;31;0;0;28;31
27849;3052;315;28;31;0;0;28;31
27850;3080;315;28;31;0;0;28;31
27852;3108;315;28;31;0;0;28;31
27861;3136;315;28;31;0;0;28;31
27873;3164;315;28;31;0;0;28;31
27874;3192;315;28;31;0;0;28;31
27875;3220;315;28;31;0;0;28;31
27877;3248;315;28;31;0;0;28;31
27880;3276;315;28;31;0;0;28;31
27888;3304;315;28;31;0;0;28;31
27891;3332;315;28;31;0;0;28;31
27915;3360;315;28;31;0;0;28;31
27927;3388;315;28;31;0;0;28;31
27934;3416;315;28;31;0;0;28;31
27941;3444;315;28;31;0;0;28;31
27946;3472;315;28;31;0;0;28;31
27963;3500;315;28;31;0;0;28;31
27966;3528;315;28;31;0;0;28;31
27969;3556;315;28;31;0;0;28;31
27972;3584;315;28;31;0;0;28;31
27973;3612;315;28;31;0;0;28;31
27996;3640;315;28;31;0;0;28;31
28006;3668;315;28;31;0;0;28;31
28010;3696;315;28;31;0;0;28;31
28014;3724;315;28;31;0;0;28;31
28020;3752;315;28;31;0;0;28;31
28023;3780;315;28;31;0;0;28;31
28024;3808;315;28;31;0;0;28;31
28040;3836;315;28;31;0;0;28;31
28057;3864;315;28;31;0;0;28;31
28079;3892;315;28;31;0;0;28;31
28082;3920;315;28;31;0;0;28;31
28092;3948;315;28;31;0;0;28;31
28113;3976;315;28;31;0;0;28;31
28129;4004;315;28;31;0;0;28;31
28139;4032;315;28;31;0;0;28;31
28145;4060;315;28;31;0;0;28;31
28151;0;346;28;31;0;0;28;31
28155;28;346;28;31;0;0;28;31
28165;56;346;28;31;0;0;28;31
28167;84;346;28;31;0;0;28;31
28168;112;346;28;31;0;0;28;31
28169;140;346;28;31;0;0;28;31
28171;168;346;28;31;0;0;28;31
28179;196;346;28;31;0;0;28;31
28187;224;346;28;31;0;0;28;31
28193;252;346;28;31;0;0;28;31
28198;280;346;28;31;0;0;28;31
28201;308;346;28;31;0;0;28;31
28204;336;346;28;31;0;0;28;31
28207;364;346;28;31;0;0;28;31
28246;392;346;28;31;0;0;28;31
28263;420;346;28;31;0;0;28;31
28271;448;346;28;31;0;0;28;31
28286;476;346;28;31;0;0;28;31
28287;504;346;28;31;0;0;28;31
28288;532;346;28;31;0;0;28;31
28304;560;346;28;31;0;0;28;31
28310;588;346;28;31;0;0;28;31
28317;616;346;28;31;0;0;28;31
28342;644;346;28;31;0;0;28;31
28346;672;346;28;31;0;0;28;31
28357;700;346;28;31;0;0;28;31
28363;728;346;28;31;0;0;28;31
28369;756;346;28;31;0;0;28;31
28381;784;346;28;31;0;0;28;31
28382;812;346;28;31;0;0;28;31
28404;840;346;28;31;0;0;28;31
28417;868;346;28;31;0;0;28;31
28418;896;346;28;31;0;0;28;31
28422;924;346;28;31;0;0;28;31
28431;952;346;28;31;0;0;28;31
28436;980;346;28;31;0;0;28;31
28448;1008;346;28;31;0;0;28;31
28450;1036;346;28;31;0;0;28;31
28459;1064;346;28;31;0;0;28;31
28460;1092;346;28;31;0;0;28;31
28472;1120;346;28;31;0;0;28;31
28500;1148;346;28;31;0;0;28;31
28508;1176;346;28;31;0;0;28;31
28511;1204;346;28;31;0;0;28;31
28516;1232;346;28;31;0;0;28;31
28526;1260;346;28;31;0;0;28;31
28528;1288;346;28;31;0;0;28;31
28548;1316;346;28;31;0;0;28;31
28608;1344;346;28;31;0;0;28;31
28609;1372;346;28;31;0;0;28;31
28611;1400;346;28;31;0;0;28;31
28651;1428;346;28;31;0;0;28;31
28655;1456;346;28;31;0;0;28;31
28716;1484;346;28;31;0;0;28;31
28779;1512;346;28;31;0;0;28;31
28783;1540;346;28;31;0;0;28;31
28784;1568;346;28;31;0;0;28;31
28797;1596;346;28;31;0;0;28;31
28809;1624;346;28;31;0;0;28;31
28810;1652;346;28;31;0;0;28;31
28814;1680;346;28;31;0;0;28;31
28845;1708;346;28;31;0;0;28;31
28857;1736;346;28;31;0;0;28;31
28858;1764;346;28;31;0;0;28;31
28872;1792;346;28;31;0;0;28;31
28961;1820;346;28;31;0;0;28;31
28966;1848;346;28;31;0;0;28;31
28982;1876;346;28;31;0;0;28;31
28988;1904;346;28;31;0;0;28;31
29006;1932;346;28;31;0;0;28;31
29017;1960;346;28;31;0;0;28;31
29031;1988;346;28;31;0;0;28;31
29033;2016;346;28;31;0;0;28;31
29038;2044;346;28;31;0;0;28;31
29066;2072;346;28;31;0;0;28;31
29087;2100;346;28;31;0;0;28;31
29105;2128;346;28;31;0;0;28;31
29123;2156;346;28;31;0;0;28;31
29157;2184;346;28;31;0;0;28;31
29190;2212;346;28;31;0;0;28;31
29226;2240;346;28;31;0;0;28;31
29237;2268;346;28;31;0;0;28;31
29238;2296;346;28;31;0;0;28;31
29245;2324;346;28;31;0;0;28;31
29255;2352;346;28;31;0;0;28;31
29256;2380;346;28;31;0;0;28;31
29273;2408;346;28;31;0;0;28;31
29275;2436;346;28;31;0;0;28;31
29287;2464;346;28;31;0;0;28;31
29289;2492;346;28;31;0;0;28;31
29298;2520;346;28;31;0;0;28;31
29305;2548;346;28;31;0;0;28;31
29344;2576;346;28;31;0;0;28;31
29356;2604;346;28;31;0;0;28;31
29359;2632;346;28;31;0;0;28;31
29366;2660;346;28;31;0;0;28;31
29378;2688;346;28;31;0;0;28;31
29401;2716;346;28;31;0;0;28;31
29417;2744;346;28;31;0;0;28;31
29420;2772;346;28;31;0;0;28;31
29421;2800;346;28;31;0;0;28;31
29467;2828;346;28;31;0;0;28;31
29471;2856;346;28;31;0;0;28;31
29483;2884;346;28;31;0;0;28;31
29486;2912;346;28;31;0;0;28;31
29494;2940;346;28;31;0;0;28;31
29503;2968;346;28;31;0;0;28;31
29508;2996;346;28;31;0;0;28;31
29539;3024;346;28;31;0;0;28;31
29554;3052;346;28;31;0;0;28;31
29572;3080;346;28;31;0;0;28;31
29575;3108;346;28;31;0;0;28;31
29577;3136;346;28;31;0;0;28;31
29579;3164;346;28;31;0;0;28;31
29609;3192;346;28;31;0;0;28;31
29645;3220;346;28;31;0;0;28;31
29664;3248;346;28;31;0;0;28;31
29677;3276;346;28;31;0;0;28;31
29694;3304;346;28;31;0;0;28;31
29699;3332;346;28;31;0;0;28;31
29702;3360;346;28;31;0;0;28;31
29748;3388;346;28;31;0;0;28;31
29792;3416;346;28;31;0;0;28;31
29827;3444;346;28;31;0;0;28;31
29863;3472;346;28;31;0;0;28;31
29872;3500;346;28;31;0;0;28;31
29885;3528;346;28;31;0;0;28;31
29926;3556;346;28;31;0;0;28;31
29942;3584;346;28;31;0;0;28;31
29976;3612;346;28;31;0;0;28;31
29978;3640;346;28;31;0;0;28;31
29983;3668;346;28;31;0;0;28;31
29987;3696;346;28;31;0;0;28;31
29992;3724;346;28;31;0;0;28;31
30000;3752;346;28;31;0;0;28;31
30001;3780;346;28;31;0;0;28;31
30002;3808;346;28;31;0;0;28;31
30003;3836;346;28;31;0;0;28;31
30007;3864;346;28;31;0;0;28;31
30010;3892;346;28;31;0;0;28;31
30011;3920;346;28;31;0;0;28;31
30028;3948;346;28;31;0;0;28;31
30031;3976;346;28;31;0;0;28;31
30033;4004;346;28;31;0;0;28;31
30036;4032;346;28;31;0;0;28;31
30041;4060;346;28;31;0;0;28;31
30044;0;377;28;31;0;0;28;31
30045;28;377;28;31;0;0;28;31
30053;56;377;28;31;0;0;28;31
30058;84;377;28;31;0;0;28;31
30064;112;377;28;31;0;0;28;31
30067;140;377;28;31;0;0;28;31
30079;168;377;28;31;0;0;28;31
30094;196;377;28;31;0;0;28;31
30097;224;377;28;31;0;0;28;31
30123;252;377;28;31;0;0;28;31
30130;280;377;28;31;0;0;28;31
30142;308;377;28;31;0;0;28;31
30149;336;377;28;31;0;0;28;31
30151;364;377;28;31;0;0;28;31
30165;392;377;28;31;0;0;28;31
30168;420;377;28;31;0;0;28;31
30171;448;377;28;31;0;0;28;31
30178;476;377;28;31;0;0;28;31
30185;504;377;28;31;0;0;28;31
30196;532;377;28;31;0;0;28;31
30221;560;377;28;31;0;0;28;31
30274;588;377;28;31;0;0;28;31
30290;616;377;28;31;0;0;28;31
30294;644;377;28;31;0;0;28;31
30330;672;377;28;31;0;0;28;31
30331;700;377;28;31;0;0;28;31
30333;728;377;28;31;0;0;28;31
30334;756;377;28;31;0;0;28;31
30340;784;377;28;31;0;0;28;31
30342;812;377;28;31;0;0;28;31
30343;840;377;28;31;0;0;28;31
30382;868;377;28;31;0;0;28;31
30399;896;377;28;31;0;0;28;31
30406;924;377;28;31;0;0;28;31
30410;952;377;28;31;0;0;28;31
30423;980;377;28;31;0;0;28;31
30427;1008;377;28;31;0;0;28;31
30431;1036;377;28;31;0;0;28;31
30435;1064;377;28;31;0;0;28;31
30436;1092;377;28;31;0;0;28;31
30446;1120;377;28;31;0;0;28;31
30450;1148;377;28;31;0;0;28;31
30452;1176;377;28;31;0;0;28;31
30456;1204;377;28;31;0;0;28;31
30462;1232;377;28;31;0;0;28;31
30465;1260;377;28;31;0;0;28;31
30473;1288;377;28;31;0;0;28;31
30475;1316;377;28;31;0;0;28;31
30476;1344;377;28;31;0;0;28;31
30495;1372;377;28;31;0;0;28;31
30496;1400;377;28;31;0;0;28;31
30522;1428;377;28;31;0;0;28;31
30524;1456;377;28;31;0;0;28;31
30528;1484;377;28;31;0;0;28;31
30561;1512;377;28;31;0;0;28;31
30563;1540;377;28;31;0;0;28;31
30566;1568;377;28;31;0;0;28;31
30636;1596;377;28;31;0;0;28;31
30637;1624;377;28;31;0;0;28;31
30643;1652;377;28;31;0;0;28;31
30683;1680;377;28;31;0;0;28;31
30690;1708;377;28;31;0;0;28;31
30693;1736;377;28;31;0;0;28;31
30701;1764;377;28;31;0;0;28;31
30703;1792;377;28;31;0;0;28;31
30707;1820;377;28;31;0;0;28;31
30722;1848;377;28;31;0;0;28;31
30740;1876;377;28;31;0;0;28;31
30741;1904;377;28;31;0;0;28;31
30770;1932;377;28;31;0;0;28;31
30772;1960;377;28;31;0;0;28;31
30813;1988;377;28;31;0;0;28;31
30827;2016;377;28;31;0;0;28;31
30828;2044;377;28;31;0;0;28;31
30849;2072;377;28;31;0;0;28;31
30865;2100;377;28;31;0;0;28;31
30906;2128;377;28;31;0;0;28;31
30913;2156;377;28;31;0;0;28;31
30952;2184;377;28;31;0;0;28;31
30977;2212;377;28;31;0;0;28;31
30990;2240;377;28;31;0;0;28;31
31034;2268;377;28;31;0;0;28;31
31036;2296;377;28;31;0;0;28;31
31038;2324;377;28;31;0;0;28;31
31048;2352;377;28;31;0;0;28;31
31049;2380;377;28;31;0;0;28;31
31062;2408;377;28;31;0;0;28;31
31069;2436;377;28;31;0;0;28;31
31070;2464;377;28;31;0;0;28;31
31077;2492;377;28;31;0;0;28;31
31080;2520;377;28;31;0;0;28;31
31085;2548;377;28;31;0;0;28;31
31105;2576;377;28;31;0;0;28;31
31109;2604;377;28;31;0;0;28;31
31117;2632;377;28;31;0;0;28;31
31119;2660;377;28;31;0;0;28;31
31168;2688;377;28;31;0;0;28;31
31169;2716;377;28;31;0;0;28;31
31179;2744;377;28;31;0;0;28;31
31185;2772;377;28;31;0;0;28;31
31186;2800;377;28;31;0;0;28;31
31192;2828;377;28;31;0;0;28;31
31199;2856;377;28;31;0;0;28;31
31209;2884;377;28;31;0;0;28;31
31216;2912;377;28;31;0;0;28;31
31227;2940;377;28;31;0;0;28;31
31243;2968;377;28;31;0;0;28;31
31246;2996;377;28;31;0;0;28;31
31258;3024;377;28;31;0;0;28;31
31278;3052;377;28;31;0;0;28;31
31282;3080;377;28;31;0;0;28;31
31292;3108;377;28;31;0;0;28;31
31293;3136;377;28;31;0;0;28;31
31295;3164;377;28;31;0;0;28;31
31296;3192;377;28;31;0;0;28;31
31298;3220;377;28;31;0;0;28;31
31309;3248;377;28;31;0;0;28;31
31311;3276;377;28;31;0;0;28;31
31339;3304;377;28;31;0;0;28;31
31348;3332;377;28;31;0;0;28;31
31350;3360;377;28;31;0;0;28;31
31354;3388;377;28;31;0;0;28;31
31361;3416;377;28;31;0;0;28;31
31363;3444;377;28;31;0;0;28;31
31378;3472;377;28;31;0;0;28;31
31379;3500;377;28;31;0;0;28;31
31391;3528;377;28;31;0;0;28;31
31406;3556;377;28;31;0;0;28;31
31407;3584;377;28;31;0;0;28;31
31435;3612;377;28;31;0;0;28;31
31452;3640;377;28;31;0;0;28;31
31456;3668;377;28;31;0;0;28;31
31461;3696;377;28;31;0;0;28;31
31471;3724;377;28;31;0;0;28;31
31478;3752;377;28;31;0;0;28;31
31481;3780;377;28;31;0;0;28;31
31505;3808;377;28;31;0;0;28;31
31515;3836;377;28;31;0;0;28;31
31526;3864;377;28;31;0;0;28;31
31532;3892;377;28;31;0;0;28;31
31558;3920;377;28;31;0;0;28;31
31561;3948;377;28;31;0;0;28;31
31563;3976;377;28;31;0;0;28;31
31570;4004;377;28;31;0;0;28;31
31572;4032;377;28;31;0;0;28;31
31574;4060;377;28;31;0;0;28;31
31623;0;408;28;31;0;0;28;31
31627;28;408;28;31;0;0;28;31
31639;56;408;28;31;0;0;28;31
31649;84;408;28;31;0;0;28;31
31665;112;408;28;31;0;0;28;31
31672;140;408;28;31;0;0;28;31
31680;168;408;28;31;0;0;28;31
31684;196;408;28;31;0;0;28;31
31689;224;408;28;31;0;0;28;31
31716;252;408;28;31;0;0;28;31
31777;280;408;28;31;0;0;28;31
31807;308;408;28;31;0;0;28;31
31821;336;408;28;31;0;0;28;31
31840;364;408;28;31;0;0;28;31
31859;392;408;28;31;0;0;28;31
31881;420;408;28;31;0;0;28;31
31883;448;408;28;31;0;0;28;31
31890;476;408;28;31;0;0;28;31
31895;504;408;28;31;0;0;28;31
31896;532;408;28;31;0;0;28;31
31899;560;408;28;31;0;0;28;31
31911;588;408;28;31;0;0;28;31
31934;616;408;28;31;0;0;28;31
31958;644;408;28;31;0;0;28;31
31975;672;408;28;31;0;0;28;31
31992;700;408;28;31;0;0;28;31
31995;728;408;28;31;0;0;28;31
31998;756;408;28;31;0;0;28;31
32000;784;408;28;31;0;0;28;31
32004;812;408;28;31;0;0;28;31
32005;840;408;28;31;0;0;28;31
32011;868;408;28;31;0;0;28;31
32013;896;408;28;31;0;0;28;31
32020;924;408;28;31;0;0;28;31
32025;952;408;28;31;0;0;28;31
32026;980;408;28;31;0;0;28;31
32027;1008;408;28;31;0;0;28;31
32032;1036;408;28;31;0;0;28;31
32033;1064;408;28;31;0;0;28;31
32034;1092;408;28;31;0;0;28;31
32043;1120;408;28;31;0;0;28;31
32047;1148;408;28;31;0;0;28;31
32048;1176;408;28;31;0;0;28;31
32051;1204;408;28;31;0;0;28;31
32057;1232;408;28;31;0;0;28;31
32058;1260;408;28;31;0;0;28;31
32066;1288;408;28;31;0;0;28;31
32068;1316;408;28;31;0;0;28;31
32076;1344;408;28;31;0;0;28;31
32080;1372;408;28;31;0;0;28;31
32094;1400;408;28;31;0;0;28;31
32097;1428;408;28;31;0;0;28;31
32102;1456;408;28;31;0;0;28;31
32113;1484;408;28;31;0;0;28;31
32117;1512;408;28;31;0;0;28;31
32118;1540;408;28;31;0;0;28;31
32121;1568;408;28;31;0;0;28;31
32153;1596;408;28;31;0;0;28;31
32154;1624;408;28;31;0;0;28;31
32173;1652;408;28;31;0;0;28;31
32177;1680;408;28;31;0;0;28;31
32178;1708;408;28;31;0;0;28;31
32187;1736;408;28;31;0;0;28;31
32191;1764;408;28;31;0;0;28;31
32202;1792;408;28;31;0;0;28;31
32207;1820;408;28;31;0;0;28;31
32209;1848;408;28;31;0;0;28;31
32210;1876;408;28;31;0;0;28;31
32218;1904;408;28;31;0;0;28;31
32224;1932;408;28;31;0;0;28;31
32232;1960;408;28;31;0;0;28;31
32233;1988;408;28;31;0;0;28;31
32239;2016;408;28;31;0;0;28;31
32244;2044;408;28;31;0;0;28;31
32251;2072;408;28;31;0;0;28;31
32257;2100;408;28;31;0;0;28;31
32260;2128;408;28;31;0;0;28;31
32283;2156;408;28;31;0;0;28;31
32294;2184;408;28;31;0;0;28;31
32299;2212;408;28;31;0;0;28;31
32302;2240;408;28;31;0;0;28;31
32318;2268;408;28;31;0;0;28;31
32321;2296;408;28;31;0;0;28;31
32330;2324;408;28;31;0;0;28;31
32340;2352;408;28;31;0;0;28;31
32341;2380;408;28;31;0;0;28;31
32365;2408;408;28;31;0;0;28;31
32368;2436;408;28;31;0;0;28;31
32566;2464;408;28;31;0;0;28;31
32618;2492;408;28;31;0;0;28;31
32622;2520;408;28;31;0;0;28;31
32624;2548;408;28;31;0;0;28;31
32626;2576;408;28;31;0;0;28;31
32629;2604;408;28;31;0;0;28;31
32631;2632;408;28;31;0;0;28;31
32645;2660;408;28;31;0;0;28;31
32650;2688;408;28;31;0;0;28;31
32654;2716;408;28;31;0;0;28;31
32670;2744;408;28;31;0;0;28;31
32676;2772;408;28;31;0;0;28;31
32680;2800;408;28;31;0;0;28;31
32681;2828;408;28;31;0;0;28;31
32701;2856;408;28;31;0;0;28;31
32705;2884;408;28;31;0;0;28;31
32716;2912;408;28;31;0;0;28;31
32722;2940;408;28;31;0;0;28;31
32763;2968;408;28;31;0;0;28;31
32764;2996;408;28;31;0;0;28;31
32769;3024;408;28;31;0;0;28;31
32771;3052;408;28;31;0;0;28;31
32773;3080;408;28;31;0;0;28;31
32784;3108;408;28;31;0;0;28;31
32789;3136;408;28;31;0;0;28;31
32791;3164;408;28;31;0;0;28;31
32819;3192;408;28;31;0;0;28;31
32854;3220;408;28;31;0;0;28;31
32862;3248;408;28;31;0;0;28;31
32884;3276;408;28;31;0;0;28;31
32887;3304;408;28;31;0;0;28;31
32905;3332;408;28;31;0;0;28;31
32908;3360;408;28;31;0;0;28;31
32918;3388;408;28;31;0;0;28;31
32920;3416;408;28;31;0;0;28;31
32925;3444;408;28;31;0;0;28;31
32929;3472;408;28;31;0;0;28;31
32930;3500;408;28;31;0;0;28;31
32933;3528;408;28;31;0;0;28;31
32937;3556;408;28;31;0;0;28;31
32938;3584;408;28;31;0;0;28;31
32943;3612;408;28;31;0;0;28;31
32946;3640;408;28;31;0;0;28;31
32954;3668;408;28;31;0;0;28;31
32963;3696;408;28;31;0;0;28;31
32966;3724;408;28;31;0;0;28;31
32972;3752;408;28;31;0;0;28;31
32974;3780;408;28;31;0;0;28;31
32990;3808;408;28;31;0;0;28;31
33012;3836;408;28;31;0;0;28;31
33016;3864;408;28;31;0;0;28;31
33021;3892;408;28;31;0;0;28;31
33026;3920;408;28;31;0;0;28;31
33029;3948;408;28;31;0;0;28;31
33031;3976;408;28;31;0;0;28;31
33032;4004;408;28;31;0;0;28;31
33034;4032;408;28;31;0;0;28;31
33050;4060;408;28;31;0;0;28;31
33073;0;439;28;31;0;0;28;31
33075;28;439;28;31;0;0;28;31
33102;56;439;28;31;0;0;28;31
33104;84;439;28;31;0;0;28;31
33109;112;439;28;31;0;0;28;31
33131;140;439;28;31;0;0;28;31
33136;168;439;28;31;0;0;28;31
33144;196;439;28;31;0;0;28;31
33145;224;439;28;31;0;0;28;31
33146;252;439;28;31;0;0;28;31
33178;280;439;28;31;0;0;28;31
33180;308;439;28;31;0;0;28;31
33181;336;439;28;31;0;0;28;31
33192;364;439;28;31;0;0;28;31
33203;392;439;28;31;0;0;28;31
33222;420;439;28;31;0;0;28;31
33235;448;439;28;31;0;0;28;31
33251;476;439;28;31;0;0;28;31
33256;504;439;28;31;0;0;28;31
33258;532;439;28;31;0;0;28;31
33261;560;439;28;31;0;0;28;31
33267;588;439;28;31;0;0;28;31
33268;616;439;28;31;0;0;28;31
33276;644;439;28;31;0;0;28;31
33288;672;439;28;31;0;0;28;31
33292;700;439;28;31;0;0;28;31
33294;728;439;28;31;0;0;28;31
33303;756;439;28;31;0;0;28;31
33310;784;439;28;31;0;0;28;31
33311;812;439;28;31;0;0;28;31
33322;840;439;28;31;0;0;28;31
33324;868;439;28;31;0;0;28;31
33334;896;439;28;31;0;0;28;31
33335;924;439;28;31;0;0;28;31
33337;952;439;28;31;0;0;28;31
33351;980;439;28;31;0;0;28;31
33382;1008;439;28;31;0;0;28;31
33391;1036;439;28;31;0;0;28;31
33394;1064;439;28;31;0;0;28;31
33398;1092;439;28;31;0;0;28;31
33419;1120;439;28;31;0;0;28;31
33437;1148;439;28;31;0;0;28;31
33455;1176;439;28;31;0;0;28;31
33457;1204;439;28;31;0;0;28;31
33459;1232;439;28;31;0;0;28;31
33464;1260;439;28;31;0;0;28;31
33469;1288;439;28;31;0;0;28;31
33495;1316;439;28;31;0;0;28;31
33499;1344;439;28;31;0;0;28;31
33509;1372;439;28;31;0;0;28;31
33510;1400;439;28;31;0;0;28;31
33521;1428;439;28;31;0;0;28;31
33538;1456;439;28;31;0;0;28;31
33550;1484;439;28;31;0;0;28;31
33576;1512;439;28;31;0;0;28;31
33590;1540;439;28;31;0;0;28;31
33609;1568;439;28;31;0;0;28;31
33618;1596;439;28;31;0;0;28;31
33624;1624;439;28;31;0;0;28;31
33655;1652;439;28;31;0;0;28;31
33738;1680;439;28;31;0;0;28;31
33740;1708;439;28;31;0;0;28;31
33747;1736;439;28;31;0;0;28;31
33756;1764;439;28;31;0;0;28;31
33775;1792;439;28;31;0;0;28;31
33806;1820;439;28;31;0;0;28;31
33853;1848;439;28;31;0;0;28;31
33865;1876;439;28;31;0;0;28;31
33879;1904;439;28;31;0;0;28;31
33883;1932;439;28;31;0;0;28;31
33900;1960;439;28;31;0;0;28;31
33976;1988;439;28;31;0;0;28;31
33988;2016;439;28;31;0;0;28;31
33995;2044;439;28;31;0;0;28;31
34065;2072;439;28;31;0;0;28;31
34101;2100;439;28;31;0;0;28;31
34109;2128;439;28;31;0;0;28;31
34180;2156;439;28;31;0;0;28;31
34214;2184;439;28;31;0;0;28;31
34218;2212;439;28;31;0;0;28;31
34219;2240;439;28;31;0;0;28;31
34220;2268;439;28;31;0;0;28;31
34253;2296;439;28;31;0;0;28;31
34276;2324;439;28;31;0;0;28;31
34281;2352;439;28;31;0;0;28;31
34299;2380;439;28;31;0;0;28;31
34382;2408;439;28;31;0;0;28;31
34384;2436;439;28;31;0;0;28;31
34394;2464;439;28;31;0;0;28;31
34396;2492;439;28;31;0;0;28;31
34398;2520;439;28;31;0;0;28;31
34411;2548;439;28;31;0;0;28;31
34425;2576;439;28;31;0;0;28;31
34442;2604;439;28;31;0;0;28;31
34453;2632;439;28;31;0;0;28;31
34503;2660;439;28;31;0;0;28;31
34509;2688;439;28;31;0;0;28;31
34542;2716;439;28;31;0;0;28;31
34562;2744;439;28;31;0;0;28;31
34588;2772;439;28;31;0;0;28;31
34701;2800;439;28;31;0;0;28;31
34880;2828;439;28;31;0;0;28;31
34886;2856;439;28;31;0;0;28;31
34892;2884;439;28;31;0;0;28;31
34899;2912;439;28;31;0;0;28;31
34903;2940;439;28;31;0;0;28;31
34907;2968;439;28;31;0;0;28;31
34909;2996;439;28;31;0;0;28;31
34913;3024;439;28;31;0;0;28;31
34915;3052;439;28;31;0;0;28;31
34920;3080;439;28;31;0;0;28;31
34928;3108;439;28;31;0;0;28;31
34935;3136;439;28;31;0;0;28;31
34955;3164;439;28;31;0;0;28;31
34966;3192;439;28;31;0;0;28;31
34987;3220;439;28;31;0;0;28;31
35009;3248;439;28;31;0;0;28;31
35010;3276;439;28;31;0;0;28;31
35013;3304;439;28;31;0;0;28;31
35023;3332;439;28;31;0;0;28;31
35029;3360;439;28;31;0;0;28;31
35036;3388;439;28;31;0;0;28;31
35064;3416;439;28;31;0;0;28;31
35069;3444;439;28;31;0;0;28;31
35070;3472;439;28;31;0;0;28;31
35079;3500;439;28;31;0;0;28;31
35088;3528;439;28;31;0;0;28;31
35090;3556;439;28;31;0;0;28;31
35167;3584;439;28;31;0;0;28;31
35186;3612;439;28;31;0;0;28;31
35199;3640;439;28;31;0;0;28;31
35201;3668;439;28;31;0;0;28;31
35206;3696;439;28;31;0;0;28;31
35207;3724;439;28;31;0;0;28;31
35211;3752;439;28;31;0;0;28;31
35215;3780;439;28;31;0;0;28;31
35222;3808;439;28;31;0;0;28;31
35226;3836;439;28;31;0;0;28;31
35239;3864;439;28;31;0;0;28;31
35242;3892;439;28;31;0;0;28;31
35251;3920;439;28;31;0;0;28;31
35282;3948;439;28;31;0;0;28;31
35299;3976;439;28;31;0;0;28;31
35302;4004;439;28;31;0;0;28;31
35328;4032;439;28;31;0;0;28;31
35330;4060;439;28;31;0;0;28;31
35331;0;470;28;31;0;0;28;31
35336;28;470;28;31;0;0;28;31
35342;56;470;28;31;0;0;28;31
35347;84;470;28;31;0;0;28;31
35351;112;470;28;31;0;0;28;31
35352;140;470;28;31;0;0;28;31
35359;168;470;28;31;0;0;28;31
35370;196;470;28;31;0;0;28;31
35373;224;470;28;31;0;0;28;31
35377;252;470;28;31;0;0;28;31
35379;280;470;28;31;0;0;28;31
35380;308;470;28;31;0;0;28;31
35386;336;470;28;31;0;0;28;31
35388;364;470;28;31;0;0;28;31
35408;392;470;28;31;0;0;28;31
35412;420;470;28;31;0;0;28;31
35413;448;470;28;31;0;0;28;31
35422;476;470;28;31;0;0;28;31
35424;504;470;28;31;0;0;28;31
35427;532;470;28;31;0;0;28;31
35430;560;470;28;31;0;0;28;31
35433;588;470;28;31;0;0;28;31
35438;616;470;28;31;0;0;28;31
35440;644;470;28;31;0;0;28;31
35441;672;470;28;31;0;0;28;31
35442;700;470;28;31;0;0;28;31
35443;728;470;28;31;0;0;28;31
35463;756;470;28;31;0;0;28;31
35465;784;470;28;31;0;0;28;31
35468;812;470;28;31;0;0;28;31
35469;840;470;28;31;0;0;28;31
35475;868;470;28;31;0;0;28;31
35477;896;470;28;31;0;0;28;31
35480;924;470;28;31;0;0;28;31
35486;952;470;28;31;0;0;28;31
35488;980;470;28;31;0;0;28;31
35492;1008;470;28;31;0;0;28;31
35500;1036;470;28;31;0;0;28;31
35501;1064;470;28;31;0;0;28;31
35504;1092;470;28;31;0;0;28;31
35506;1120;470;28;31;0;0;28;31
35519;1148;470;28;31;0;0;28;31
35527;1176;470;28;31;0;0;28;31
35531;1204;470;28;31;0;0;28;31
35542;1232;470;28;31;0;0;28;31
35558;1260;470;28;31;0;0;28;31
35559;1288;470;28;31;0;0;28;31
35565;1316;470;28;31;0;0;28;31
35566;1344;470;28;31;0;0;28;31
35576;1372;470;28;31;0;0;28;31
35582;1400;470;28;31;0;0;28;31
35584;1428;470;28;31;0;0;28;31
35585;1456;470;28;31;0;0;28;31
35588;1484;470;28;31;0;0;28;31
35598;1512;470;28;31;0;0;28;31
35609;1540;470;28;31;0;0;28;31
35611;1568;470;28;31;0;0;28;31
35613;1596;470;28;31;0;0;28;31
35617;1624;470;28;31;0;0;28;31
35641;1652;470;28;31;0;0;28;31
35672;1680;470;28;31;0;0;28;31
35676;1708;470;28;31;0;0;28;31
35686;1736;470;28;31;0;0;28;31
35696;1764;470;28;31;0;0;28;31
35698;1792;470;28;31;0;0;28;31
35703;1820;470;28;31;0;0;28;31
35895;1848;470;28;31;0;0;28;31
35910;1876;470;28;31;0;0;28;31
35914;1904;470;28;31;0;0;28;31
35930;1932;470;28;31;0;0;28;31
35937;1960;470;28;31;0;0;28;31
35946;1988;470;28;31;0;0;28;31
35980;2016;470;28;31;0;0;28;31
35997;2044;470;28;31;0;0;28;31
35998;2072;470;28;31;0;0;28;31
36000;2100;470;28;31;0;0;28;31
36001;2128;470;28;31;0;0;28;31
36002;2156;470;28;31;0;0;28;31
36007;2184;470;28;31;0;0;28;31
36008;2212;470;28;31;0;0;28;31
36009;2240;470;28;31;0;0;28;31
36010;2268;470;28;31;0;0;28;31
36011;2296;470;28;31;0;0;28;31
36012;2324;470;28;31;0;0;28;31
36015;2352;470;28;31;0;0;28;31
36020;2380;470;28;31;0;0;28;31
36023;2408;470;28;31;0;0;28;31
36024;2436;470;28;31;0;0;28;31
36027;2464;470;28;31;0;0;28;31
36028;2492;470;28;31;0;0;28;31
36031;2520;470;28;31;0;0;28;31
36032;2548;470;28;31;0;0;28;31
36034;2576;470;28;31;0;0;28;31
36035;2604;470;28;31;0;0;28;31
36036;2632;470;28;31;0;0;28;31
36039;2660;470;28;31;0;0;28;31
36042;2688;470;28;31;0;0;28;31
36051;2716;470;28;31;0;0;28;31
36059;2744;470;28;31;0;0;28;31
36060;2772;470;28;31;0;0;28;31
36062;2800;470;28;31;0;0;28;31
36064;2828;470;28;31;0;0;28;31
36066;2856;470;28;31;0;0;28;31
36070;2884;470;28;31;0;0;28;31
36074;2912;470;28;31;0;0;28;31
36077;2940;470;28;31;0;0;28;31
36092;2968;470;28;31;0;0;28;31
36104;2996;470;28;31;0;0;28;31
36196;3024;470;28;31;0;0;28;31
36198;3052;470;28;31;0;0;28;31
36208;3080;470;28;31;0;0;28;31
36212;3108;470;28;31;0;0;28;31
36215;3136;470;28;31;0;0;28;31
36229;3164;470;28;31;0;0;28;31
36234;3192;470;28;31;0;0;28;31
36259;3220;470;28;31;0;0;28;31
36275;3248;470;28;31;0;0;28;31
36317;3276;470;28;31;0;0;28;31
36321;3304;470;28;31;0;0;28;31
36335;3332;470;28;31;0;0;28;31
36339;3360;470;28;31;0;0;28;31
36341;3388;470;28;31;0;0;28;31
36362;3416;470;28;31;0;0;28;31
36367;3444;470;28;31;0;0;28;31
36394;3472;470;28;31;0;0;28;31
36468;3500;470;28;31;0;0;28;31
36493;3528;470;28;31;0;0;28;31
36523;3556;470;28;31;0;0;28;31
36554;3584;470;28;31;0;0;28;31
36556;3612;470;28;31;0;0;28;31
36557;3640;470;28;31;0;0;28;31
36562;3668;470;28;31;0;0;28;31
36575;3696;470;28;31;0;0;28;31
36578;3724;470;28;31;0;0;28;31
36600;3752;470;28;31;0;0;28;31
36605;3780;470;28;31;0;0;28;31
36611;3808;470;28;31;0;0;28;31
36617;3836;470;28;31;0;0;28;31
36637;3864;470;28;31;0;0;28;31
36649;3892;470;28;31;0;0;28;31
36650;3920;470;28;31;0;0;28;31
36664;3948;470;28;31;0;0;28;31
36676;3976;470;28;31;0;0;28;31
36763;4004;470;28;31;0;0;28;31
36766;4032;470;28;31;0;0;28;31
36771;4060;470;28;31;0;0;28;31
36785;0;501;28;31;0;0;28;31
36786;28;501;28;31;0;0;28;31
36794;56;501;28;31;0;0;28;31
36796;84;501;28;31;0;0;28;31
36805;112;501;28;31;0;0;28;31
36814;140;501;28;31;0;0;28;31
36817;168;501;28;31;0;0;28;31
36820;196;501;28;31;0;0;28;31
36843;224;501;28;31;0;0;28;31
36845;252;501;28;31;0;0;28;31
36848;280;501;28;31;0;0;28;31
36855;308;501;28;31;0;0;28;31
36861;336;501;28;31;0;0;28;31
36864;364;501;28;31;0;0;28;31
36865;392;501;28;31;0;0;28;31
36867;420;501;28;31;0;0;28;31
36870;448;501;28;31;0;0;28;31
36879;476;501;28;31;0;0;28;31
36880;504;501;28;31;0;0;28;31
36883;532;501;28;31;0;0;28;31
36884;560;501;28;31;0;0;28;31
36890;588;501;28;31;0;0;28;31
36893;616;501;28;31;0;0;28;31
36895;644;501;28;31;0;0;28;31
36896;672;501;28;31;0;0;28;31
36899;700;501;28;31;0;0;28;31
36910;728;501;28;31;0;0;28;31
36913;756;501;28;31;0;0;28;31
36914;784;501;28;31;0;0;28;31
36920;812;501;28;31;0;0;28;31
36930;840;501;28;31;0;0;28;31
36933;868;501;28;31;0;0;28;31
36935;896;501;28;31;0;0;28;31
36938;924;501;28;31;0;0;28;31
36939;952;501;28;31;0;0;28;31
36941;980;501;28;31;0;0;28;31
36942;1008;501;28;31;0;0;28;31
36947;1036;501;28;31;0;0;28;31
36948;1064;501;28;31;0;0;28;31
36949;1092;501;28;31;0;0;28;31
36956;1120;501;28;31;0;0;28;31
36960;1148;501;28;31;0;0;28;31
36961;1176;501;28;31;0;0;28;31
36963;1204;501;28;31;0;0;28;31
36969;1232;501;28;31;0;0;28;31
36973;1260;501;28;31;0;0;28;31
36974;1288;501;28;31;0;0;28;31
36981;1316;501;28;31;0;0;28;31
36983;1344;501;28;31;0;0;28;31
36984;1372;501;28;31;0;0;28;31
36986;1400;501;28;31;0;0;28;31
36991;1428;501;28;31;0;0;28;31
36996;1456;501;28;31;0;0;28;31
37027;1484;501;28;31;0;0;28;31
37030;1512;501;28;31;0;0;28;31
37034;1540;501;28;31;0;0;28;31
37048;1568;501;28;31;0;0;28;31
37066;1596;501;28;31;0;0;28;31
37070;1624;501;28;31;0;0;28;31
37089;1652;501;28;31;0;0;28;31
37096;1680;501;28;31;0;0;28;31
37101;1708;501;28;31;0;0;28;31
37109;1736;501;28;31;0;0;28;31
37111;1764;501;28;31;0;0;28;31
37117;1792;501;28;31;0;0;28;31
37196;1820;501;28;31;0;0;28;31
37197;1848;501;28;31;0;0;28;31
37198;1876;501;28;31;0;0;28;31
37202;1904;501;28;31;0;0;28;31
37204;1932;501;28;31;0;0;28;31
37218;1960;501;28;31;0;0;28;31
37226;1988;501;28;31;0;0;28;31
37228;2016;501;28;31;0;0;28;31
37237;2044;501;28;31;0;0;28;31
37239;2072;501;28;31;0;0;28;31
37240;2100;501;28;31;0;0;28;31
37266;2128;501;28;31;0;0;28;31
37276;2156;501;28;31;0;0;28;31
37304;2184;501;28;31;0;0;28;31
37319;2212;501;28;31;0;0;28;31
37320;2240;501;28;31;0;0;28;31
37324;2268;501;28;31;0;0;28;31
37325;2296;501;28;31;0;0;28;31
37326;2324;501;28;31;0;0;28;31
37327;2352;501;28;31;0;0;28;31
37329;2380;501;28;31;0;0;28;31
37340;2408;501;28;31;0;0;28;31
37341;2436;501;28;31;0;0;28;31
37347;2464;501;28;31;0;0;28;31
37389;2492;501;28;31;0;0;28;31
37428;2520;501;28;31;0;0;28;31
37444;2548;501;28;31;0;0;28;31
37467;2576;501;28;31;0;0;28;31
37474;2604;501;28;31;0;0;28;31
37489;2632;501;28;31;0;0;28;31
37504;2660;501;28;31;0;0;28;31
37507;2688;501;28;31;0;0;28;31
37509;2716;501;28;31;0;0;28;31
37528;2744;501;28;31;0;0;28;31
37549;2772;501;28;31;0;0;28;31
37613;2800;501;28;31;0;0;28;31
37619;2828;501;28;31;0;0;28;31
37628;2856;501;28;31;0;0;28;31
37664;2884;501;28;31;0;0;28;31
37670;2912;501;28;31;0;0;28;31
37676;2940;501;28;31;0;0;28;31
37678;2968;501;28;31;0;0;28;31
37679;2996;501;28;31;0;0;28;31
37682;3024;501;28;31;0;0;28;31
37707;3052;501;28;31;0;0;28;31
37723;3080;501;28;31;0;0;28;31
37749;3108;501;28;31;0;0;28;31
37772;3136;501;28;31;0;0;28;31
37782;3164;501;28;31;0;0;28;31
37806;3192;501;28;31;0;0;28;31
37857;3220;501;28;31;0;0;28;31
37912;3248;501;28;31;0;0;28;31
37969;3276;501;28;31;0;0;28;31
38263;3304;501;28;31;0;0;28;31
38272;3332;501;28;31;0;0;28;31
38281;3360;501;28;31;0;0;28;31
38283;3388;501;28;31;0;0;28;31
38289;3416;501;28;31;0;0;28;31
38291;3444;501;28;31;0;0;28;31
38306;3472;501;28;31;0;0;28;31
38307;3500;501;28;31;0;0;28;31
38309;3528;501;28;31;0;0;28;31
38322;3556;501;28;31;0;0;28;31
38343;3584;501;28;31;0;0;28;31
38360;3612;501;28;31;0;0;28;31
38428;3640;501;28;31;0;0;28;31
38442;3668;501;28;31;0;0;28;31
38450;3696;501;28;31;0;0;28;31
38459;3724;501;28;31;0;0;28;31
38468;3752;501;28;31;0;0;28;31
38477;3780;501;28;31;0;0;28;31
38480;3808;501;28;31;0;0;28;31
38491;3836;501;28;31;0;0;28;31
38498;3864;501;28;31;0;0;28;31
38499;3892;501;28;31;0;0;28;31
38500;3920;501;28;31;0;0;28;31
38501;3948;501;28;31;0;0;28;31
38506;3976;501;28;31;0;0;28;31
38512;4004;501;28;31;0;0;28;31
38515;4032;501;28;31;0;0;28;31
38517;4060;501;28;31;0;0;28;31
38518;0;532;28;31;0;0;28;31
38520;28;532;28;31;0;0;28;31
38522;56;532;28;31;0;0;28;31
38525;84;532;28;31;0;0;28;31
38533;112;532;28;31;0;0;28;31
38534;140;532;28;31;0;0;28;31
38538;168;532;28;31;0;0;28;31
38542;196;532;28;31;0;0;28;31
38543;224;532;28;31;0;0;28;31
38548;252;532;28;31;0;0;28;31
38553;280;532;28;31;0;0;28;31
38555;308;532;28;31;0;0;28;31
38556;336;532;28;31;0;0;28;31
38560;364;532;28;31;0;0;28;31
38563;392;532;28;31;0;0;28;31
38583;420;532;28;31;0;0;28;31
38587;448;532;28;31;0;0;28;31
38596;476;532;28;31;0;0;28;31
38597;504;532;28;31;0;0;28;31
38598;532;532;28;31;0;0;28;31
38599;560;532;28;31;0;0;28;31
38604;588;532;28;31;0;0;28;31
38609;616;532;28;31;0;0;28;31
38626;644;532;28;31;0;0;28;31
38627;672;532;28;31;0;0;28;31
38632;700;532;28;31;0;0;28;31
38634;728;532;28;31;0;0;28;31
38640;756;532;28;31;0;0;28;31
38642;784;532;28;31;0;0;28;31
38646;812;532;28;31;0;0;28;31
38647;840;532;28;31;0;0;28;31
38651;868;532;28;31;0;0;28;31
38656;896;532;28;31;0;0;28;31
38663;924;532;28;31;0;0;28;31
38666;952;532;28;31;0;0;28;31
38684;980;532;28;31;0;0;28;31
38695;1008;532;28;31;0;0;28;31
38706;1036;532;28;31;0;0;28;31
38738;1064;532;28;31;0;0;28;31
38745;1092;532;28;31;0;0;28;31
38750;1120;532;28;31;0;0;28;31
38754;1148;532;28;31;0;0;28;31
38761;1176;532;28;31;0;0;28;31
38772;1204;532;28;31;0;0;28;31
38867;1232;532;28;31;0;0;28;31
38899;1260;532;28;31;0;0;28;31
38907;1288;532;28;31;0;0;28;31
38911;1316;532;28;31;0;0;28;31
38914;1344;532;28;31;0;0;28;31
38915;1372;532;28;31;0;0;28;31
38917;1400;532;28;31;0;0;28;31
38918;1428;532;28;31;0;0;28;31
38920;1456;532;28;31;0;0;28;31
38928;1484;532;28;31;0;0;28;31
38929;1512;532;28;31;0;0;28;31
38930;1540;532;28;31;0;0;28;31
38931;1568;532;28;31;0;0;28;31
38936;1596;532;28;31;0;0;28;31
38957;1624;532;28;31;0;0;28;31
38960;1652;532;28;31;0;0;28;31
38971;1680;532;28;31;0;0;28;31
38972;1708;532;28;31;0;0;28;31
38988;1736;532;28;31;0;0;28;31
38989;1764;532;28;31;0;0;28;31
38990;1792;532;28;31;0;0;28;31
38996;1820;532;28;31;0;0;28;31
38997;1848;532;28;31;0;0;28;31
39000;1876;532;28;31;0;0;28;31
39006;1904;532;28;31;0;0;28;31
39015;1932;532;28;31;0;0;28;31
39080;1960;532;28;31;0;0;28;31
39131;1988;532;28;31;0;0;28;31
39135;2016;532;28;31;0;0;28;31
39138;2044;532;28;31;0;0;28;31
39151;2072;532;28;31;0;0;28;31
39154;2100;532;28;31;0;0;28;31
39164;2128;532;28;31;0;0;28;31
39165;2156;532;28;31;0;0;28;31
39166;2184;532;28;31;0;0;28;31
39173;2212;532;28;31;0;0;28;31
39178;2240;532;28;31;0;0;28;31
39180;2268;532;28;31;0;0;28;31
39187;2296;532;28;31;0;0;28;31
39208;2324;532;28;31;0;0;28;31
39318;2352;532;28;31;0;0;28;31
39321;2380;532;28;31;0;0;28;31
39340;2408;532;28;31;0;0;28;31
39364;2436;532;28;31;0;0;28;31
39365;2464;532;28;31;0;0;28;31
39366;2492;532;28;31;0;0;28;31
39376;2520;532;28;31;0;0;28;31
39378;2548;532;28;31;0;0;28;31
39438;2576;532;28;31;0;0;28;31
39442;2604;532;28;31;0;0;28;31
39443;2632;532;28;31;0;0;28;31
39472;2660;532;28;31;0;0;28;31
39514;2688;532;28;31;0;0;28;31
39592;2716;532;28;31;0;0;28;31
39608;2744;532;28;31;0;0;28;31
39620;2772;532;28;31;0;0;28;31
39640;2800;532;28;31;0;0;28;31
39658;2828;532;28;31;0;0;28;31
39729;2856;532;28;31;0;0;28;31
39740;2884;532;28;31;0;0;28;31
39746;2912;532;28;31;0;0;28;31
39749;2940;532;28;31;0;0;28;31
39764;2968;532;28;31;0;0;28;31
39770;2996;532;28;31;0;0;28;31
39854;3024;532;28;31;0;0;28;31
39912;3052;532;28;31;0;0;28;31
40165;3080;532;28;31;0;0;28;31
40180;3108;532;28;31;0;0;28;31
40335;3136;532;28;31;0;0;28;31
40372;3164;532;28;31;0;0;28;31
40575;3192;532;28;31;0;0;28;31
40595;3220;532;28;31;0;0;28;31
40599;3248;532;28;31;0;0;28;31
40614;3276;532;28;31;0;0;28;31
40634;3304;532;28;31;0;0;28;31
40635;3332;532;28;31;0;0;28;31
40644;3360;532;28;31;0;0;28;31
40658;3388;532;28;31;0;0;28;31
40665;3416;532;28;31;0;0;28;31
40723;3444;532;28;31;0;0;28;31
40763;3472;532;28;31;0;0;28;31
40802;3500;532;28;31;0;0;28;31
65281;0;563;28;31;0;0;28;31
65283;28;563;28;31;0;0;28;31
65284;56;563;28;31;0;0;28;31
65285;84;563;28;31;0;0;28;31
65289;112;563;28;31;0;0;28;31
65290;140;563;28;31;0;0;28;31
65296;168;563;28;31;0;0;28;31
65297;196;563;28;31;0;0;28;31
65298;224;563;28;31;0;0;28;31
65299;252;563;28;31;0;0;28;31
65300;280;563;28;31;0;0;28;31
65301;308;563;28;31;0;0;28;31
65302;336;563;28;31;0;0;28;31
65303;364;563;28;31;0;0;28;31
65304;392;563;28;31;0;0;28;31
65305;420;563;28;31;0;0;28;31
65306;448;563;28;31;0;0;28;31
65307;476;563;28;31;0;0;28;31
65311;504;563;28;31;0;0;28;31
65313;532;563;28;31;0;0;28;31
65314;560;563;28;31;0;0;28;31
65315;588;563;28;31;0;0;28;31
65316;616;563;28;31;0;0;28;31
65317;644;563;28;31;0;0;28;31
65318;672;563;28;31;0;0;28;31
65319;700;563;28;31;0;0;28;31
65320;728;563;28;31;0;0;28;31
65321;756;563;28;31;0;0;28;31
65322;784;563;28;31;0;0;28;31
65323;812;563;28;31;0;0;28;31
65324;840;563;28;31;0;0;28;31
65325;868;563;28;31;0;0;28;31
65326;896;563;28;31;0;0;28;31
65327;924;563;28;31;0;0;28;31
65328;952;563;28;31;0;0;28;31
65329;980;563;28;31;0;0;28;31
65330;1008;563;28;31;0;0;28;31
65331;1036;563;28;31;0;0;28;31
65332;1064;563;28;31;0;0;28;31
65333;1092;563;28;31;0;0;28;31
65334;1120;563;28;31;0;0;28;31
65335;1148;563;28;31;0;0;28;31
65336;1176;563;28;31;0;0;28;31
65337;1204;563;28;31;0;0;28;31
65338;1232;563;28;31;0;0;28;31
65345;1260;563;28;31;0;0;28;31
65346;1288;563;28;31;0;0;28;31
65347;1316;563;28;31;0;0;28;31
65348;1344;563;28;31;0;0;28;31
65349;1372;563;28;31;0;0;28;31
65350;1400;563;28;31;0;0;28;31
65351;1428;563;28;31;0;0;28;31
65352;1456;563;28;31;0;0;28;31
65353;1484;563;28;31;0;0;28;31
65354;1512;563;28;31;0;0;28;31
65355;1540;563;28;31;0;0;28;31
65356;1568;563;28;31;0;0;28;31
65357;1596;563;28;31;0;0;28;31
65358;1624;563;28;31;0;0;28;31
65359;1652;563;28;31;0;0;28;31
65360;1680;563;28;31;0;0;28;31
65361;1708;563;28;31;0;0;28;31
65362;1736;563;28;31;0;0;28;31
65363;1764;563;28;31;0;0;28;31
65364;1792;563;28;31;0;0;28;31
65365;1820;563;28;31;0;0;28;31
65366;1848;563;28;31;0;0;28;31
65367;1876;563;28;31;0;0;28;31
65368;1904;563;28;31;0;0;28;31
65369;1932;563;28;31;0;0;28;31
65370;1960;563;28;31;0;0;28;31
65371;1988;563;28;31;0;0;28;31
65373;2016;563;28;31;0;0;28;31
65374;2044;563;28;31;0;0;28;31
65509;2072;563;28;31;0;0;28;31
