8;0.5;-1.5;6
32;0;0;5;10;0;0;5;10
33;5;0;5;10;0;0;5;10
34;10;0;5;10;0;0;5;10
35;15;0;5;10;0;0;5;10
36;20;0;5;10;0;0;5;10
37;25;0;5;10;0;0;5;10
38;30;0;5;10;0;0;5;10
39;35;0;5;10;0;0;5;10
40;40;0;5;10;0;0;5;10
41;45;0;5;10;0;0;5;10
42;50;0;5;10;0;0;5;10
43;55;0;5;10;0;0;5;10
44;60;0;5;10;0;0;5;10
45;65;0;5;10;0;0;5;10
46;70;0;5;10;0;0;5;10
47;75;0;5;10;0;0;5;10
48;80;0;5;10;0;0;5;10
49;85;0;5;10;0;0;5;10
50;90;0;5;10;0;0;5;10
51;95;0;5;10;0;0;5;10
52;100;0;5;10;0;0;5;10
53;105;0;5;10;0;0;5;10
54;110;0;5;10;0;0;5;10
55;115;0;5;10;0;0;5;10
56;120;0;5;10;0;0;5;10
57;125;0;5;10;0;0;5;10
58;130;0;5;10;0;0;5;10
59;135;0;5;10;0;0;5;10
60;140;0;5;10;0;0;5;10
61;145;0;5;10;0;0;5;10
62;150;0;5;10;0;0;5;10
63;155;0;5;10;0;0;5;10
64;160;0;5;10;0;0;5;10
65;165;0;5;10;0;0;5;10
66;170;0;5;10;0;0;5;10
67;175;0;5;10;0;0;5;10
68;180;0;5;10;0;0;5;10
69;185;0;5;10;0;0;5;10
70;190;0;5;10;0;0;5;10
71;195;0;5;10;0;0;5;10
72;200;0;5;10;0;0;5;10
73;205;0;5;10;0;0;5;10
74;210;0;5;10;0;0;5;10
75;215;0;5;10;0;0;5;10
76;220;0;5;10;0;0;5;10
77;225;0;5;10;0;0;5;10
78;230;0;5;10;0;0;5;10
79;235;0;5;10;0;0;5;10
80;240;0;5;10;0;0;5;10
81;245;0;5;10;0;0;5;10
82;250;0;5;10;0;0;5;10
83;255;0;5;10;0;0;5;10
84;260;0;5;10;0;0;5;10
85;265;0;5;10;0;0;5;10
86;270;0;5;10;0;0;5;10
87;275;0;5;10;0;0;5;10
88;280;0;5;10;0;0;5;10
89;285;0;5;10;0;0;5;10
90;290;0;5;10;0;0;5;10
91;295;0;5;10;0;0;5;10
92;300;0;5;10;0;0;5;10
93;305;0;5;10;0;0;5;10
94;310;0;5;10;0;0;5;10
95;315;0;5;10;0;0;5;10
96;320;0;5;10;0;0;5;10
97;325;0;5;10;0;0;5;10
98;330;0;5;10;0;0;5;10
99;335;0;5;10;0;0;5;10
100;340;0;5;10;0;0;5;10
101;345;0;5;10;0;0;5;10
102;350;0;5;10;0;0;5;10
103;355;0;5;10;0;0;5;10
104;360;0;5;10;0;0;5;10
105;365;0;5;10;0;0;5;10
106;370;0;5;10;0;0;5;10
107;375;0;5;10;0;0;5;10
108;380;0;5;10;0;0;5;10
109;385;0;5;10;0;0;5;10
110;390;0;5;10;0;0;5;10
111;395;0;5;10;0;0;5;10
112;400;0;5;10;0;0;5;10
113;405;0;5;10;0;0;5;10
114;410;0;5;10;0;0;5;10
115;415;0;5;10;0;0;5;10
116;420;0;5;10;0;0;5;10
117;425;0;5;10;0;0;5;10
118;430;0;5;10;0;0;5;10
119;435;0;5;10;0;0;5;10
120;440;0;5;10;0;0;5;10
121;445;0;5;10;0;0;5;10
122;450;0;5;10;0;0;5;10
123;455;0;5;10;0;0;5;10
124;460;0;5;10;0;0;5;10
125;465;0;5;10;0;0;5;10
126;470;0;5;10;0;0;5;10
183;475;0;5;10;0;0;5;10
916;480;0;5;10;0;0;5;10
960;485;0;5;10;0;0;5;10
8734;490;0;9;10;0;0;9;10
65381;499;0;5;10;0;0;5;10
65382;504;0;5;10;0;0;5;10
65383;509;0;5;10;0;0;5;10
65384;514;0;5;10;0;0;5;10
65385;519;0;5;10;0;0;5;10
65386;524;0;5;10;0;0;5;10
65387;529;0;5;10;0;0;5;10
65388;534;0;5;10;0;0;5;10
65389;539;0;5;10;0;0;5;10
65390;544;0;5;10;0;0;5;10
65391;549;0;5;10;0;0;5;10
65392;554;0;5;10;0;0;5;10
65393;559;0;5;10;0;0;5;10
65394;564;0;5;10;0;0;5;10
65395;569;0;5;10;0;0;5;10
65396;574;0;5;10;0;0;5;10
65397;579;0;5;10;0;0;5;10
65398;584;0;5;10;0;0;5;10
65399;589;0;5;10;0;0;5;10
65400;594;0;5;10;0;0;5;10
65401;599;0;5;10;0;0;5;10
65402;604;0;5;10;0;0;5;10
65403;609;0;5;10;0;0;5;10
65404;614;0;5;10;0;0;5;10
65405;619;0;5;10;0;0;5;10
65406;624;0;5;10;0;0;5;10
65407;629;0;5;10;0;0;5;10
65408;634;0;5;10;0;0;5;10
65409;639;0;5;10;0;0;5;10
65410;644;0;5;10;0;0;5;10
65411;649;0;5;10;0;0;5;10
65412;654;0;5;10;0;0;5;10
65413;659;0;5;10;0;0;5;10
65414;664;0;5;10;0;0;5;10
65415;669;0;5;10;0;0;5;10
65416;674;0;5;10;0;0;5;10
65417;679;0;5;10;0;0;5;10
65418;684;0;5;10;0;0;5;10
65419;689;0;5;10;0;0;5;10
65420;694;0;5;10;0;0;5;10
65421;699;0;5;10;0;0;5;10
65422;704;0;5;10;0;0;5;10
65423;709;0;5;10;0;0;5;10
65424;714;0;5;10;0;0;5;10
65425;719;0;5;10;0;0;5;10
65426;724;0;5;10;0;0;5;10
65427;729;0;5;10;0;0;5;10
65428;734;0;5;10;0;0;5;10
65429;739;0;5;10;0;0;5;10
65430;744;0;5;10;0;0;5;10
65431;749;0;5;10;0;0;5;10
65432;754;0;5;10;0;0;5;10
65433;759;0;5;10;0;0;5;10
65434;764;0;5;10;0;0;5;10
65435;769;0;5;10;0;0;5;10
65436;774;0;5;10;0;0;5;10
65437;779;0;5;10;0;0;5;10
65438;784;0;5;10;0;0;5;10
65439;789;0;5;10;0;0;5;10
711;0;10;8;9;0;0;8;9
714;8;10;8;9;0;0;8;9
715;16;10;8;9;0;0;8;9
729;24;10;8;9;0;0;8;9
8212;32;10;8;9;0;0;8;9
8216;40;10;8;9;0;0;8;9
8217;48;10;8;9;0;0;8;9
8220;56;10;8;9;0;0;8;9
8221;64;10;8;9;0;0;8;9
8230;72;10;8;9;0;0;8;9
8592;80;10;8;9;0;0;8;9
8593;88;10;8;9;0;0;8;9
8594;96;10;8;9;0;0;8;9
8595;104;10;8;9;0;0;8;9
8598;112;10;8;9;0;0;8;9
8599;120;10;8;9;0;0;8;9
8600;128;10;8;9;0;0;8;9
8601;136;10;8;9;0;0;8;9
9320;144;10;8;9;0;0;8;9
9734;152;10;8;9;0;0;8;9
12288;160;10;8;9;0;0;8;9
12289;168;10;8;9;0;0;8;9
12290;176;10;8;9;0;0;8;9
12293;184;10;8;9;0;0;8;9
12298;192;10;8;9;0;0;8;9
12299;200;10;8;9;0;0;8;9
12300;208;10;8;9;0;0;8;9
12301;216;10;8;9;0;0;8;9
12302;224;10;8;9;0;0;8;9
12303;232;10;8;9;0;0;8;9
12304;240;10;8;9;0;0;8;9
12305;248;10;8;9;0;0;8;9
12308;256;10;8;9;0;0;8;9
12309;264;10;8;9;0;0;8;9
12310;272;10;8;9;0;0;8;9
12311;280;10;8;9;0;0;8;9
19904;288;10;8;9;0;0;8;9
19905;296;10;8;9;0;0;8;9
19906;304;10;8;9;0;0;8;9
19907;312;10;8;9;0;0;8;9
19908;320;10;8;9;0;0;8;9
19909;328;10;8;9;0;0;8;9
19910;336;10;8;9;0;0;8;9
19911;344;10;8;9;0;0;8;9
19912;352;10;8;9;0;0;8;9
19913;360;10;8;9;0;0;8;9
19914;368;10;8;9;0;0;8;9
19915;376;10;8;9;0;0;8;9
19916;384;10;8;9;0;0;8;9
19917;392;10;8;9;0;0;8;9
19918;400;10;8;9;0;0;8;9
19919;408;10;8;9;0;0;8;9
19920;416;10;8;9;0;0;8;9
19921;424;10;8;9;0;0;8;9
19922;432;10;8;9;0;0;8;9
19923;440;10;8;9;0;0;8;9
19924;448;10;8;9;0;0;8;9
19925;456;10;8;9;0;0;8;9
19926;464;10;8;9;0;0;8;9
19927;472;10;8;9;0;0;8;9
19928;480;10;8;9;0;0;8;9
19929;488;10;8;9;0;0;8;9
19930;496;10;8;9;0;0;8;9
19931;504;10;8;9;0;0;8;9
19932;512;10;8;9;0;0;8;9
19933;520;10;8;9;0;0;8;9
19934;528;10;8;9;0;0;8;9
19935;536;10;8;9;0;0;8;9
19936;544;10;8;9;0;0;8;9
19937;552;10;8;9;0;0;8;9
19938;560;10;8;9;0;0;8;9
19939;568;10;8;9;0;0;8;9
19940;576;10;8;9;0;0;8;9
19941;584;10;8;9;0;0;8;9
19942;592;10;8;9;0;0;8;9
19943;600;10;8;9;0;0;8;9
19944;608;10;8;9;0;0;8;9
19945;616;10;8;9;0;0;8;9
19946;624;10;8;9;0;0;8;9
19947;632;10;8;9;0;0;8;9
19948;640;10;8;9;0;0;8;9
19949;648;10;8;9;0;0;8;9
19950;656;10;8;9;0;0;8;9
19951;664;10;8;9;0;0;8;9
19952;672;10;8;9;0;0;8;9
19953;680;10;8;9;0;0;8;9
19954;688;10;8;9;0;0;8;9
19955;696;10;8;9;0;0;8;9
19956;704;10;8;9;0;0;8;9
19957;712;10;8;9;0;0;8;9
19958;720;10;8;9;0;0;8;9
19959;728;10;8;9;0;0;8;9
19960;736;10;8;9;0;0;8;9
19961;744;10;8;9;0;0;8;9
19962;752;10;8;9;0;0;8;9
19963;760;10;8;9;0;0;8;9
19964;768;10;8;9;0;0;8;9
19965;776;10;8;9;0;0;8;9
19966;784;10;8;9;0;0;8;9
19967;792;10;8;9;0;0;8;9
12353;0;19;8;9;0;0;8;9
12354;8;19;8;9;0;0;8;9
12355;16;19;8;9;0;0;8;9
12356;24;19;8;9;0;0;8;9
12357;32;19;8;9;0;0;8;9
12358;40;19;8;9;0;0;8;9
12359;48;19;8;9;0;0;8;9
12360;56;19;8;9;0;0;8;9
12361;64;19;8;9;0;0;8;9
12362;72;19;8;9;0;0;8;9
12363;80;19;8;9;0;0;8;9
12364;88;19;8;9;0;0;8;9
12365;96;19;8;9;0;0;8;9
12366;104;19;8;9;0;0;8;9
12367;112;19;8;9;0;0;8;9
12368;120;19;8;9;0;0;8;9
12369;128;19;8;9;0;0;8;9
12370;136;19;8;9;0;0;8;9
12371;144;19;8;9;0;0;8;9
12372;152;19;8;9;0;0;8;9
12373;160;19;8;9;0;0;8;9
12374;168;19;8;9;0;0;8;9
12375;176;19;8;9;0;0;8;9
12376;184;19;8;9;0;0;8;9
12377;192;19;8;9;0;0;8;9
12378;200;19;8;9;0;0;8;9
12379;208;19;8;9;0;0;8;9
12380;216;19;8;9;0;0;8;9
12381;224;19;8;9;0;0;8;9
12382;232;19;8;9;0;0;8;9
12383;240;19;8;9;0;0;8;9
12384;248;19;8;9;0;0;8;9
12385;256;19;8;9;0;0;8;9
12386;264;19;8;9;0;0;8;9
12387;272;19;8;9;0;0;8;9
12388;280;19;8;9;0;0;8;9
12389;288;19;8;9;0;0;8;9
12390;296;19;8;9;0;0;8;9
12391;304;19;8;9;0;0;8;9
12392;312;19;8;9;0;0;8;9
12393;320;19;8;9;0;0;8;9
12394;328;19;8;9;0;0;8;9
12395;336;19;8;9;0;0;8;9
12396;344;19;8;9;0;0;8;9
12397;352;19;8;9;0;0;8;9
12398;360;19;8;9;0;0;8;9
12399;368;19;8;9;0;0;8;9
12400;376;19;8;9;0;0;8;9
12401;384;19;8;9;0;0;8;9
12402;392;19;8;9;0;0;8;9
12403;400;19;8;9;0;0;8;9
12404;408;19;8;9;0;0;8;9
12405;416;19;8;9;0;0;8;9
12406;424;19;8;9;0;0;8;9
12407;432;19;8;9;0;0;8;9
12408;440;19;8;9;0;0;8;9
12409;448;19;8;9;0;0;8;9
12410;456;19;8;9;0;0;8;9
12411;464;19;8;9;0;0;8;9
12412;472;19;8;9;0;0;8;9
12413;480;19;8;9;0;0;8;9
12414;488;19;8;9;0;0;8;9
12415;496;19;8;9;0;0;8;9
12416;504;19;8;9;0;0;8;9
12417;512;19;8;9;0;0;8;9
12418;520;19;8;9;0;0;8;9
12419;528;19;8;9;0;0;8;9
12420;536;19;8;9;0;0;8;9
12421;544;19;8;9;0;0;8;9
12422;552;19;8;9;0;0;8;9
12423;560;19;8;9;0;0;8;9
12424;568;19;8;9;0;0;8;9
12425;576;19;8;9;0;0;8;9
12426;584;19;8;9;0;0;8;9
12427;592;19;8;9;0;0;8;9
12428;600;19;8;9;0;0;8;9
12429;608;19;8;9;0;0;8;9
12430;616;19;8;9;0;0;8;9
12431;624;19;8;9;0;0;8;9
12432;632;19;8;9;0;0;8;9
12433;640;19;8;9;0;0;8;9
12434;648;19;8;9;0;0;8;9
12435;656;19;8;9;0;0;8;9
12436;664;19;8;9;0;0;8;9
12437;672;19;8;9;0;0;8;9
12438;680;19;8;9;0;0;8;9
12443;688;19;8;9;0;0;8;9
12444;696;19;8;9;0;0;8;9
12445;704;19;8;9;0;0;8;9
12446;712;19;8;9;0;0;8;9
12448;720;19;8;9;0;0;8;9
12449;728;19;8;9;0;0;8;9
12450;736;19;8;9;0;0;8;9
12451;744;19;8;9;0;0;8;9
12452;752;19;8;9;0;0;8;9
12453;760;19;8;9;0;0;8;9
12454;768;19;8;9;0;0;8;9
12455;776;19;8;9;0;0;8;9
12456;784;19;8;9;0;0;8;9
12457;792;19;8;9;0;0;8;9
12458;800;19;8;9;0;0;8;9
12459;808;19;8;9;0;0;8;9
12460;816;19;8;9;0;0;8;9
12461;824;19;8;9;0;0;8;9
12462;832;19;8;9;0;0;8;9
12463;840;19;8;9;0;0;8;9
12464;848;19;8;9;0;0;8;9
12465;856;19;8;9;0;0;8;9
12466;864;19;8;9;0;0;8;9
12467;872;19;8;9;0;0;8;9
12468;880;19;8;9;0;0;8;9
12469;888;19;8;9;0;0;8;9
12470;896;19;8;9;0;0;8;9
12471;904;19;8;9;0;0;8;9
12472;912;19;8;9;0;0;8;9
12473;920;19;8;9;0;0;8;9
12474;928;19;8;9;0;0;8;9
12475;936;19;8;9;0;0;8;9
12476;944;19;8;9;0;0;8;9
12477;952;19;8;9;0;0;8;9
12478;960;19;8;9;0;0;8;9
12479;968;19;8;9;0;0;8;9
12480;976;19;8;9;0;0;8;9
12481;984;19;8;9;0;0;8;9
12482;992;19;8;9;0;0;8;9
12483;1000;19;8;9;0;0;8;9
12484;1008;19;8;9;0;0;8;9
12485;1016;19;8;9;0;0;8;9
12486;1024;19;8;9;0;0;8;9
12487;1032;19;8;9;0;0;8;9
12488;1040;19;8;9;0;0;8;9
12489;1048;19;8;9;0;0;8;9
12490;1056;19;8;9;0;0;8;9
12491;1064;19;8;9;0;0;8;9
12492;1072;19;8;9;0;0;8;9
12493;1080;19;8;9;0;0;8;9
12494;1088;19;8;9;0;0;8;9
12495;1096;19;8;9;0;0;8;9
12496;1104;19;8;9;0;0;8;9
12497;1112;19;8;9;0;0;8;9
12498;1120;19;8;9;0;0;8;9
12499;1128;19;8;9;0;0;8;9
12500;1136;19;8;9;0;0;8;9
12501;1144;19;8;9;0;0;8;9
12502;1152;19;8;9;0;0;8;9
12503;1160;19;8;9;0;0;8;9
12504;1168;19;8;9;0;0;8;9
12505;1176;19;8;9;0;0;8;9
12506;1184;19;8;9;0;0;8;9
12507;1192;19;8;9;0;0;8;9
12508;1200;19;8;9;0;0;8;9
12509;1208;19;8;9;0;0;8;9
12510;1216;19;8;9;0;0;8;9
12511;1224;19;8;9;0;0;8;9
12512;1232;19;8;9;0;0;8;9
12513;1240;19;8;9;0;0;8;9
12514;1248;19;8;9;0;0;8;9
12515;1256;19;8;9;0;0;8;9
12516;1264;19;8;9;0;0;8;9
12517;1272;19;8;9;0;0;8;9
12518;1280;19;8;9;0;0;8;9
12519;1288;19;8;9;0;0;8;9
12520;1296;19;8;9;0;0;8;9
12521;1304;19;8;9;0;0;8;9
12522;1312;19;8;9;0;0;8;9
12523;1320;19;8;9;0;0;8;9
12524;1328;19;8;9;0;0;8;9
12525;1336;19;8;9;0;0;8;9
12526;1344;19;8;9;0;0;8;9
12527;1352;19;8;9;0;0;8;9
12528;1360;19;8;9;0;0;8;9
12529;1368;19;8;9;0;0;8;9
12530;1376;19;8;9;0;0;8;9
12531;1384;19;8;9;0;0;8;9
12532;1392;19;8;9;0;0;8;9
12533;1400;19;8;9;0;0;8;9
12534;1408;19;8;9;0;0;8;9
12535;1416;19;8;9;0;0;8;9
12536;1424;19;8;9;0;0;8;9
12537;1432;19;8;9;0;0;8;9
12538;1440;19;8;9;0;0;8;9
12540;1448;19;8;9;0;0;8;9
12541;1456;19;8;9;0;0;8;9
12542;1464;19;8;9;0;0;8;9
12549;1472;19;8;9;0;0;8;9
12550;1480;19;8;9;0;0;8;9
14615;1488;19;8;9;0;0;8;9
14705;1496;19;8;9;0;0;8;9
17868;1504;19;8;9;0;0;8;9
19968;1512;19;8;9;0;0;8;9
19969;1520;19;8;9;0;0;8;9
19971;1528;19;8;9;0;0;8;9
19975;1536;19;8;9;0;0;8;9
19976;1544;19;8;9;0;0;8;9
19977;1552;19;8;9;0;0;8;9
19978;1560;19;8;9;0;0;8;9
19979;1568;19;8;9;0;0;8;9
19981;1576;19;8;9;0;0;8;9
19982;1584;19;8;9;0;0;8;9
19988;1592;19;8;9;0;0;8;9
19990;1600;19;8;9;0;0;8;9
19992;1608;19;8;9;0;0;8;9
19993;1616;19;8;9;0;0;8;9
20001;1624;19;8;9;0;0;8;9
20006;1632;19;8;9;0;0;8;9
20013;1640;19;8;9;0;0;8;9
20018;1648;19;8;9;0;0;8;9
20024;1656;19;8;9;0;0;8;9
20025;1664;19;8;9;0;0;8;9
20027;1672;19;8;9;0;0;8;9
20028;1680;19;8;9;0;0;8;9
20037;1688;19;8;9;0;0;8;9
20047;1696;19;8;9;0;0;8;9
20055;1704;19;8;9;0;0;8;9
20057;1712;19;8;9;0;0;8;9
20061;1720;19;8;9;0;0;8;9
20062;1728;19;8;9;0;0;8;9
20081;1736;19;8;9;0;0;8;9
20083;1744;19;8;9;0;0;8;9
20094;1752;19;8;9;0;0;8;9
20096;1760;19;8;9;0;0;8;9
20102;1768;19;8;9;0;0;8;9
20104;1776;19;8;9;0;0;8;9
20105;1784;19;8;9;0;0;8;9
20107;1792;19;8;9;0;0;8;9
20108;1800;19;8;9;0;0;8;9
20114;1808;19;8;9;0;0;8;9
20116;1816;19;8;9;0;0;8;9
20117;1824;19;8;9;0;0;8;9
20124;1832;19;8;9;0;0;8;9
20129;1840;19;8;9;0;0;8;9
20132;1848;19;8;9;0;0;8;9
20139;1856;19;8;9;0;0;8;9
20140;1864;19;8;9;0;0;8;9
20141;1872;19;8;9;0;0;8;9
20154;1880;19;8;9;0;0;8;9
20161;1888;19;8;9;0;0;8;9
20170;1896;19;8;9;0;0;8;9
20171;1904;19;8;9;0;0;8;9
20175;1912;19;8;9;0;0;8;9
20181;1920;19;8;9;0;0;8;9
20182;1928;19;8;9;0;0;8;9
20184;1936;19;8;9;0;0;8;9
20185;1944;19;8;9;0;0;8;9
20195;1952;19;8;9;0;0;8;9
20196;1960;19;8;9;0;0;8;9
20197;1968;19;8;9;0;0;8;9
20206;1976;19;8;9;0;0;8;9
20208;1984;19;8;9;0;0;8;9
20210;1992;19;8;9;0;0;8;9
20214;2000;19;8;9;0;0;8;9
20219;2008;19;8;9;0;0;8;9
20225;2016;19;8;9;0;0;8;9
20238;2024;19;8;9;0;0;8;9
20239;2032;19;8;9;0;0;8;9
20240;2040;19;8;9;0;0;8;9
20241;2048;19;8;9;0;0;8;9
20250;2056;19;8;9;0;0;8;9
20253;2064;19;8;9;0;0;8;9
20271;2072;19;8;9;0;0;8;9
20276;2080;19;8;9;0;0;8;9
20280;2088;19;8;9;0;0;8;9
20282;2096;19;8;9;0;0;8;9
20284;2104;19;8;9;0;0;8;9
20294;2112;19;8;9;0;0;8;9
20301;2120;19;8;9;0;0;8;9
20302;2128;19;8;9;0;0;8;9
20303;2136;19;8;9;0;0;8;9
20304;2144;19;8;9;0;0;8;9
20307;2152;19;8;9;0;0;8;9
20309;2160;19;8;9;0;0;8;9
20313;2168;19;8;9;0;0;8;9
20316;2176;19;8;9;0;0;8;9
20339;2184;19;8;9;0;0;8;9
20341;2192;19;8;9;0;0;8;9
20351;2200;19;8;9;0;0;8;9
20363;2208;19;8;9;0;0;8;9
20365;2216;19;8;9;0;0;8;9
20379;2224;19;8;9;0;0;8;9
20381;2232;19;8;9;0;0;8;9
20385;2240;19;8;9;0;0;8;9
20398;2248;19;8;9;0;0;8;9
20399;2256;19;8;9;0;0;8;9
20405;2264;19;8;9;0;0;8;9
20406;2272;19;8;9;0;0;8;9
20415;2280;19;8;9;0;0;8;9
20418;2288;19;8;9;0;0;8;9
20419;2296;19;8;9;0;0;8;9
20426;2304;19;8;9;0;0;8;9
20439;2312;19;8;9;0;0;8;9
20445;2320;19;8;9;0;0;8;9
20449;2328;19;8;9;0;0;8;9
20462;2336;19;8;9;0;0;8;9
20467;2344;19;8;9;0;0;8;9
20469;2352;19;8;9;0;0;8;9
20472;2360;19;8;9;0;0;8;9
20474;2368;19;8;9;0;0;8;9
20489;2376;19;8;9;0;0;8;9
20491;2384;19;8;9;0;0;8;9
20493;2392;19;8;9;0;0;8;9
20498;2400;19;8;9;0;0;8;9
20505;2408;19;8;9;0;0;8;9
20511;2416;19;8;9;0;0;8;9
20515;2424;19;8;9;0;0;8;9
20516;2432;19;8;9;0;0;8;9
20523;2440;19;8;9;0;0;8;9
20537;2448;19;8;9;0;0;8;9
20553;2456;19;8;9;0;0;8;9
20559;2464;19;8;9;0;0;8;9
20572;2472;19;8;9;0;0;8;9
20581;2480;19;8;9;0;0;8;9
20596;2488;19;8;9;0;0;8;9
20597;2496;19;8;9;0;0;8;9
20598;2504;19;8;9;0;0;8;9
20605;2512;19;8;9;0;0;8;9
20621;2520;19;8;9;0;0;8;9
20625;2528;19;8;9;0;0;8;9
20632;2536;19;8;9;0;0;8;9
20633;2544;19;8;9;0;0;8;9
20652;2552;19;8;9;0;0;8;9
20658;2560;19;8;9;0;0;8;9
20661;2568;19;8;9;0;0;8;9
20663;2576;19;8;9;0;0;8;9
20670;2584;19;8;9;0;0;8;9
20677;2592;19;8;9;0;0;8;9
20685;2600;19;8;9;0;0;8;9
20687;2608;19;8;9;0;0;8;9
20693;2616;19;8;9;0;0;8;9
20698;2624;19;8;9;0;0;8;9
20711;2632;19;8;9;0;0;8;9
20736;2640;19;8;9;0;0;8;9
20740;2648;19;8;9;0;0;8;9
20754;2656;19;8;9;0;0;8;9
20767;2664;19;8;9;0;0;8;9
20778;2672;19;8;9;0;0;8;9
20803;2680;19;8;9;0;0;8;9
20804;2688;19;8;9;0;0;8;9
20805;2696;19;8;9;0;0;8;9
20806;2704;19;8;9;0;0;8;9
20808;2712;19;8;9;0;0;8;9
20809;2720;19;8;9;0;0;8;9
20811;2728;19;8;9;0;0;8;9
20813;2736;19;8;9;0;0;8;9
20816;2744;19;8;9;0;0;8;9
20826;2752;19;8;9;0;0;8;9
20837;2760;19;8;9;0;0;8;9
20840;2768;19;8;9;0;0;8;9
20843;2776;19;8;9;0;0;8;9
20844;2784;19;8;9;0;0;8;9
20845;2792;19;8;9;0;0;8;9
20849;2800;19;8;9;0;0;8;9
20853;2808;19;8;9;0;0;8;9
20855;2816;19;8;9;0;0;8;9
20856;2824;19;8;9;0;0;8;9
20860;2832;19;8;9;0;0;8;9
20869;2840;19;8;9;0;0;8;9
20870;2848;19;8;9;0;0;8;9
20874;2856;19;8;9;0;0;8;9
20877;2864;19;8;9;0;0;8;9
20882;2872;19;8;9;0;0;8;9
20887;2880;19;8;9;0;0;8;9
20889;2888;19;8;9;0;0;8;9
20896;2896;19;8;9;0;0;8;9
20901;2904;19;8;9;0;0;8;9
20908;2912;19;8;9;0;0;8;9
20918;2920;19;8;9;0;0;8;9
20919;2928;19;8;9;0;0;8;9
20932;2936;19;8;9;0;0;8;9
20934;2944;19;8;9;0;0;8;9
20941;2952;19;8;9;0;0;8;9
20957;2960;19;8;9;0;0;8;9
20961;2968;19;8;9;0;0;8;9
20966;2976;19;8;9;0;0;8;9
20982;2984;19;8;9;0;0;8;9
20984;2992;19;8;9;0;0;8;9
20985;3000;19;8;9;0;0;8;9
20986;3008;19;8;9;0;0;8;9
20992;3016;19;8;9;0;0;8;9
20995;3024;19;8;9;0;0;8;9
20998;3032;19;8;9;0;0;8;9
20999;3040;19;8;9;0;0;8;9
21000;3048;19;8;9;0;0;8;9
21002;3056;19;8;9;0;0;8;9
21009;3064;19;8;9;0;0;8;9
21015;3072;19;8;9;0;0;8;9
21021;3080;19;8;9;0;0;8;9
21028;3088;19;8;9;0;0;8;9
21029;3096;19;8;9;0;0;8;9
21033;3104;19;8;9;0;0;8;9
21040;3112;19;8;9;0;0;8;9
21046;3120;19;8;9;0;0;8;9
21047;3128;19;8;9;0;0;8;9
21048;3136;19;8;9;0;0;8;9
21049;3144;19;8;9;0;0;8;9
21050;3152;19;8;9;0;0;8;9
21051;3160;19;8;9;0;0;8;9
21063;3168;19;8;9;0;0;8;9
21066;3176;19;8;9;0;0;8;9
21069;3184;19;8;9;0;0;8;9
21078;3192;19;8;9;0;0;8;9
21083;3200;19;8;9;0;0;8;9
21085;3208;19;8;9;0;0;8;9
21091;3216;19;8;9;0;0;8;9
21092;3224;19;8;9;0;0;8;9
21103;3232;19;8;9;0;0;8;9
21104;3240;19;8;9;0;0;8;9
21106;3248;19;8;9;0;0;8;9
21109;3256;19;8;9;0;0;8;9
21127;3264;19;8;9;0;0;8;9
21147;3272;19;8;9;0;0;8;9
21151;3280;19;8;9;0;0;8;9
21152;3288;19;8;9;0;0;8;9
21155;3296;19;8;9;0;0;8;9
21161;3304;19;8;9;0;0;8;9
21162;3312;19;8;9;0;0;8;9
21169;3320;19;8;9;0;0;8;9
21172;3328;19;8;9;0;0;8;9
21177;3336;19;8;9;0;0;8;9
21182;3344;19;8;9;0;0;8;9
21187;3352;19;8;9;0;0;8;9
21189;3360;19;8;9;0;0;8;9
21191;3368;19;8;9;0;0;8;9
21193;3376;19;8;9;0;0;8;9
21205;3384;19;8;9;0;0;8;9
21208;3392;19;8;9;0;0;8;9
21209;3400;19;8;9;0;0;8;9
21213;3408;19;8;9;0;0;8;9
21215;3416;19;8;9;0;0;8;9
21218;3424;19;8;9;0;0;8;9
21220;3432;19;8;9;0;0;8;9
21223;3440;19;8;9;0;0;8;9
21234;3448;19;8;9;0;0;8;9
21246;3456;19;8;9;0;0;8;9
21250;3464;19;8;9;0;0;8;9
21253;3472;19;8;9;0;0;8;9
21270;3480;19;8;9;0;0;8;9
21271;3488;19;8;9;0;0;8;9
21280;3496;19;8;9;0;0;8;9
21305;3504;19;8;9;0;0;8;9
21306;3512;19;8;9;0;0;8;9
21307;3520;19;8;9;0;0;8;9
21311;3528;19;8;9;0;0;8;9
21313;3536;19;8;9;0;0;8;9
21315;3544;19;8;9;0;0;8;9
21319;3552;19;8;9;0;0;8;9
21320;3560;19;8;9;0;0;8;9
21322;3568;19;8;9;0;0;8;9
21329;3576;19;8;9;0;0;8;9
21330;3584;19;8;9;0;0;8;9
21331;3592;19;8;9;0;0;8;9
21332;3600;19;8;9;0;0;8;9
21335;3608;19;8;9;0;0;8;9
21336;3616;19;8;9;0;0;8;9
21338;3624;19;8;9;0;0;8;9
21344;3632;19;8;9;0;0;8;9
21360;3640;19;8;9;0;0;8;9
21361;3648;19;8;9;0;0;8;9
21363;3656;19;8;9;0;0;8;9
21364;3664;19;8;9;0;0;8;9
21365;3672;19;8;9;0;0;8;9
21368;3680;19;8;9;0;0;8;9
21380;3688;19;8;9;0;0;8;9
21400;3696;19;8;9;0;0;8;9
21402;3704;19;8;9;0;0;8;9
21407;3712;19;8;9;0;0;8;9
21427;3720;19;8;9;0;0;8;9
21435;3728;19;8;9;0;0;8;9
21442;3736;19;8;9;0;0;8;9
21448;3744;19;8;9;0;0;8;9
21450;3752;19;8;9;0;0;8;9
21451;3760;19;8;9;0;0;8;9
21452;3768;19;8;9;0;0;8;9
21453;3776;19;8;9;0;0;8;9
21454;3784;19;8;9;0;0;8;9
21460;3792;19;8;9;0;0;8;9
21462;3800;19;8;9;0;0;8;9
21463;3808;19;8;9;0;0;8;9
21465;3816;19;8;9;0;0;8;9
21475;3824;19;8;9;0;0;8;9
21476;3832;19;8;9;0;0;8;9
21477;3840;19;8;9;0;0;8;9
21483;3848;19;8;9;0;0;8;9
21484;3856;19;8;9;0;0;8;9
21487;3864;19;8;9;0;0;8;9
21488;3872;19;8;9;0;0;8;9
21490;3880;19;8;9;0;0;8;9
21491;3888;19;8;9;0;0;8;9
21495;3896;19;8;9;0;0;8;9
21496;3904;19;8;9;0;0;8;9
21508;3912;19;8;9;0;0;8;9
21512;3920;19;8;9;0;0;8;9
21513;3928;19;8;9;0;0;8;9
21516;3936;19;8;9;0;0;8;9
21517;3944;19;8;9;0;0;8;9
21518;3952;19;8;9;0;0;8;9
21519;3960;19;8;9;0;0;8;9
21520;3968;19;8;9;0;0;8;9
21521;3976;19;8;9;0;0;8;9
21531;3984;19;8;9;0;0;8;9
21535;3992;19;8;9;0;0;8;9
21542;4000;19;8;9;0;0;8;9
21547;4008;19;8;9;0;0;8;9
21560;4016;19;8;9;0;0;8;9
21561;4024;19;8;9;0;0;8;9
21570;4032;19;8;9;0;0;8;9
21576;4040;19;8;9;0;0;8;9
21577;4048;19;8;9;0;0;8;9
21578;4056;19;8;9;0;0;8;9
21608;4064;19;8;9;0;0;8;9
21610;4072;19;8;9;0;0;8;9
21619;4080;19;8;9;0;0;8;9
21628;4088;19;8;9;0;0;8;9
21629;0;28;8;9;0;0;8;9
21644;8;28;8;9;0;0;8;9
21682;16;28;8;9;0;0;8;9
21693;24;28;8;9;0;0;8;9
21696;32;28;8;9;0;0;8;9
21697;40;28;8;9;0;0;8;9
21729;48;28;8;9;0;0;8;9
21746;56;28;8;9;0;0;8;9
21754;64;28;8;9;0;0;8;9
21764;72;28;8;9;0;0;8;9
21766;80;28;8;9;0;0;8;9
21767;88;28;8;9;0;0;8;9
21776;96;28;8;9;0;0;8;9
21807;104;28;8;9;0;0;8;9
21809;112;28;8;9;0;0;8;9
21822;120;28;8;9;0;0;8;9
21830;128;28;8;9;0;0;8;9
21839;136;28;8;9;0;0;8;9
21843;144;28;8;9;0;0;8;9
21892;152;28;8;9;0;0;8;9
21897;160;28;8;9;0;0;8;9
21914;168;28;8;9;0;0;8;9
21916;176;28;8;9;0;0;8;9
21917;184;28;8;9;0;0;8;9
21929;192;28;8;9;0;0;8;9
21930;200;28;8;9;0;0;8;9
21931;208;28;8;9;0;0;8;9
21942;216;28;8;9;0;0;8;9
21957;224;28;8;9;0;0;8;9
21987;232;28;8;9;0;0;8;9
22022;240;28;8;9;0;0;8;9
22065;248;28;8;9;0;0;8;9
22066;256;28;8;9;0;0;8;9
22120;264;28;8;9;0;0;8;9
22132;272;28;8;9;0;0;8;9
22151;280;28;8;9;0;0;8;9
22234;288;28;8;9;0;0;8;9
22235;296;28;8;9;0;0;8;9
22238;304;28;8;9;0;0;8;9
22240;312;28;8;9;0;0;8;9
22243;320;28;8;9;0;0;8;9
22256;328;28;8;9;0;0;8;9
22258;336;28;8;9;0;0;8;9
22259;344;28;8;9;0;0;8;9
22266;352;28;8;9;0;0;8;9
22269;360;28;8;9;0;0;8;9
22287;368;28;8;9;0;0;8;9
22290;376;28;8;9;0;0;8;9
22303;384;28;8;9;0;0;8;9
22311;392;28;8;9;0;0;8;9
22312;400;28;8;9;0;0;8;9
22320;408;28;8;9;0;0;8;9
22338;416;28;8;9;0;0;8;9
22343;424;28;8;9;0;0;8;9
22346;432;28;8;9;0;0;8;9
22353;440;28;8;9;0;0;8;9
22378;448;28;8;9;0;0;8;9
22402;456;28;8;9;0;0;8;9
22411;464;28;8;9;0;0;8;9
22435;472;28;8;9;0;0;8;9
22475;480;28;8;9;0;0;8;9
22478;488;28;8;9;0;0;8;9
22495;496;28;8;9;0;0;8;9
22519;504;28;8;9;0;0;8;9
22521;512;28;8;9;0;0;8;9
22522;520;28;8;9;0;0;8;9
22524;528;28;8;9;0;0;8;9
22528;536;28;8;9;0;0;8;9
22530;544;28;8;9;0;0;8;9
22533;552;28;8;9;0;0;8;9
22534;560;28;8;9;0;0;8;9
22549;568;28;8;9;0;0;8;9
22564;576;28;8;9;0;0;8;9
22570;584;28;8;9;0;0;8;9
22577;592;28;8;9;0;0;8;9
22580;600;28;8;9;0;0;8;9
22592;608;28;8;9;0;0;8;9
22593;616;28;8;9;0;0;8;9
22602;624;28;8;9;0;0;8;9
22609;632;28;8;9;0;0;8;9
22612;640;28;8;9;0;0;8;9
22615;648;28;8;9;0;0;8;9
22618;656;28;8;9;0;0;8;9
22622;664;28;8;9;0;0;8;9
22625;672;28;8;9;0;0;8;9
22633;680;28;8;9;0;0;8;9
22654;688;28;8;9;0;0;8;9
22659;696;28;8;9;0;0;8;9
22675;704;28;8;9;0;0;8;9
22679;712;28;8;9;0;0;8;9
22684;720;28;8;9;0;0;8;9
22696;728;28;8;9;0;0;8;9
22707;736;28;8;9;0;0;8;9
22718;744;28;8;9;0;0;8;9
22721;752;28;8;9;0;0;8;9
22727;760;28;8;9;0;0;8;9
22730;768;28;8;9;0;0;8;9
22732;776;28;8;9;0;0;8;9
22763;784;28;8;9;0;0;8;9
22766;792;28;8;9;0;0;8;9
22768;800;28;8;9;0;0;8;9
22769;808;28;8;9;0;0;8;9
22770;816;28;8;9;0;0;8;9
22793;824;28;8;9;0;0;8;9
22799;832;28;8;9;0;0;8;9
22805;840;28;8;9;0;0;8;9
22806;848;28;8;9;0;0;8;9
22810;856;28;8;9;0;0;8;9
22812;864;28;8;9;0;0;8;9
22818;872;28;8;9;0;0;8;9
22823;880;28;8;9;0;0;8;9
22825;888;28;8;9;0;0;8;9
22826;896;28;8;9;0;0;8;9
22827;904;28;8;9;0;0;8;9
22830;912;28;8;9;0;0;8;9
22833;920;28;8;9;0;0;8;9
22855;928;28;8;9;0;0;8;9
22856;936;28;8;9;0;0;8;9
22857;944;28;8;9;0;0;8;9
22863;952;28;8;9;0;0;8;9
22865;960;28;8;9;0;0;8;9
22868;968;28;8;9;0;0;8;9
22885;976;28;8;9;0;0;8;9
22888;984;28;8;9;0;0;8;9
22890;992;28;8;9;0;0;8;9
22894;1000;28;8;9;0;0;8;9
22899;1008;28;8;9;0;0;8;9
22900;1016;28;8;9;0;0;8;9
22909;1024;28;8;9;0;0;8;9
22914;1032;28;8;9;0;0;8;9
22915;1040;28;8;9;0;0;8;9
22916;1048;28;8;9;0;0;8;9
22922;1056;28;8;9;0;0;8;9
22934;1064;28;8;9;0;0;8;9
22937;1072;28;8;9;0;0;8;9
22949;1080;28;8;9;0;0;8;9
22952;1088;28;8;9;0;0;8;9
22956;1096;28;8;9;0;0;8;9
22969;1104;28;8;9;0;0;8;9
22971;1112;28;8;9;0;0;8;9
22985;1120;28;8;9;0;0;8;9
22987;1128;28;8;9;0;0;8;9
22995;1136;28;8;9;0;0;8;9
22996;1144;28;8;9;0;0;8;9
23019;1152;28;8;9;0;0;8;9
23035;1160;28;8;9;0;0;8;9
23039;1168;28;8;9;0;0;8;9
23041;1176;28;8;9;0;0;8;9
23064;1184;28;8;9;0;0;8;9
23072;1192;28;8;9;0;0;8;9
23087;1200;28;8;9;0;0;8;9
23110;1208;28;8;9;0;0;8;9
23130;1216;28;8;9;0;0;8;9
23142;1224;28;8;9;0;0;8;9
23167;1232;28;8;9;0;0;8;9
23186;1240;28;8;9;0;0;8;9
23195;1248;28;8;9;0;0;8;9
23233;1256;28;8;9;0;0;8;9
23241;1264;28;8;9;0;0;8;9
23244;1272;28;8;9;0;0;8;9
23265;1280;28;8;9;0;0;8;9
23330;1288;28;8;9;0;0;8;9
23376;1296;28;8;9;0;0;8;9
23380;1304;28;8;9;0;0;8;9
23383;1312;28;8;9;0;0;8;9
23384;1320;28;8;9;0;0;8;9
23389;1328;28;8;9;0;0;8;9
23395;1336;28;8;9;0;0;8;9
23396;1344;28;8;9;0;0;8;9
23398;1352;28;8;9;0;0;8;9
23403;1360;28;8;9;0;0;8;9
23429;1368;28;8;9;0;0;8;9
23431;1376;28;8;9;0;0;8;9
23432;1384;28;8;9;0;0;8;9
23433;1392;28;8;9;0;0;8;9
23436;1400;28;8;9;0;0;8;9
23447;1408;28;8;9;0;0;8;9
23448;1416;28;8;9;0;0;8;9
23449;1424;28;8;9;0;0;8;9
23450;1432;28;8;9;0;0;8;9
23451;1440;28;8;9;0;0;8;9
23452;1448;28;8;9;0;0;8;9
23453;1456;28;8;9;0;0;8;9
23455;1464;28;8;9;0;0;8;9
23458;1472;28;8;9;0;0;8;9
23459;1480;28;8;9;0;0;8;9
23460;1488;28;8;9;0;0;8;9
23470;1496;28;8;9;0;0;8;9
23472;1504;28;8;9;0;0;8;9
23475;1512;28;8;9;0;0;8;9
23476;1520;28;8;9;0;0;8;9
23477;1528;28;8;9;0;0;8;9
23478;1536;28;8;9;0;0;8;9
23481;1544;28;8;9;0;0;8;9
23487;1552;28;8;9;0;0;8;9
23490;1560;28;8;9;0;0;8;9
23492;1568;28;8;9;0;0;8;9
23494;1576;28;8;9;0;0;8;9
23500;1584;28;8;9;0;0;8;9
23506;1592;28;8;9;0;0;8;9
23515;1600;28;8;9;0;0;8;9
23517;1608;28;8;9;0;0;8;9
23519;1616;28;8;9;0;0;8;9
23521;1624;28;8;9;0;0;8;9
23527;1632;28;8;9;0;0;8;9
23529;1640;28;8;9;0;0;8;9
23534;1648;28;8;9;0;0;8;9
23544;1656;28;8;9;0;0;8;9
23546;1664;28;8;9;0;0;8;9
23550;1672;28;8;9;0;0;8;9
23551;1680;28;8;9;0;0;8;9
23553;1688;28;8;9;0;0;8;9
23554;1696;28;8;9;0;0;8;9
23556;1704;28;8;9;0;0;8;9
23558;1712;28;8;9;0;0;8;9
23561;1720;28;8;9;0;0;8;9
23562;1728;28;8;9;0;0;8;9
23563;1736;28;8;9;0;0;8;9
23566;1744;28;8;9;0;0;8;9
23567;1752;28;8;9;0;0;8;9
23569;1760;28;8;9;0;0;8;9
23578;1768;28;8;9;0;0;8;9
23601;1776;28;8;9;0;0;8;9
23610;1784;28;8;9;0;0;8;9
23611;1792;28;8;9;0;0;8;9
23612;1800;28;8;9;0;0;8;9
23613;1808;28;8;9;0;0;8;9
23614;1816;28;8;9;0;0;8;9
23615;1824;28;8;9;0;0;8;9
23616;1832;28;8;9;0;0;8;9
23621;1840;28;8;9;0;0;8;9
23624;1848;28;8;9;0;0;8;9
23626;1856;28;8;9;0;0;8;9
23627;1864;28;8;9;0;0;8;9
23637;1872;28;8;9;0;0;8;9
23646;1880;28;8;9;0;0;8;9
23652;1888;28;8;9;0;0;8;9
23653;1896;28;8;9;0;0;8;9
23663;1904;28;8;9;0;0;8;9
23665;1912;28;8;9;0;0;8;9
23696;1920;28;8;9;0;0;8;9
23713;1928;28;8;9;0;0;8;9
23721;1936;28;8;9;0;0;8;9
23724;1944;28;8;9;0;0;8;9
23731;1952;28;8;9;0;0;8;9
23736;1960;28;8;9;0;0;8;9
23776;1968;28;8;9;0;0;8;9
23777;1976;28;8;9;0;0;8;9
23792;1984;28;8;9;0;0;8;9
23798;1992;28;8;9;0;0;8;9
23815;2000;28;8;9;0;0;8;9
23822;2008;28;8;9;0;0;8;9
23830;2016;28;8;9;0;0;8;9
23849;2024;28;8;9;0;0;8;9
23888;2032;28;8;9;0;0;8;9
24029;2040;28;8;9;0;0;8;9
24030;2048;28;8;9;0;0;8;9
24033;2056;28;8;9;0;0;8;9
24035;2064;28;8;9;0;0;8;9
24037;2072;28;8;9;0;0;8;9
24038;2080;28;8;9;0;0;8;9
24039;2088;28;8;9;0;0;8;9
24040;2096;28;8;9;0;0;8;9
24046;2104;28;8;9;0;0;8;9
24049;2112;28;8;9;0;0;8;9
24059;2120;28;8;9;0;0;8;9
24062;2128;28;8;9;0;0;8;9
24066;2136;28;8;9;0;0;8;9
24067;2144;28;8;9;0;0;8;9
24070;2152;28;8;9;0;0;8;9
24076;2160;28;8;9;0;0;8;9
24093;2168;28;8;9;0;0;8;9
24101;2176;28;8;9;0;0;8;9
24107;2184;28;8;9;0;0;8;9
24109;2192;28;8;9;0;0;8;9
24111;2200;28;8;9;0;0;8;9
24112;2208;28;8;9;0;0;8;9
24115;2216;28;8;9;0;0;8;9
24120;2224;28;8;9;0;0;8;9
24125;2232;28;8;9;0;0;8;9
24133;2240;28;8;9;0;0;8;9
24149;2248;28;8;9;0;0;8;9
24163;2256;28;8;9;0;0;8;9
24178;2264;28;8;9;0;0;8;9
24179;2272;28;8;9;0;0;8;9
24180;2280;28;8;9;0;0;8;9
24184;2288;28;8;9;0;0;8;9
24185;2296;28;8;9;0;0;8;9
24187;2304;28;8;9;0;0;8;9
24188;2312;28;8;9;0;0;8;9
24189;2320;28;8;9;0;0;8;9
24190;2328;28;8;9;0;0;8;9
24193;2336;28;8;9;0;0;8;9
24195;2344;28;8;9;0;0;8;9
24202;2352;28;8;9;0;0;8;9
24207;2360;28;8;9;0;0;8;9
24213;2368;28;8;9;0;0;8;9
24215;2376;28;8;9;0;0;8;9
24220;2384;28;8;9;0;0;8;9
24230;2392;28;8;9;0;0;8;9
24231;2400;28;8;9;0;0;8;9
24235;2408;28;8;9;0;0;8;9
24237;2416;28;8;9;0;0;8;9
24246;2424;28;8;9;0;0;8;9
24247;2432;28;8;9;0;0;8;9
24248;2440;28;8;9;0;0;8;9
24259;2448;28;8;9;0;0;8;9
24265;2456;28;8;9;0;0;8;9
24266;2464;28;8;9;0;0;8;9
24310;2472;28;8;9;0;0;8;9
24311;2480;28;8;9;0;0;8;9
24314;2488;28;8;9;0;0;8;9
24321;2496;28;8;9;0;0;8;9
24324;2504;28;8;9;0;0;8;9
24330;2512;28;8;9;0;0;8;9
24335;2520;28;8;9;0;0;8;9
24336;2528;28;8;9;0;0;8;9
24339;2536;28;8;9;0;0;8;9
24340;2544;28;8;9;0;0;8;9
24341;2552;28;8;9;0;0;8;9
24351;2560;28;8;9;0;0;8;9
24357;2568;28;8;9;0;0;8;9
24358;2576;28;8;9;0;0;8;9
24359;2584;28;8;9;0;0;8;9
24369;2592;28;8;9;0;0;8;9
24373;2600;28;8;9;0;0;8;9
24375;2608;28;8;9;0;0;8;9
24382;2616;28;8;9;0;0;8;9
24403;2624;28;8;9;0;0;8;9
24409;2632;28;8;9;0;0;8;9
24418;2640;28;8;9;0;0;8;9
24425;2648;28;8;9;0;0;8;9
24427;2656;28;8;9;0;0;8;9
24432;2664;28;8;9;0;0;8;9
24433;2672;28;8;9;0;0;8;9
24441;2680;28;8;9;0;0;8;9
24444;2688;28;8;9;0;0;8;9
24448;2696;28;8;9;0;0;8;9
24449;2704;28;8;9;0;0;8;9
24452;2712;28;8;9;0;0;8;9
24453;2720;28;8;9;0;0;8;9
24459;2728;28;8;9;0;0;8;9
24460;2736;28;8;9;0;0;8;9
24464;2744;28;8;9;0;0;8;9
24466;2752;28;8;9;0;0;8;9
24467;2760;28;8;9;0;0;8;9
24471;2768;28;8;9;0;0;8;9
24481;2776;28;8;9;0;0;8;9
24489;2784;28;8;9;0;0;8;9
24490;2792;28;8;9;0;0;8;9
24494;2800;28;8;9;0;0;8;9
24499;2808;28;8;9;0;0;8;9
24500;2816;28;8;9;0;0;8;9
24505;2824;28;8;9;0;0;8;9
24515;2832;28;8;9;0;0;8;9
24517;2840;28;8;9;0;0;8;9
24524;2848;28;8;9;0;0;8;9
24525;2856;28;8;9;0;0;8;9
24535;2864;28;8;9;0;0;8;9
24536;2872;28;8;9;0;0;8;9
24537;2880;28;8;9;0;0;8;9
24540;2888;28;8;9;0;0;8;9
24544;2896;28;8;9;0;0;8;9
24555;2904;28;8;9;0;0;8;9
24565;2912;28;8;9;0;0;8;9
24594;2920;28;8;9;0;0;8;9
24598;2928;28;8;9;0;0;8;9
24605;2936;28;8;9;0;0;8;9
24608;2944;28;8;9;0;0;8;9
24613;2952;28;8;9;0;0;8;9
24615;2960;28;8;9;0;0;8;9
24616;2968;28;8;9;0;0;8;9
24618;2976;28;8;9;0;0;8;9
24651;2984;28;8;9;0;0;8;9
24656;2992;28;8;9;0;0;8;9
24658;3000;28;8;9;0;0;8;9
24675;3008;28;8;9;0;0;8;9
24677;3016;28;8;9;0;0;8;9
24680;3024;28;8;9;0;0;8;9
24681;3032;28;8;9;0;0;8;9
24685;3040;28;8;9;0;0;8;9
24687;3048;28;8;9;0;0;8;9
24693;3056;28;8;9;0;0;8;9
24724;3064;28;8;9;0;0;8;9
24735;3072;28;8;9;0;0;8;9
24736;3080;28;8;9;0;0;8;9
24739;3088;28;8;9;0;0;8;9
24742;3096;28;8;9;0;0;8;9
24745;3104;28;8;9;0;0;8;9
24746;3112;28;8;9;0;0;8;9
24754;3120;28;8;9;0;0;8;9
24764;3128;28;8;9;0;0;8;9
24773;3136;28;8;9;0;0;8;9
24785;3144;28;8;9;0;0;8;9
24796;3152;28;8;9;0;0;8;9
24807;3160;28;8;9;0;0;8;9
24808;3168;28;8;9;0;0;8;9
24816;3176;28;8;9;0;0;8;9
24819;3184;28;8;9;0;0;8;9
24833;3192;28;8;9;0;0;8;9
24841;3200;28;8;9;0;0;8;9
24847;3208;28;8;9;0;0;8;9
24858;3216;28;8;9;0;0;8;9
24859;3224;28;8;9;0;0;8;9
24863;3232;28;8;9;0;0;8;9
24900;3240;28;8;9;0;0;8;9
24904;3248;28;8;9;0;0;8;9
24907;3256;28;8;9;0;0;8;9
24908;3264;28;8;9;0;0;8;9
24910;3272;28;8;9;0;0;8;9
24917;3280;28;8;9;0;0;8;9
24930;3288;28;8;9;0;0;8;9
24931;3296;28;8;9;0;0;8;9
24936;3304;28;8;9;0;0;8;9
24942;3312;28;8;9;0;0;8;9
24944;3320;28;8;9;0;0;8;9
24950;3328;28;8;9;0;0;8;9
24962;3336;28;8;9;0;0;8;9
24974;3344;28;8;9;0;0;8;9
24996;3352;28;8;9;0;0;8;9
24999;3360;28;8;9;0;0;8;9
25001;3368;28;8;9;0;0;8;9
25004;3376;28;8;9;0;0;8;9
25010;3384;28;8;9;0;0;8;9
25014;3392;28;8;9;0;0;8;9
25022;3400;28;8;9;0;0;8;9
25031;3408;28;8;9;0;0;8;9
25040;3416;28;8;9;0;0;8;9
25074;3424;28;8;9;0;0;8;9
25080;3432;28;8;9;0;0;8;9
25104;3440;28;8;9;0;0;8;9
25105;3448;28;8;9;0;0;8;9
25106;3456;28;8;9;0;0;8;9
25114;3464;28;8;9;0;0;8;9
25126;3472;28;8;9;0;0;8;9
25135;3480;28;8;9;0;0;8;9
25140;3488;28;8;9;0;0;8;9
25144;3496;28;8;9;0;0;8;9
25147;3504;28;8;9;0;0;8;9
25151;3512;28;8;9;0;0;8;9
25152;3520;28;8;9;0;0;8;9
25159;3528;28;8;9;0;0;8;9
25161;3536;28;8;9;0;0;8;9
25163;3544;28;8;9;0;0;8;9
25165;3552;28;8;9;0;0;8;9
25171;3560;28;8;9;0;0;8;9
25173;3568;28;8;9;0;0;8;9
25201;3576;28;8;9;0;0;8;9
25206;3584;28;8;9;0;0;8;9
25209;3592;28;8;9;0;0;8;9
25215;3600;28;8;9;0;0;8;9
25216;3608;28;8;9;0;0;8;9
25220;3616;28;8;9;0;0;8;9
25226;3624;28;8;9;0;0;8;9
25233;3632;28;8;9;0;0;8;9
25237;3640;28;8;9;0;0;8;9
25239;3648;28;8;9;0;0;8;9
25240;3656;28;8;9;0;0;8;9
25244;3664;28;8;9;0;0;8;9
25246;3672;28;8;9;0;0;8;9
25259;3680;28;8;9;0;0;8;9
25265;3688;28;8;9;0;0;8;9
25269;3696;28;8;9;0;0;8;9
25273;3704;28;8;9;0;0;8;9
25276;3712;28;8;9;0;0;8;9
25277;3720;28;8;9;0;0;8;9
25285;3728;28;8;9;0;0;8;9
25289;3736;28;8;9;0;0;8;9
25293;3744;28;8;9;0;0;8;9
25296;3752;28;8;9;0;0;8;9
25298;3760;28;8;9;0;0;8;9
25299;3768;28;8;9;0;0;8;9
25304;3776;28;8;9;0;0;8;9
25305;3784;28;8;9;0;0;8;9
25307;3792;28;8;9;0;0;8;9
25309;3800;28;8;9;0;0;8;9
25312;3808;28;8;9;0;0;8;9
25313;3816;28;8;9;0;0;8;9
25324;3824;28;8;9;0;0;8;9
25325;3832;28;8;9;0;0;8;9
25331;3840;28;8;9;0;0;8;9
25334;3848;28;8;9;0;0;8;9
25335;3856;28;8;9;0;0;8;9
25342;3864;28;8;9;0;0;8;9
25345;3872;28;8;9;0;0;8;9
25351;3880;28;8;9;0;0;8;9
25361;3888;28;8;9;0;0;8;9
25369;3896;28;8;9;0;0;8;9
25375;3904;28;8;9;0;0;8;9
25384;3912;28;8;9;0;0;8;9
25387;3920;28;8;9;0;0;8;9
25391;3928;28;8;9;0;0;8;9
25407;3936;28;8;9;0;0;8;9
25417;3944;28;8;9;0;0;8;9
25429;3952;28;8;9;0;0;8;9
25431;3960;28;8;9;0;0;8;9
25436;3968;28;8;9;0;0;8;9
25448;3976;28;8;9;0;0;8;9
25454;3984;28;8;9;0;0;8;9
25467;3992;28;8;9;0;0;8;9
25475;4000;28;8;9;0;0;8;9
25480;4008;28;8;9;0;0;8;9
25484;4016;28;8;9;0;0;8;9
25490;4024;28;8;9;0;0;8;9
25496;4032;28;8;9;0;0;8;9
25499;4040;28;8;9;0;0;8;9
25505;4048;28;8;9;0;0;8;9
25506;4056;28;8;9;0;0;8;9
25509;4064;28;8;9;0;0;8;9
25511;4072;28;8;9;0;0;8;9
25512;4080;28;8;9;0;0;8;9
25514;4088;28;8;9;0;0;8;9
25522;0;37;8;9;0;0;8;9
25551;8;37;8;9;0;0;8;9
25552;16;37;8;9;0;0;8;9
25562;24;37;8;9;0;0;8;9
25563;32;37;8;9;0;0;8;9
25569;40;37;8;9;0;0;8;9
25582;48;37;8;9;0;0;8;9
25588;56;37;8;9;0;0;8;9
25594;64;37;8;9;0;0;8;9
25613;72;37;8;9;0;0;8;9
25644;80;37;8;9;0;0;8;9
25645;88;37;8;9;0;0;8;9
25658;96;37;8;9;0;0;8;9
25662;104;37;8;9;0;0;8;9
25666;112;37;8;9;0;0;8;9
25688;120;37;8;9;0;0;8;9
25705;128;37;8;9;0;0;8;9
25711;136;37;8;9;0;0;8;9
25731;144;37;8;9;0;0;8;9
25764;152;37;8;9;0;0;8;9
25774;160;37;8;9;0;0;8;9
25778;168;37;8;9;0;0;8;9
25793;176;37;8;9;0;0;8;9
25805;184;37;8;9;0;0;8;9
25830;192;37;8;9;0;0;8;9
25836;200;37;8;9;0;0;8;9
25903;208;37;8;9;0;0;8;9
25913;216;37;8;9;0;0;8;9
25915;224;37;8;9;0;0;8;9
25918;232;37;8;9;0;0;8;9
25919;240;37;8;9;0;0;8;9
25925;248;37;8;9;0;0;8;9
25935;256;37;8;9;0;0;8;9
25937;264;37;8;9;0;0;8;9
25943;272;37;8;9;0;0;8;9
25945;280;37;8;9;0;0;8;9
25954;288;37;8;9;0;0;8;9
25955;296;37;8;9;0;0;8;9
25964;304;37;8;9;0;0;8;9
25968;312;37;8;9;0;0;8;9
25972;320;37;8;9;0;0;8;9
25973;328;37;8;9;0;0;8;9
25975;336;37;8;9;0;0;8;9
25991;344;37;8;9;0;0;8;9
25993;352;37;8;9;0;0;8;9
25998;360;37;8;9;0;0;8;9
26001;368;37;8;9;0;0;8;9
26007;376;37;8;9;0;0;8;9
26009;384;37;8;9;0;0;8;9
26012;392;37;8;9;0;0;8;9
26020;400;37;8;9;0;0;8;9
26021;408;37;8;9;0;0;8;9
26028;416;37;8;9;0;0;8;9
26029;424;37;8;9;0;0;8;9
26032;432;37;8;9;0;0;8;9
26041;440;37;8;9;0;0;8;9
26045;448;37;8;9;0;0;8;9
26053;456;37;8;9;0;0;8;9
26059;464;37;8;9;0;0;8;9
26063;472;37;8;9;0;0;8;9
26071;480;37;8;9;0;0;8;9
26082;488;37;8;9;0;0;8;9
26085;496;37;8;9;0;0;8;9
26086;504;37;8;9;0;0;8;9
26087;512;37;8;9;0;0;8;9
26088;520;37;8;9;0;0;8;9
26089;528;37;8;9;0;0;8;9
26092;536;37;8;9;0;0;8;9
26106;544;37;8;9;0;0;8;9
26118;552;37;8;9;0;0;8;9
26119;560;37;8;9;0;0;8;9
26126;568;37;8;9;0;0;8;9
26131;576;37;8;9;0;0;8;9
26132;584;37;8;9;0;0;8;9
26143;592;37;8;9;0;0;8;9
26144;600;37;8;9;0;0;8;9
26149;608;37;8;9;0;0;8;9
26151;616;37;8;9;0;0;8;9
26152;624;37;8;9;0;0;8;9
26157;632;37;8;9;0;0;8;9
26159;640;37;8;9;0;0;8;9
26172;648;37;8;9;0;0;8;9
26178;656;37;8;9;0;0;8;9
26217;664;37;8;9;0;0;8;9
26222;672;37;8;9;0;0;8;9
26223;680;37;8;9;0;0;8;9
26228;688;37;8;9;0;0;8;9
26230;696;37;8;9;0;0;8;9
26241;704;37;8;9;0;0;8;9
26247;712;37;8;9;0;0;8;9
26257;720;37;8;9;0;0;8;9
26262;728;37;8;9;0;0;8;9
26263;736;37;8;9;0;0;8;9
26278;744;37;8;9;0;0;8;9
26283;752;37;8;9;0;0;8;9
26286;760;37;8;9;0;0;8;9
26292;768;37;8;9;0;0;8;9
26311;776;37;8;9;0;0;8;9
26326;784;37;8;9;0;0;8;9
26332;792;37;8;9;0;0;8;9
26354;800;37;8;9;0;0;8;9
26356;808;37;8;9;0;0;8;9
26360;816;37;8;9;0;0;8;9
26361;824;37;8;9;0;0;8;9
26365;832;37;8;9;0;0;8;9
26367;840;37;8;9;0;0;8;9
26368;848;37;8;9;0;0;8;9
26376;856;37;8;9;0;0;8;9
26377;864;37;8;9;0;0;8;9
26381;872;37;8;9;0;0;8;9
26389;880;37;8;9;0;0;8;9
26391;888;37;8;9;0;0;8;9
26395;896;37;8;9;0;0;8;9
26397;904;37;8;9;0;0;8;9
26399;912;37;8;9;0;0;8;9
26408;920;37;8;9;0;0;8;9
26410;928;37;8;9;0;0;8;9
26411;936;37;8;9;0;0;8;9
26412;944;37;8;9;0;0;8;9
26413;952;37;8;9;0;0;8;9
26417;960;37;8;9;0;0;8;9
26420;968;37;8;9;0;0;8;9
26426;976;37;8;9;0;0;8;9
26429;984;37;8;9;0;0;8;9
26441;992;37;8;9;0;0;8;9
26448;1000;37;8;9;0;0;8;9
26449;1008;37;8;9;0;0;8;9
26463;1016;37;8;9;0;0;8;9
26465;1024;37;8;9;0;0;8;9
26469;1032;37;8;9;0;0;8;9
26479;1040;37;8;9;0;0;8;9
26481;1048;37;8;9;0;0;8;9
26494;1056;37;8;9;0;0;8;9
26495;1064;37;8;9;0;0;8;9
26512;1072;37;8;9;0;0;8;9
26517;1080;37;8;9;0;0;8;9
26519;1088;37;8;9;0;0;8;9
26522;1096;37;8;9;0;0;8;9
26524;1104;37;8;9;0;0;8;9
26525;1112;37;8;9;0;0;8;9
26528;1120;37;8;9;0;0;8;9
26530;1128;37;8;9;0;0;8;9
26543;1136;37;8;9;0;0;8;9
26550;1144;37;8;9;0;0;8;9
26564;1152;37;8;9;0;0;8;9
26576;1160;37;8;9;0;0;8;9
26579;1168;37;8;9;0;0;8;9
26580;1176;37;8;9;0;0;8;9
26609;1184;37;8;9;0;0;8;9
26611;1192;37;8;9;0;0;8;9
26613;1200;37;8;9;0;0;8;9
26619;1208;37;8;9;0;0;8;9
26623;1216;37;8;9;0;0;8;9
26627;1224;37;8;9;0;0;8;9
26628;1232;37;8;9;0;0;8;9
26643;1240;37;8;9;0;0;8;9
26657;1248;37;8;9;0;0;8;9
26666;1256;37;8;9;0;0;8;9
26680;1264;37;8;9;0;0;8;9
26681;1272;37;8;9;0;0;8;9
26684;1280;37;8;9;0;0;8;9
26685;1288;37;8;9;0;0;8;9
26689;1296;37;8;9;0;0;8;9
26691;1304;37;8;9;0;0;8;9
26696;1312;37;8;9;0;0;8;9
26705;1320;37;8;9;0;0;8;9
26716;1328;37;8;9;0;0;8;9
26719;1336;37;8;9;0;0;8;9
26757;1344;37;8;9;0;0;8;9
26775;1352;37;8;9;0;0;8;9
26792;1360;37;8;9;0;0;8;9
26800;1368;37;8;9;0;0;8;9
26820;1376;37;8;9;0;0;8;9
26827;1384;37;8;9;0;0;8;9
26834;1392;37;8;9;0;0;8;9
26842;1400;37;8;9;0;0;8;9
26847;1408;37;8;9;0;0;8;9
26862;1416;37;8;9;0;0;8;9
26874;1424;37;8;9;0;0;8;9
26885;1432;37;8;9;0;0;8;9
26893;1440;37;8;9;0;0;8;9
26894;1448;37;8;9;0;0;8;9
26908;1456;37;8;9;0;0;8;9
26989;1464;37;8;9;0;0;8;9
26997;1472;37;8;9;0;0;8;9
26999;1480;37;8;9;0;0;8;9
27004;1488;37;8;9;0;0;8;9
27005;1496;37;8;9;0;0;8;9
27010;1504;37;8;9;0;0;8;9
27083;1512;37;8;9;0;0;8;9
27096;1520;37;8;9;0;0;8;9
27133;1528;37;8;9;0;0;8;9
27161;1536;37;8;9;0;0;8;9
27169;1544;37;8;9;0;0;8;9
27177;1552;37;8;9;0;0;8;9
27178;1560;37;8;9;0;0;8;9
27193;1568;37;8;9;0;0;8;9
27211;1576;37;8;9;0;0;8;9
27231;1584;37;8;9;0;0;8;9
27396;1592;37;8;9;0;0;8;9
27424;1600;37;8;9;0;0;8;9
27425;1608;37;8;9;0;0;8;9
27431;1616;37;8;9;0;0;8;9
27442;1624;37;8;9;0;0;8;9
27450;1632;37;8;9;0;0;8;9
27454;1640;37;8;9;0;0;8;9
27468;1648;37;8;9;0;0;8;9
27475;1656;37;8;9;0;0;8;9
27490;1664;37;8;9;0;0;8;9
27491;1672;37;8;9;0;0;8;9
27494;1680;37;8;9;0;0;8;9
27497;1688;37;8;9;0;0;8;9
27503;1696;37;8;9;0;0;8;9
27507;1704;37;8;9;0;0;8;9
27508;1712;37;8;9;0;0;8;9
27515;1720;37;8;9;0;0;8;9
27529;1728;37;8;9;0;0;8;9
27530;1736;37;8;9;0;0;8;9
27531;1744;37;8;9;0;0;8;9
27542;1752;37;8;9;0;0;8;9
27572;1760;37;8;9;0;0;8;9
27573;1768;37;8;9;0;0;8;9
27578;1776;37;8;9;0;0;8;9
27579;1784;37;8;9;0;0;8;9
27583;1792;37;8;9;0;0;8;9
27584;1800;37;8;9;0;0;8;9
27597;1808;37;8;9;0;0;8;9
27598;1816;37;8;9;0;0;8;9
27602;1824;37;8;9;0;0;8;9
27604;1832;37;8;9;0;0;8;9
27611;1840;37;8;9;0;0;8;9
27663;1848;37;8;9;0;0;8;9
27665;1856;37;8;9;0;0;8;9
27671;1864;37;8;9;0;0;8;9
27700;1872;37;8;9;0;0;8;9
27703;1880;37;8;9;0;0;8;9
27704;1888;37;8;9;0;0;8;9
27710;1896;37;8;9;0;0;8;9
27713;1904;37;8;9;0;0;8;9
27714;1912;37;8;9;0;0;8;9
27726;1920;37;8;9;0;0;8;9
27735;1928;37;8;9;0;0;8;9
27738;1936;37;8;9;0;0;8;9
27743;1944;37;8;9;0;0;8;9
27744;1952;37;8;9;0;0;8;9
27760;1960;37;8;9;0;0;8;9
27770;1968;37;8;9;0;0;8;9
27773;1976;37;8;9;0;0;8;9
27779;1984;37;8;9;0;0;8;9
27784;1992;37;8;9;0;0;8;9
27798;2000;37;8;9;0;0;8;9
27801;2008;37;8;9;0;0;8;9
27809;2016;37;8;9;0;0;8;9
27810;2024;37;8;9;0;0;8;9
27827;2032;37;8;9;0;0;8;9
27832;2040;37;8;9;0;0;8;9
27833;2048;37;8;9;0;0;8;9
27835;2056;37;8;9;0;0;8;9
27836;2064;37;8;9;0;0;8;9
27839;2072;37;8;9;0;0;8;9
27841;2080;37;8;9;0;0;8;9
27849;2088;37;8;9;0;0;8;9
27850;2096;37;8;9;0;0;8;9
27852;2104;37;8;9;0;0;8;9
27861;2112;37;8;9;0;0;8;9
27873;2120;37;8;9;0;0;8;9
27874;2128;37;8;9;0;0;8;9
27875;2136;37;8;9;0;0;8;9
27877;2144;37;8;9;0;0;8;9
27880;2152;37;8;9;0;0;8;9
27888;2160;37;8;9;0;0;8;9
27891;2168;37;8;9;0;0;8;9
27915;2176;37;8;9;0;0;8;9
27927;2184;37;8;9;0;0;8;9
27934;2192;37;8;9;0;0;8;9
27941;2200;37;8;9;0;0;8;9
27946;2208;37;8;9;0;0;8;9
27963;2216;37;8;9;0;0;8;9
27966;2224;37;8;9;0;0;8;9
27969;2232;37;8;9;0;0;8;9
27972;2240;37;8;9;0;0;8;9
27973;2248;37;8;9;0;0;8;9
27996;2256;37;8;9;0;0;8;9
28006;2264;37;8;9;0;0;8;9
28010;2272;37;8;9;0;0;8;9
28014;2280;37;8;9;0;0;8;9
28020;2288;37;8;9;0;0;8;9
28023;2296;37;8;9;0;0;8;9
28024;2304;37;8;9;0;0;8;9
28040;2312;37;8;9;0;0;8;9
28057;2320;37;8;9;0;0;8;9
28079;2328;37;8;9;0;0;8;9
28082;2336;37;8;9;0;0;8;9
28092;2344;37;8;9;0;0;8;9
28113;2352;37;8;9;0;0;8;9
28129;2360;37;8;9;0;0;8;9
28139;2368;37;8;9;0;0;8;9
28145;2376;37;8;9;0;0;8;9
28151;2384;37;8;9;0;0;8;9
28155;2392;37;8;9;0;0;8;9
28165;2400;37;8;9;0;0;8;9
28167;2408;37;8;9;0;0;8;9
28168;2416;37;8;9;0;0;8;9
28169;2424;37;8;9;0;0;8;9
28171;2432;37;8;9;0;0;8;9
28179;2440;37;8;9;0;0;8;9
28187;2448;37;8;9;0;0;8;9
28193;2456;37;8;9;0;0;8;9
28198;2464;37;8;9;0;0;8;9
28201;2472;37;8;9;0;0;8;9
28204;2480;37;8;9;0;0;8;9
28207;2488;37;8;9;0;0;8;9
28246;2496;37;8;9;0;0;8;9
28263;2504;37;8;9;0;0;8;9
28271;2512;37;8;9;0;0;8;9
28286;2520;37;8;9;0;0;8;9
28287;2528;37;8;9;0;0;8;9
28288;2536;37;8;9;0;0;8;9
28304;2544;37;8;9;0;0;8;9
28310;2552;37;8;9;0;0;8;9
28317;2560;37;8;9;0;0;8;9
28342;2568;37;8;9;0;0;8;9
28346;2576;37;8;9;0;0;8;9
28357;2584;37;8;9;0;0;8;9
28363;2592;37;8;9;0;0;8;9
28369;2600;37;8;9;0;0;8;9
28381;2608;37;8;9;0;0;8;9
28382;2616;37;8;9;0;0;8;9
28404;2624;37;8;9;0;0;8;9
28417;2632;37;8;9;0;0;8;9
28418;2640;37;8;9;0;0;8;9
28422;2648;37;8;9;0;0;8;9
28431;2656;37;8;9;0;0;8;9
28436;2664;37;8;9;0;0;8;9
28448;2672;37;8;9;0;0;8;9
28450;2680;37;8;9;0;0;8;9
28459;2688;37;8;9;0;0;8;9
28460;2696;37;8;9;0;0;8;9
28472;2704;37;8;9;0;0;8;9
28500;2712;37;8;9;0;0;8;9
28508;2720;37;8;9;0;0;8;9
28511;2728;37;8;9;0;0;8;9
28516;2736;37;8;9;0;0;8;9
28526;2744;37;8;9;0;0;8;9
28528;2752;37;8;9;0;0;8;9
28548;2760;37;8;9;0;0;8;9
28608;2768;37;8;9;0;0;8;9
28609;2776;37;8;9;0;0;8;9
28611;2784;37;8;9;0;0;8;9
28651;2792;37;8;9;0;0;8;9
28655;2800;37;8;9;0;0;8;9
28716;2808;37;8;9;0;0;8;9
28779;2816;37;8;9;0;0;8;9
28783;2824;37;8;9;0;0;8;9
28784;2832;37;8;9;0;0;8;9
28797;2840;37;8;9;0;0;8;9
28809;2848;37;8;9;0;0;8;9
28810;2856;37;8;9;0;0;8;9
28814;2864;37;8;9;0;0;8;9
28845;2872;37;8;9;0;0;8;9
28857;2880;37;8;9;0;0;8;9
28858;2888;37;8;9;0;0;8;9
28872;2896;37;8;9;0;0;8;9
28961;2904;37;8;9;0;0;8;9
28966;2912;37;8;9;0;0;8;9
28982;2920;37;8;9;0;0;8;9
28988;2928;37;8;9;0;0;8;9
29006;2936;37;8;9;0;0;8;9
29017;2944;37;8;9;0;0;8;9
29031;2952;37;8;9;0;0;8;9
29033;2960;37;8;9;0;0;8;9
29038;2968;37;8;9;0;0;8;9
29066;2976;37;8;9;0;0;8;9
29087;2984;37;8;9;0;0;8;9
29105;2992;37;8;9;0;0;8;9
29123;3000;37;8;9;0;0;8;9
29157;3008;37;8;9;0;0;8;9
29190;3016;37;8;9;0;0;8;9
29226;3024;37;8;9;0;0;8;9
29237;3032;37;8;9;0;0;8;9
29238;3040;37;8;9;0;0;8;9
29245;3048;37;8;9;0;0;8;9
29255;3056;37;8;9;0;0;8;9
29256;3064;37;8;9;0;0;8;9
29273;3072;37;8;9;0;0;8;9
29275;3080;37;8;9;0;0;8;9
29287;3088;37;8;9;0;0;8;9
29289;3096;37;8;9;0;0;8;9
29298;3104;37;8;9;0;0;8;9
29305;3112;37;8;9;0;0;8;9
29344;3120;37;8;9;0;0;8;9
29356;3128;37;8;9;0;0;8;9
29359;3136;37;8;9;0;0;8;9
29366;3144;37;8;9;0;0;8;9
29378;3152;37;8;9;0;0;8;9
29401;3160;37;8;9;0;0;8;9
29417;3168;37;8;9;0;0;8;9
29420;3176;37;8;9;0;0;8;9
29421;3184;37;8;9;0;0;8;9
29467;3192;37;8;9;0;0;8;9
29471;3200;37;8;9;0;0;8;9
29483;3208;37;8;9;0;0;8;9
29486;3216;37;8;9;0;0;8;9
29494;3224;37;8;9;0;0;8;9
29503;3232;37;8;9;0;0;8;9
29508;3240;37;8;9;0;0;8;9
29539;3248;37;8;9;0;0;8;9
29554;3256;37;8;9;0;0;8;9
29572;3264;37;8;9;0;0;8;9
29575;3272;37;8;9;0;0;8;9
29577;3280;37;8;9;0;0;8;9
29579;3288;37;8;9;0;0;8;9
29609;3296;37;8;9;0;0;8;9
29645;3304;37;8;9;0;0;8;9
29664;3312;37;8;9;0;0;8;9
29677;3320;37;8;9;0;0;8;9
29694;3328;37;8;9;0;0;8;9
29699;3336;37;8;9;0;0;8;9
29702;3344;37;8;9;0;0;8;9
29748;3352;37;8;9;0;0;8;9
29792;3360;37;8;9;0;0;8;9
29827;3368;37;8;9;0;0;8;9
29863;3376;37;8;9;0;0;8;9
29872;3384;37;8;9;0;0;8;9
29885;3392;37;8;9;0;0;8;9
29926;3400;37;8;9;0;0;8;9
29942;3408;37;8;9;0;0;8;9
29976;3416;37;8;9;0;0;8;9
29978;3424;37;8;9;0;0;8;9
29983;3432;37;8;9;0;0;8;9
29987;3440;37;8;9;0;0;8;9
29992;3448;37;8;9;0;0;8;9
30000;3456;37;8;9;0;0;8;9
30001;3464;37;8;9;0;0;8;9
30002;3472;37;8;9;0;0;8;9
30003;3480;37;8;9;0;0;8;9
30007;3488;37;8;9;0;0;8;9
30010;3496;37;8;9;0;0;8;9
30011;3504;37;8;9;0;0;8;9
30028;3512;37;8;9;0;0;8;9
30031;3520;37;8;9;0;0;8;9
30033;3528;37;8;9;0;0;8;9
30036;3536;37;8;9;0;0;8;9
30041;3544;37;8;9;0;0;8;9
30044;3552;37;8;9;0;0;8;9
30045;3560;37;8;9;0;0;8;9
30053;3568;37;8;9;0;0;8;9
30058;3576;37;8;9;0;0;8;9
30064;3584;37;8;9;0;0;8;9
30067;3592;37;8;9;0;0;8;9
30079;3600;37;8;9;0;0;8;9
30094;3608;37;8;9;0;0;8;9
30097;3616;37;8;9;0;0;8;9
30123;3624;37;8;9;0;0;8;9
30130;3632;37;8;9;0;0;8;9
30142;3640;37;8;9;0;0;8;9
30149;3648;37;8;9;0;0;8;9
30151;3656;37;8;9;0;0;8;9
30165;3664;37;8;9;0;0;8;9
30168;3672;37;8;9;0;0;8;9
30171;3680;37;8;9;0;0;8;9
30178;3688;37;8;9;0;0;8;9
30185;3696;37;8;9;0;0;8;9
30196;3704;37;8;9;0;0;8;9
30221;3712;37;8;9;0;0;8;9
30274;3720;37;8;9;0;0;8;9
30290;3728;37;8;9;0;0;8;9
30294;3736;37;8;9;0;0;8;9
30330;3744;37;8;9;0;0;8;9
30331;3752;37;8;9;0;0;8;9
30333;3760;37;8;9;0;0;8;9
30334;3768;37;8;9;0;0;8;9
30340;3776;37;8;9;0;0;8;9
30342;3784;37;8;9;0;0;8;9
30343;3792;37;8;9;0;0;8;9
30382;3800;37;8;9;0;0;8;9
30399;3808;37;8;9;0;0;8;9
30406;3816;37;8;9;0;0;8;9
30410;3824;37;8;9;0;0;8;9
30423;3832;37;8;9;0;0;8;9
30427;3840;37;8;9;0;0;8;9
30431;3848;37;8;9;0;0;8;9
30435;3856;37;8;9;0;0;8;9
30436;3864;37;8;9;0;0;8;9
30446;3872;37;8;9;0;0;8;9
30450;3880;37;8;9;0;0;8;9
30452;3888;37;8;9;0;0;8;9
30456;3896;37;8;9;0;0;8;9
30462;3904;37;8;9;0;0;8;9
30465;3912;37;8;9;0;0;8;9
30473;3920;37;8;9;0;0;8;9
30475;3928;37;8;9;0;0;8;9
30476;3936;37;8;9;0;0;8;9
30495;3944;37;8;9;0;0;8;9
30496;3952;37;8;9;0;0;8;9
30522;3960;37;8;9;0;0;8;9
30524;3968;37;8;9;0;0;8;9
30528;3976;37;8;9;0;0;8;9
30561;3984;37;8;9;0;0;8;9
30563;3992;37;8;9;0;0;8;9
30566;4000;37;8;9;0;0;8;9
30636;4008;37;8;9;0;0;8;9
30637;4016;37;8;9;0;0;8;9
30643;4024;37;8;9;0;0;8;9
30683;4032;37;8;9;0;0;8;9
30690;4040;37;8;9;0;0;8;9
30693;4048;37;8;9;0;0;8;9
30701;4056;37;8;9;0;0;8;9
30703;4064;37;8;9;0;0;8;9
30707;4072;37;8;9;0;0;8;9
30722;4080;37;8;9;0;0;8;9
30740;4088;37;8;9;0;0;8;9
30741;0;46;8;9;0;0;8;9
30770;8;46;8;9;0;0;8;9
30772;16;46;8;9;0;0;8;9
30813;24;46;8;9;0;0;8;9
30827;32;46;8;9;0;0;8;9
30828;40;46;8;9;0;0;8;9
30849;48;46;8;9;0;0;8;9
30865;56;46;8;9;0;0;8;9
30906;64;46;8;9;0;0;8;9
30913;72;46;8;9;0;0;8;9
30952;80;46;8;9;0;0;8;9
30977;88;46;8;9;0;0;8;9
30990;96;46;8;9;0;0;8;9
31034;104;46;8;9;0;0;8;9
31036;112;46;8;9;0;0;8;9
31038;120;46;8;9;0;0;8;9
31048;128;46;8;9;0;0;8;9
31049;136;46;8;9;0;0;8;9
31062;144;46;8;9;0;0;8;9
31069;152;46;8;9;0;0;8;9
31070;160;46;8;9;0;0;8;9
31077;168;46;8;9;0;0;8;9
31080;176;46;8;9;0;0;8;9
31085;184;46;8;9;0;0;8;9
31105;192;46;8;9;0;0;8;9
31109;200;46;8;9;0;0;8;9
31117;208;46;8;9;0;0;8;9
31119;216;46;8;9;0;0;8;9
31168;224;46;8;9;0;0;8;9
31169;232;46;8;9;0;0;8;9
31179;240;46;8;9;0;0;8;9
31185;248;46;8;9;0;0;8;9
31186;256;46;8;9;0;0;8;9
31192;264;46;8;9;0;0;8;9
31199;272;46;8;9;0;0;8;9
31209;280;46;8;9;0;0;8;9
31216;288;46;8;9;0;0;8;9
31227;296;46;8;9;0;0;8;9
31243;304;46;8;9;0;0;8;9
31246;312;46;8;9;0;0;8;9
31258;320;46;8;9;0;0;8;9
31278;328;46;8;9;0;0;8;9
31282;336;46;8;9;0;0;8;9
31292;344;46;8;9;0;0;8;9
31293;352;46;8;9;0;0;8;9
31295;360;46;8;9;0;0;8;9
31296;368;46;8;9;0;0;8;9
31298;376;46;8;9;0;0;8;9
31309;384;46;8;9;0;0;8;9
31311;392;46;8;9;0;0;8;9
31339;400;46;8;9;0;0;8;9
31348;408;46;8;9;0;0;8;9
31350;416;46;8;9;0;0;8;9
31354;424;46;8;9;0;0;8;9
31361;432;46;8;9;0;0;8;9
31363;440;46;8;9;0;0;8;9
31378;448;46;8;9;0;0;8;9
31379;456;46;8;9;0;0;8;9
31391;464;46;8;9;0;0;8;9
31406;472;46;8;9;0;0;8;9
31407;480;46;8;9;0;0;8;9
31435;488;46;8;9;0;0;8;9
31452;496;46;8;9;0;0;8;9
31456;504;46;8;9;0;0;8;9
31461;512;46;8;9;0;0;8;9
31471;520;46;8;9;0;0;8;9
31478;528;46;8;9;0;0;8;9
31481;536;46;8;9;0;0;8;9
31505;544;46;8;9;0;0;8;9
31515;552;46;8;9;0;0;8;9
31526;560;46;8;9;0;0;8;9
31532;568;46;8;9;0;0;8;9
31558;576;46;8;9;0;0;8;9
31561;584;46;8;9;0;0;8;9
31563;592;46;8;9;0;0;8;9
31570;600;46;8;9;0;0;8;9
31572;608;46;8;9;0;0;8;9
31574;616;46;8;9;0;0;8;9
31623;624;46;8;9;0;0;8;9
31627;632;46;8;9;0;0;8;9
31639;640;46;8;9;0;0;8;9
31649;648;46;8;9;0;0;8;9
31665;656;46;8;9;0;0;8;9
31672;664;46;8;9;0;0;8;9
31680;672;46;8;9;0;0;8;9
31684;680;46;8;9;0;0;8;9
31689;688;46;8;9;0;0;8;9
31716;696;46;8;9;0;0;8;9
31777;704;46;8;9;0;0;8;9
31807;712;46;8;9;0;0;8;9
31821;720;46;8;9;0;0;8;9
31840;728;46;8;9;0;0;8;9
31859;736;46;8;9;0;0;8;9
31881;744;46;8;9;0;0;8;9
31883;752;46;8;9;0;0;8;9
31890;760;46;8;9;0;0;8;9
31895;768;46;8;9;0;0;8;9
31896;776;46;8;9;0;0;8;9
31899;784;46;8;9;0;0;8;9
31911;792;46;8;9;0;0;8;9
31934;800;46;8;9;0;0;8;9
31958;808;46;8;9;0;0;8;9
31975;816;46;8;9;0;0;8;9
31992;824;46;8;9;0;0;8;9
31995;832;46;8;9;0;0;8;9
31998;840;46;8;9;0;0;8;9
32000;848;46;8;9;0;0;8;9
32004;856;46;8;9;0;0;8;9
32005;864;46;8;9;0;0;8;9
32011;872;46;8;9;0;0;8;9
32013;880;46;8;9;0;0;8;9
32020;888;46;8;9;0;0;8;9
32025;896;46;8;9;0;0;8;9
32026;904;46;8;9;0;0;8;9
32027;912;46;8;9;0;0;8;9
32032;920;46;8;9;0;0;8;9
32033;928;46;8;9;0;0;8;9
32034;936;46;8;9;0;0;8;9
32043;944;46;8;9;0;0;8;9
32047;952;46;8;9;0;0;8;9
32048;960;46;8;9;0;0;8;9
32051;968;46;8;9;0;0;8;9
32057;976;46;8;9;0;0;8;9
32058;984;46;8;9;0;0;8;9
32066;992;46;8;9;0;0;8;9
32068;1000;46;8;9;0;0;8;9
32076;1008;46;8;9;0;0;8;9
32080;1016;46;8;9;0;0;8;9
32094;1024;46;8;9;0;0;8;9
32097;1032;46;8;9;0;0;8;9
32102;1040;46;8;9;0;0;8;9
32113;1048;46;8;9;0;0;8;9
32117;1056;46;8;9;0;0;8;9
32118;1064;46;8;9;0;0;8;9
32121;1072;46;8;9;0;0;8;9
32153;1080;46;8;9;0;0;8;9
32154;1088;46;8;9;0;0;8;9
32173;1096;46;8;9;0;0;8;9
32177;1104;46;8;9;0;0;8;9
32178;1112;46;8;9;0;0;8;9
32187;1120;46;8;9;0;0;8;9
32191;1128;46;8;9;0;0;8;9
32202;1136;46;8;9;0;0;8;9
32207;1144;46;8;9;0;0;8;9
32209;1152;46;8;9;0;0;8;9
32210;1160;46;8;9;0;0;8;9
32218;1168;46;8;9;0;0;8;9
32224;1176;46;8;9;0;0;8;9
32232;1184;46;8;9;0;0;8;9
32233;1192;46;8;9;0;0;8;9
32239;1200;46;8;9;0;0;8;9
32244;1208;46;8;9;0;0;8;9
32251;1216;46;8;9;0;0;8;9
32257;1224;46;8;9;0;0;8;9
32260;1232;46;8;9;0;0;8;9
32283;1240;46;8;9;0;0;8;9
32294;1248;46;8;9;0;0;8;9
32299;1256;46;8;9;0;0;8;9
32302;1264;46;8;9;0;0;8;9
32318;1272;46;8;9;0;0;8;9
32321;1280;46;8;9;0;0;8;9
32330;1288;46;8;9;0;0;8;9
32340;1296;46;8;9;0;0;8;9
32341;1304;46;8;9;0;0;8;9
32365;1312;46;8;9;0;0;8;9
32368;1320;46;8;9;0;0;8;9
32566;1328;46;8;9;0;0;8;9
32618;1336;46;8;9;0;0;8;9
32622;1344;46;8;9;0;0;8;9
32624;1352;46;8;9;0;0;8;9
32626;1360;46;8;9;0;0;8;9
32629;1368;46;8;9;0;0;8;9
32631;1376;46;8;9;0;0;8;9
32645;1384;46;8;9;0;0;8;9
32650;1392;46;8;9;0;0;8;9
32654;1400;46;8;9;0;0;8;9
32670;1408;46;8;9;0;0;8;9
32676;1416;46;8;9;0;0;8;9
32680;1424;46;8;9;0;0;8;9
32681;1432;46;8;9;0;0;8;9
32701;1440;46;8;9;0;0;8;9
32705;1448;46;8;9;0;0;8;9
32716;1456;46;8;9;0;0;8;9
32722;1464;46;8;9;0;0;8;9
32763;1472;46;8;9;0;0;8;9
32764;1480;46;8;9;0;0;8;9
32769;1488;46;8;9;0;0;8;9
32771;1496;46;8;9;0;0;8;9
32773;1504;46;8;9;0;0;8;9
32784;1512;46;8;9;0;0;8;9
32789;1520;46;8;9;0;0;8;9
32791;1528;46;8;9;0;0;8;9
32819;1536;46;8;9;0;0;8;9
32854;1544;46;8;9;0;0;8;9
32862;1552;46;8;9;0;0;8;9
32884;1560;46;8;9;0;0;8;9
32887;1568;46;8;9;0;0;8;9
32905;1576;46;8;9;0;0;8;9
32908;1584;46;8;9;0;0;8;9
32918;1592;46;8;9;0;0;8;9
32920;1600;46;8;9;0;0;8;9
32925;1608;46;8;9;0;0;8;9
32929;1616;46;8;9;0;0;8;9
32930;1624;46;8;9;0;0;8;9
32933;1632;46;8;9;0;0;8;9
32937;1640;46;8;9;0;0;8;9
32938;1648;46;8;9;0;0;8;9
32943;1656;46;8;9;0;0;8;9
32946;1664;46;8;9;0;0;8;9
32954;1672;46;8;9;0;0;8;9
32963;1680;46;8;9;0;0;8;9
32966;1688;46;8;9;0;0;8;9
32972;1696;46;8;9;0;0;8;9
32974;1704;46;8;9;0;0;8;9
32990;1712;46;8;9;0;0;8;9
33012;1720;46;8;9;0;0;8;9
33016;1728;46;8;9;0;0;8;9
33021;1736;46;8;9;0;0;8;9
33026;1744;46;8;9;0;0;8;9
33029;1752;46;8;9;0;0;8;9
33031;1760;46;8;9;0;0;8;9
33032;1768;46;8;9;0;0;8;9
33034;1776;46;8;9;0;0;8;9
33050;1784;46;8;9;0;0;8;9
33073;1792;46;8;9;0;0;8;9
33075;1800;46;8;9;0;0;8;9
33102;1808;46;8;9;0;0;8;9
33104;1816;46;8;9;0;0;8;9
33109;1824;46;8;9;0;0;8;9
33131;1832;46;8;9;0;0;8;9
33136;1840;46;8;9;0;0;8;9
33144;1848;46;8;9;0;0;8;9
33145;1856;46;8;9;0;0;8;9
33146;1864;46;8;9;0;0;8;9
33178;1872;46;8;9;0;0;8;9
33180;1880;46;8;9;0;0;8;9
33181;1888;46;8;9;0;0;8;9
33192;1896;46;8;9;0;0;8;9
33203;1904;46;8;9;0;0;8;9
33222;1912;46;8;9;0;0;8;9
33235;1920;46;8;9;0;0;8;9
33251;1928;46;8;9;0;0;8;9
33256;1936;46;8;9;0;0;8;9
33258;1944;46;8;9;0;0;8;9
33261;1952;46;8;9;0;0;8;9
33267;1960;46;8;9;0;0;8;9
33268;1968;46;8;9;0;0;8;9
33276;1976;46;8;9;0;0;8;9
33288;1984;46;8;9;0;0;8;9
33292;1992;46;8;9;0;0;8;9
33294;2000;46;8;9;0;0;8;9
33303;2008;46;8;9;0;0;8;9
33310;2016;46;8;9;0;0;8;9
33311;2024;46;8;9;0;0;8;9
33322;2032;46;8;9;0;0;8;9
33324;2040;46;8;9;0;0;8;9
33334;2048;46;8;9;0;0;8;9
33335;2056;46;8;9;0;0;8;9
33337;2064;46;8;9;0;0;8;9
33351;2072;46;8;9;0;0;8;9
33382;2080;46;8;9;0;0;8;9
33391;2088;46;8;9;0;0;8;9
33394;2096;46;8;9;0;0;8;9
33398;2104;46;8;9;0;0;8;9
33419;2112;46;8;9;0;0;8;9
33437;2120;46;8;9;0;0;8;9
33455;2128;46;8;9;0;0;8;9
33457;2136;46;8;9;0;0;8;9
33459;2144;46;8;9;0;0;8;9
33464;2152;46;8;9;0;0;8;9
33469;2160;46;8;9;0;0;8;9
33495;2168;46;8;9;0;0;8;9
33499;2176;46;8;9;0;0;8;9
33509;2184;46;8;9;0;0;8;9
33510;2192;46;8;9;0;0;8;9
33521;2200;46;8;9;0;0;8;9
33538;2208;46;8;9;0;0;8;9
33550;2216;46;8;9;0;0;8;9
33576;2224;46;8;9;0;0;8;9
33590;2232;46;8;9;0;0;8;9
33609;2240;46;8;9;0;0;8;9
33618;2248;46;8;9;0;0;8;9
33624;2256;46;8;9;0;0;8;9
33655;2264;46;8;9;0;0;8;9
33738;2272;46;8;9;0;0;8;9
33740;2280;46;8;9;0;0;8;9
33747;2288;46;8;9;0;0;8;9
33756;2296;46;8;9;0;0;8;9
33775;2304;46;8;9;0;0;8;9
33806;2312;46;8;9;0;0;8;9
33853;2320;46;8;9;0;0;8;9
33865;2328;46;8;9;0;0;8;9
33879;2336;46;8;9;0;0;8;9
33883;2344;46;8;9;0;0;8;9
33900;2352;46;8;9;0;0;8;9
33976;2360;46;8;9;0;0;8;9
33988;2368;46;8;9;0;0;8;9
33995;2376;46;8;9;0;0;8;9
34065;2384;46;8;9;0;0;8;9
34101;2392;46;8;9;0;0;8;9
34109;2400;46;8;9;0;0;8;9
34180;2408;46;8;9;0;0;8;9
34214;2416;46;8;9;0;0;8;9
34218;2424;46;8;9;0;0;8;9
34219;2432;46;8;9;0;0;8;9
34220;2440;46;8;9;0;0;8;9
34253;2448;46;8;9;0;0;8;9
34276;2456;46;8;9;0;0;8;9
34281;2464;46;8;9;0;0;8;9
34299;2472;46;8;9;0;0;8;9
34382;2480;46;8;9;0;0;8;9
34384;2488;46;8;9;0;0;8;9
34394;2496;46;8;9;0;0;8;9
34396;2504;46;8;9;0;0;8;9
34398;2512;46;8;9;0;0;8;9
34411;2520;46;8;9;0;0;8;9
34425;2528;46;8;9;0;0;8;9
34442;2536;46;8;9;0;0;8;9
34453;2544;46;8;9;0;0;8;9
34503;2552;46;8;9;0;0;8;9
34509;2560;46;8;9;0;0;8;9
34542;2568;46;8;9;0;0;8;9
34562;2576;46;8;9;0;0;8;9
34588;2584;46;8;9;0;0;8;9
34701;2592;46;8;9;0;0;8;9
34880;2600;46;8;9;0;0;8;9
34886;2608;46;8;9;0;0;8;9
34892;2616;46;8;9;0;0;8;9
34899;2624;46;8;9;0;0;8;9
34903;2632;46;8;9;0;0;8;9
34907;2640;46;8;9;0;0;8;9
34909;2648;46;8;9;0;0;8;9
34913;2656;46;8;9;0;0;8;9
34915;2664;46;8;9;0;0;8;9
34920;2672;46;8;9;0;0;8;9
34928;2680;46;8;9;0;0;8;9
34935;2688;46;8;9;0;0;8;9
34955;2696;46;8;9;0;0;8;9
34966;2704;46;8;9;0;0;8;9
34987;2712;46;8;9;0;0;8;9
35009;2720;46;8;9;0;0;8;9
35010;2728;46;8;9;0;0;8;9
35013;2736;46;8;9;0;0;8;9
35023;2744;46;8;9;0;0;8;9
35029;2752;46;8;9;0;0;8;9
35036;2760;46;8;9;0;0;8;9
35064;2768;46;8;9;0;0;8;9
35069;2776;46;8;9;0;0;8;9
35070;2784;46;8;9;0;0;8;9
35079;2792;46;8;9;0;0;8;9
35088;2800;46;8;9;0;0;8;9
35090;2808;46;8;9;0;0;8;9
35167;2816;46;8;9;0;0;8;9
35186;2824;46;8;9;0;0;8;9
35199;2832;46;8;9;0;0;8;9
35201;2840;46;8;9;0;0;8;9
35206;2848;46;8;9;0;0;8;9
35207;2856;46;8;9;0;0;8;9
35211;2864;46;8;9;0;0;8;9
35215;2872;46;8;9;0;0;8;9
35222;2880;46;8;9;0;0;8;9
35226;2888;46;8;9;0;0;8;9
35239;2896;46;8;9;0;0;8;9
35242;2904;46;8;9;0;0;8;9
35251;2912;46;8;9;0;0;8;9
35282;2920;46;8;9;0;0;8;9
35299;2928;46;8;9;0;0;8;9
35302;2936;46;8;9;0;0;8;9
35328;2944;46;8;9;0;0;8;9
35330;2952;46;8;9;0;0;8;9
35331;2960;46;8;9;0;0;8;9
35336;2968;46;8;9;0;0;8;9
35342;2976;46;8;9;0;0;8;9
35347;2984;46;8;9;0;0;8;9
35351;2992;46;8;9;0;0;8;9
35352;3000;46;8;9;0;0;8;9
35359;3008;46;8;9;0;0;8;9
35370;3016;46;8;9;0;0;8;9
35373;3024;46;8;9;0;0;8;9
35377;3032;46;8;9;0;0;8;9
35379;3040;46;8;9;0;0;8;9
35380;3048;46;8;9;0;0;8;9
35386;3056;46;8;9;0;0;8;9
35388;3064;46;8;9;0;0;8;9
35408;3072;46;8;9;0;0;8;9
35412;3080;46;8;9;0;0;8;9
35413;3088;46;8;9;0;0;8;9
35422;3096;46;8;9;0;0;8;9
35424;3104;46;8;9;0;0;8;9
35427;3112;46;8;9;0;0;8;9
35430;3120;46;8;9;0;0;8;9
35433;3128;46;8;9;0;0;8;9
35438;3136;46;8;9;0;0;8;9
35440;3144;46;8;9;0;0;8;9
35441;3152;46;8;9;0;0;8;9
35442;3160;46;8;9;0;0;8;9
35443;3168;46;8;9;0;0;8;9
35463;3176;46;8;9;0;0;8;9
35465;3184;46;8;9;0;0;8;9
35468;3192;46;8;9;0;0;8;9
35469;3200;46;8;9;0;0;8;9
35475;3208;46;8;9;0;0;8;9
35477;3216;46;8;9;0;0;8;9
35480;3224;46;8;9;0;0;8;9
35486;3232;46;8;9;0;0;8;9
35488;3240;46;8;9;0;0;8;9
35492;3248;46;8;9;0;0;8;9
35500;3256;46;8;9;0;0;8;9
35501;3264;46;8;9;0;0;8;9
35504;3272;46;8;9;0;0;8;9
35506;3280;46;8;9;0;0;8;9
35519;3288;46;8;9;0;0;8;9
35527;3296;46;8;9;0;0;8;9
35531;3304;46;8;9;0;0;8;9
35542;3312;46;8;9;0;0;8;9
35558;3320;46;8;9;0;0;8;9
35559;3328;46;8;9;0;0;8;9
35565;3336;46;8;9;0;0;8;9
35566;3344;46;8;9;0;0;8;9
35576;3352;46;8;9;0;0;8;9
35582;3360;46;8;9;0;0;8;9
35584;3368;46;8;9;0;0;8;9
35585;3376;46;8;9;0;0;8;9
35588;3384;46;8;9;0;0;8;9
35598;3392;46;8;9;0;0;8;9
35609;3400;46;8;9;0;0;8;9
35611;3408;46;8;9;0;0;8;9
35613;3416;46;8;9;0;0;8;9
35617;3424;46;8;9;0;0;8;9
35641;3432;46;8;9;0;0;8;9
35672;3440;46;8;9;0;0;8;9
35676;3448;46;8;9;0;0;8;9
35686;3456;46;8;9;0;0;8;9
35696;3464;46;8;9;0;0;8;9
35698;3472;46;8;9;0;0;8;9
35703;3480;46;8;9;0;0;8;9
35895;3488;46;8;9;0;0;8;9
35910;3496;46;8;9;0;0;8;9
35914;3504;46;8;9;0;0;8;9
35930;3512;46;8;9;0;0;8;9
35937;3520;46;8;9;0;0;8;9
35946;3528;46;8;9;0;0;8;9
35980;3536;46;8;9;0;0;8;9
35997;3544;46;8;9;0;0;8;9
35998;3552;46;8;9;0;0;8;9
36000;3560;46;8;9;0;0;8;9
36001;3568;46;8;9;0;0;8;9
36002;3576;46;8;9;0;0;8;9
36007;3584;46;8;9;0;0;8;9
36008;3592;46;8;9;0;0;8;9
36009;3600;46;8;9;0;0;8;9
36010;3608;46;8;9;0;0;8;9
36011;3616;46;8;9;0;0;8;9
36012;3624;46;8;9;0;0;8;9
36015;3632;46;8;9;0;0;8;9
36020;3640;46;8;9;0;0;8;9
36023;3648;46;8;9;0;0;8;9
36024;3656;46;8;9;0;0;8;9
36027;3664;46;8;9;0;0;8;9
36028;3672;46;8;9;0;0;8;9
36031;3680;46;8;9;0;0;8;9
36032;3688;46;8;9;0;0;8;9
36034;3696;46;8;9;0;0;8;9
36035;3704;46;8;9;0;0;8;9
36036;3712;46;8;9;0;0;8;9
36039;3720;46;8;9;0;0;8;9
36042;3728;46;8;9;0;0;8;9
36051;3736;46;8;9;0;0;8;9
36059;3744;46;8;9;0;0;8;9
36060;3752;46;8;9;0;0;8;9
36062;3760;46;8;9;0;0;8;9
36064;3768;46;8;9;0;0;8;9
36066;3776;46;8;9;0;0;8;9
36070;3784;46;8;9;0;0;8;9
36074;3792;46;8;9;0;0;8;9
36077;3800;46;8;9;0;0;8;9
36092;3808;46;8;9;0;0;8;9
36104;3816;46;8;9;0;0;8;9
36196;3824;46;8;9;0;0;8;9
36198;3832;46;8;9;0;0;8;9
36208;3840;46;8;9;0;0;8;9
36212;3848;46;8;9;0;0;8;9
36215;3856;46;8;9;0;0;8;9
36229;3864;46;8;9;0;0;8;9
36234;3872;46;8;9;0;0;8;9
36259;3880;46;8;9;0;0;8;9
36275;3888;46;8;9;0;0;8;9
36317;3896;46;8;9;0;0;8;9
36321;3904;46;8;9;0;0;8;9
36335;3912;46;8;9;0;0;8;9
36339;3920;46;8;9;0;0;8;9
36341;3928;46;8;9;0;0;8;9
36362;3936;46;8;9;0;0;8;9
36367;3944;46;8;9;0;0;8;9
36394;3952;46;8;9;0;0;8;9
36468;3960;46;8;9;0;0;8;9
36493;3968;46;8;9;0;0;8;9
36523;3976;46;8;9;0;0;8;9
36554;3984;46;8;9;0;0;8;9
36556;3992;46;8;9;0;0;8;9
36557;4000;46;8;9;0;0;8;9
36562;4008;46;8;9;0;0;8;9
36575;4016;46;8;9;0;0;8;9
36578;4024;46;8;9;0;0;8;9
36600;4032;46;8;9;0;0;8;9
36605;4040;46;8;9;0;0;8;9
36611;4048;46;8;9;0;0;8;9
36617;4056;46;8;9;0;0;8;9
36637;4064;46;8;9;0;0;8;9
36649;4072;46;8;9;0;0;8;9
36650;4080;46;8;9;0;0;8;9
36664;4088;46;8;9;0;0;8;9
36676;0;55;8;9;0;0;8;9
36763;8;55;8;9;0;0;8;9
36766;16;55;8;9;0;0;8;9
36771;24;55;8;9;0;0;8;9
36785;32;55;8;9;0;0;8;9
36786;40;55;8;9;0;0;8;9
36794;48;55;8;9;0;0;8;9
36796;56;55;8;9;0;0;8;9
36805;64;55;8;9;0;0;8;9
36814;72;55;8;9;0;0;8;9
36817;80;55;8;9;0;0;8;9
36820;88;55;8;9;0;0;8;9
36843;96;55;8;9;0;0;8;9
36845;104;55;8;9;0;0;8;9
36848;112;55;8;9;0;0;8;9
36855;120;55;8;9;0;0;8;9
36861;128;55;8;9;0;0;8;9
36864;136;55;8;9;0;0;8;9
36865;144;55;8;9;0;0;8;9
36867;152;55;8;9;0;0;8;9
36870;160;55;8;9;0;0;8;9
36879;168;55;8;9;0;0;8;9
36880;176;55;8;9;0;0;8;9
36883;184;55;8;9;0;0;8;9
36884;192;55;8;9;0;0;8;9
36890;200;55;8;9;0;0;8;9
36893;208;55;8;9;0;0;8;9
36895;216;55;8;9;0;0;8;9
36896;224;55;8;9;0;0;8;9
36899;232;55;8;9;0;0;8;9
36910;240;55;8;9;0;0;8;9
36913;248;55;8;9;0;0;8;9
36914;256;55;8;9;0;0;8;9
36920;264;55;8;9;0;0;8;9
36930;272;55;8;9;0;0;8;9
36933;280;55;8;9;0;0;8;9
36935;288;55;8;9;0;0;8;9
36938;296;55;8;9;0;0;8;9
36939;304;55;8;9;0;0;8;9
36941;312;55;8;9;0;0;8;9
36942;320;55;8;9;0;0;8;9
36947;328;55;8;9;0;0;8;9
36948;336;55;8;9;0;0;8;9
36949;344;55;8;9;0;0;8;9
36956;352;55;8;9;0;0;8;9
36960;360;55;8;9;0;0;8;9
36961;368;55;8;9;0;0;8;9
36963;376;55;8;9;0;0;8;9
36969;384;55;8;9;0;0;8;9
36973;392;55;8;9;0;0;8;9
36974;400;55;8;9;0;0;8;9
36981;408;55;8;9;0;0;8;9
36983;416;55;8;9;0;0;8;9
36984;424;55;8;9;0;0;8;9
36986;432;55;8;9;0;0;8;9
36991;440;55;8;9;0;0;8;9
36996;448;55;8;9;0;0;8;9
37027;456;55;8;9;0;0;8;9
37030;464;55;8;9;0;0;8;9
37034;472;55;8;9;0;0;8;9
37048;480;55;8;9;0;0;8;9
37066;488;55;8;9;0;0;8;9
37070;496;55;8;9;0;0;8;9
37089;504;55;8;9;0;0;8;9
37096;512;55;8;9;0;0;8;9
37101;520;55;8;9;0;0;8;9
37109;528;55;8;9;0;0;8;9
37111;536;55;8;9;0;0;8;9
37117;544;55;8;9;0;0;8;9
37196;552;55;8;9;0;0;8;9
37197;560;55;8;9;0;0;8;9
37198;568;55;8;9;0;0;8;9
37202;576;55;8;9;0;0;8;9
37204;584;55;8;9;0;0;8;9
37218;592;55;8;9;0;0;8;9
37226;600;55;8;9;0;0;8;9
37228;608;55;8;9;0;0;8;9
37237;616;55;8;9;0;0;8;9
37239;624;55;8;9;0;0;8;9
37240;632;55;8;9;0;0;8;9
37266;640;55;8;9;0;0;8;9
37276;648;55;8;9;0;0;8;9
37304;656;55;8;9;0;0;8;9
37319;664;55;8;9;0;0;8;9
37320;672;55;8;9;0;0;8;9
37324;680;55;8;9;0;0;8;9
37325;688;55;8;9;0;0;8;9
37326;696;55;8;9;0;0;8;9
37327;704;55;8;9;0;0;8;9
37329;712;55;8;9;0;0;8;9
37340;720;55;8;9;0;0;8;9
37341;728;55;8;9;0;0;8;9
37347;736;55;8;9;0;0;8;9
37389;744;55;8;9;0;0;8;9
37428;752;55;8;9;0;0;8;9
37444;760;55;8;9;0;0;8;9
37467;768;55;8;9;0;0;8;9
37474;776;55;8;9;0;0;8;9
37489;784;55;8;9;0;0;8;9
37504;792;55;8;9;0;0;8;9
37507;800;55;8;9;0;0;8;9
37509;808;55;8;9;0;0;8;9
37528;816;55;8;9;0;0;8;9
37549;824;55;8;9;0;0;8;9
37613;832;55;8;9;0;0;8;9
37619;840;55;8;9;0;0;8;9
37628;848;55;8;9;0;0;8;9
37664;856;55;8;9;0;0;8;9
37670;864;55;8;9;0;0;8;9
37676;872;55;8;9;0;0;8;9
37678;880;55;8;9;0;0;8;9
37679;888;55;8;9;0;0;8;9
37682;896;55;8;9;0;0;8;9
37707;904;55;8;9;0;0;8;9
37723;912;55;8;9;0;0;8;9
37749;920;55;8;9;0;0;8;9
37772;928;55;8;9;0;0;8;9
37782;936;55;8;9;0;0;8;9
37806;944;55;8;9;0;0;8;9
37857;952;55;8;9;0;0;8;9
37912;960;55;8;9;0;0;8;9
37969;968;55;8;9;0;0;8;9
38263;976;55;8;9;0;0;8;9
38272;984;55;8;9;0;0;8;9
38281;992;55;8;9;0;0;8;9
38283;1000;55;8;9;0;0;8;9
38289;1008;55;8;9;0;0;8;9
38291;1016;55;8;9;0;0;8;9
38306;1024;55;8;9;0;0;8;9
38307;1032;55;8;9;0;0;8;9
38309;1040;55;8;9;0;0;8;9
38322;1048;55;8;9;0;0;8;9
38343;1056;55;8;9;0;0;8;9
38360;1064;55;8;9;0;0;8;9
38428;1072;55;8;9;0;0;8;9
38442;1080;55;8;9;0;0;8;9
38450;1088;55;8;9;0;0;8;9
38459;1096;55;8;9;0;0;8;9
38468;1104;55;8;9;0;0;8;9
38477;1112;55;8;9;0;0;8;9
38480;1120;55;8;9;0;0;8;9
38491;1128;55;8;9;0;0;8;9
38498;1136;55;8;9;0;0;8;9
38499;1144;55;8;9;0;0;8;9
38500;1152;55;8;9;0;0;8;9
38501;1160;55;8;9;0;0;8;9
38506;1168;55;8;9;0;0;8;9
38512;1176;55;8;9;0;0;8;9
38515;1184;55;8;9;0;0;8;9
38517;1192;55;8;9;0;0;8;9
38518;1200;55;8;9;0;0;8;9
38520;1208;55;8;9;0;0;8;9
38522;1216;55;8;9;0;0;8;9
38525;1224;55;8;9;0;0;8;9
38533;1232;55;8;9;0;0;8;9
38534;1240;55;8;9;0;0;8;9
38538;1248;55;8;9;0;0;8;9
38542;1256;55;8;9;0;0;8;9
38543;1264;55;8;9;0;0;8;9
38548;1272;55;8;9;0;0;8;9
38553;1280;55;8;9;0;0;8;9
38555;1288;55;8;9;0;0;8;9
38556;1296;55;8;9;0;0;8;9
38560;1304;55;8;9;0;0;8;9
38563;1312;55;8;9;0;0;8;9
38583;1320;55;8;9;0;0;8;9
38587;1328;55;8;9;0;0;8;9
38596;1336;55;8;9;0;0;8;9
38597;1344;55;8;9;0;0;8;9
38598;1352;55;8;9;0;0;8;9
38599;1360;55;8;9;0;0;8;9
38604;1368;55;8;9;0;0;8;9
38609;1376;55;8;9;0;0;8;9
38626;1384;55;8;9;0;0;8;9
38627;1392;55;8;9;0;0;8;9
38632;1400;55;8;9;0;0;8;9
38634;1408;55;8;9;0;0;8;9
38640;1416;55;8;9;0;0;8;9
38642;1424;55;8;9;0;0;8;9
38646;1432;55;8;9;0;0;8;9
38647;1440;55;8;9;0;0;8;9
38651;1448;55;8;9;0;0;8;9
38656;1456;55;8;9;0;0;8;9
38663;1464;55;8;9;0;0;8;9
38666;1472;55;8;9;0;0;8;9
38684;1480;55;8;9;0;0;8;9
38695;1488;55;8;9;0;0;8;9
38706;1496;55;8;9;0;0;8;9
38738;1504;55;8;9;0;0;8;9
38745;1512;55;8;9;0;0;8;9
38750;1520;55;8;9;0;0;8;9
38754;1528;55;8;9;0;0;8;9
38761;1536;55;8;9;0;0;8;9
38772;1544;55;8;9;0;0;8;9
38867;1552;55;8;9;0;0;8;9
38899;1560;55;8;9;0;0;8;9
38907;1568;55;8;9;0;0;8;9
38911;1576;55;8;9;0;0;8;9
38914;1584;55;8;9;0;0;8;9
38915;1592;55;8;9;0;0;8;9
38917;1600;55;8;9;0;0;8;9
38918;1608;55;8;9;0;0;8;9
38920;1616;55;8;9;0;0;8;9
38928;1624;55;8;9;0;0;8;9
38929;1632;55;8;9;0;0;8;9
38930;1640;55;8;9;0;0;8;9
38931;1648;55;8;9;0;0;8;9
38936;1656;55;8;9;0;0;8;9
38957;1664;55;8;9;0;0;8;9
38960;1672;55;8;9;0;0;8;9
38971;1680;55;8;9;0;0;8;9
38972;1688;55;8;9;0;0;8;9
38988;1696;55;8;9;0;0;8;9
38989;1704;55;8;9;0;0;8;9
38990;1712;55;8;9;0;0;8;9
38996;1720;55;8;9;0;0;8;9
38997;1728;55;8;9;0;0;8;9
39000;1736;55;8;9;0;0;8;9
39006;1744;55;8;9;0;0;8;9
39015;1752;55;8;9;0;0;8;9
39080;1760;55;8;9;0;0;8;9
39131;1768;55;8;9;0;0;8;9
39135;1776;55;8;9;0;0;8;9
39138;1784;55;8;9;0;0;8;9
39151;1792;55;8;9;0;0;8;9
39154;1800;55;8;9;0;0;8;9
39164;1808;55;8;9;0;0;8;9
39165;1816;55;8;9;0;0;8;9
39166;1824;55;8;9;0;0;8;9
39173;1832;55;8;9;0;0;8;9
39178;1840;55;8;9;0;0;8;9
39180;1848;55;8;9;0;0;8;9
39187;1856;55;8;9;0;0;8;9
39208;1864;55;8;9;0;0;8;9
39318;1872;55;8;9;0;0;8;9
39321;1880;55;8;9;0;0;8;9
39340;1888;55;8;9;0;0;8;9
39364;1896;55;8;9;0;0;8;9
39365;1904;55;8;9;0;0;8;9
39366;1912;55;8;9;0;0;8;9
39376;1920;55;8;9;0;0;8;9
39378;1928;55;8;9;0;0;8;9
39438;1936;55;8;9;0;0;8;9
39442;1944;55;8;9;0;0;8;9
39443;1952;55;8;9;0;0;8;9
39472;1960;55;8;9;0;0;8;9
39514;1968;55;8;9;0;0;8;9
39592;1976;55;8;9;0;0;8;9
39608;1984;55;8;9;0;0;8;9
39620;1992;55;8;9;0;0;8;9
39640;2000;55;8;9;0;0;8;9
39658;2008;55;8;9;0;0;8;9
39729;2016;55;8;9;0;0;8;9
39740;2024;55;8;9;0;0;8;9
39746;2032;55;8;9;0;0;8;9
39749;2040;55;8;9;0;0;8;9
39764;2048;55;8;9;0;0;8;9
39770;2056;55;8;9;0;0;8;9
39854;2064;55;8;9;0;0;8;9
39912;2072;55;8;9;0;0;8;9
40165;2080;55;8;9;0;0;8;9
40180;2088;55;8;9;0;0;8;9
40335;2096;55;8;9;0;0;8;9
40372;2104;55;8;9;0;0;8;9
40575;2112;55;8;9;0;0;8;9
40595;2120;55;8;9;0;0;8;9
40599;2128;55;8;9;0;0;8;9
40614;2136;55;8;9;0;0;8;9
40634;2144;55;8;9;0;0;8;9
40635;2152;55;8;9;0;0;8;9
40644;2160;55;8;9;0;0;8;9
40658;2168;55;8;9;0;0;8;9
40665;2176;55;8;9;0;0;8;9
40723;2184;55;8;9;0;0;8;9
40763;2192;55;8;9;0;0;8;9
40802;2200;55;8;9;0;0;8;9
65281;0;64;8;9;0;0;8;9
65283;8;64;8;9;0;0;8;9
65284;16;64;8;9;0;0;8;9
65285;24;64;8;9;0;0;8;9
65288;32;64;8;9;0;0;8;9
65289;40;64;8;9;0;0;8;9
65290;48;64;8;9;0;0;8;9
65292;56;64;8;9;0;0;8;9
65296;64;64;8;9;0;0;8;9
65297;72;64;8;9;0;0;8;9
65298;80;64;8;9;0;0;8;9
65299;88;64;8;9;0;0;8;9
65300;96;64;8;9;0;0;8;9
65301;104;64;8;9;0;0;8;9
65302;112;64;8;9;0;0;8;9
65303;120;64;8;9;0;0;8;9
65304;128;64;8;9;0;0;8;9
65305;136;64;8;9;0;0;8;9
65306;144;64;8;9;0;0;8;9
65307;152;64;8;9;0;0;8;9
65311;160;64;8;9;0;0;8;9
65313;168;64;8;9;0;0;8;9
65314;176;64;8;9;0;0;8;9
65315;184;64;8;9;0;0;8;9
65316;192;64;8;9;0;0;8;9
65317;200;64;8;9;0;0;8;9
65318;208;64;8;9;0;0;8;9
65319;216;64;8;9;0;0;8;9
65320;224;64;8;9;0;0;8;9
65321;232;64;8;9;0;0;8;9
65322;240;64;8;9;0;0;8;9
65323;248;64;8;9;0;0;8;9
65324;256;64;8;9;0;0;8;9
65325;264;64;8;9;0;0;8;9
65326;272;64;8;9;0;0;8;9
65327;280;64;8;9;0;0;8;9
65328;288;64;8;9;0;0;8;9
65329;296;64;8;9;0;0;8;9
65330;304;64;8;9;0;0;8;9
65331;312;64;8;9;0;0;8;9
65332;320;64;8;9;0;0;8;9
65333;328;64;8;9;0;0;8;9
65334;336;64;8;9;0;0;8;9
65335;344;64;8;9;0;0;8;9
65336;352;64;8;9;0;0;8;9
65337;360;64;8;9;0;0;8;9
65338;368;64;8;9;0;0;8;9
65345;376;64;8;9;0;0;8;9
65346;384;64;8;9;0;0;8;9
65347;392;64;8;9;0;0;8;9
65348;400;64;8;9;0;0;8;9
65349;408;64;8;9;0;0;8;9
65350;416;64;8;9;0;0;8;9
65351;424;64;8;9;0;0;8;9
65352;432;64;8;9;0;0;8;9
65353;440;64;8;9;0;0;8;9
65354;448;64;8;9;0;0;8;9
65355;456;64;8;9;0;0;8;9
65356;464;64;8;9;0;0;8;9
65357;472;64;8;9;0;0;8;9
65358;480;64;8;9;0;0;8;9
65359;488;64;8;9;0;0;8;9
65360;496;64;8;9;0;0;8;9
65361;504;64;8;9;0;0;8;9
65362;512;64;8;9;0;0;8;9
65363;520;64;8;9;0;0;8;9
65364;528;64;8;9;0;0;8;9
65365;536;64;8;9;0;0;8;9
65366;544;64;8;9;0;0;8;9
65367;552;64;8;9;0;0;8;9
65368;560;64;8;9;0;0;8;9
65369;568;64;8;9;0;0;8;9
65370;576;64;8;9;0;0;8;9
65371;584;64;8;9;0;0;8;9
65373;592;64;8;9;0;0;8;9
65374;600;64;8;9;0;0;8;9
65509;608;64;8;9;0;0;8;9
