16;0.5;-1.5;14
32;0;0;7;15;0;0;7;15
33;7;0;7;15;0;0;7;15
34;14;0;7;15;0;0;7;15
35;21;0;7;15;0;0;7;15
36;28;0;7;15;0;0;7;15
37;35;0;7;15;0;0;7;15
38;42;0;7;15;0;0;7;15
39;49;0;7;15;0;0;7;15
40;56;0;7;15;0;0;7;15
41;63;0;7;15;0;0;7;15
42;70;0;7;15;0;0;7;15
43;77;0;7;15;0;0;7;15
44;84;0;7;15;0;0;7;15
45;91;0;7;15;0;0;7;15
46;98;0;7;15;0;0;7;15
47;105;0;7;15;0;0;7;15
48;112;0;7;15;0;0;7;15
49;119;0;7;15;0;0;7;15
50;126;0;7;15;0;0;7;15
51;133;0;7;15;0;0;7;15
52;140;0;7;15;0;0;7;15
53;147;0;7;15;0;0;7;15
54;154;0;7;15;0;0;7;15
55;161;0;7;15;0;0;7;15
56;168;0;7;15;0;0;7;15
57;175;0;7;15;0;0;7;15
58;182;0;7;15;0;0;7;15
59;189;0;7;15;0;0;7;15
60;196;0;7;15;0;0;7;15
61;203;0;7;15;0;0;7;15
62;210;0;7;15;0;0;7;15
63;217;0;7;15;0;0;7;15
64;224;0;7;15;0;0;7;15
65;231;0;7;15;0;0;7;15
66;238;0;7;15;0;0;7;15
67;245;0;7;15;0;0;7;15
68;252;0;7;15;0;0;7;15
69;259;0;7;15;0;0;7;15
70;266;0;7;15;0;0;7;15
71;273;0;7;15;0;0;7;15
72;280;0;7;15;0;0;7;15
73;287;0;7;15;0;0;7;15
74;294;0;7;15;0;0;7;15
75;301;0;7;15;0;0;7;15
76;308;0;7;15;0;0;7;15
77;315;0;7;15;0;0;7;15
78;322;0;7;15;0;0;7;15
79;329;0;7;15;0;0;7;15
80;336;0;7;15;0;0;7;15
81;343;0;7;15;0;0;7;15
82;350;0;7;15;0;0;7;15
83;357;0;7;15;0;0;7;15
84;364;0;7;15;0;0;7;15
85;371;0;7;15;0;0;7;15
86;378;0;7;15;0;0;7;15
87;385;0;7;15;0;0;7;15
88;392;0;7;15;0;0;7;15
89;399;0;7;15;0;0;7;15
90;406;0;7;15;0;0;7;15
91;413;0;7;15;0;0;7;15
92;420;0;7;15;0;0;7;15
93;427;0;7;15;0;0;7;15
94;434;0;7;15;0;0;7;15
95;441;0;7;15;0;0;7;15
96;448;0;7;15;0;0;7;15
97;455;0;7;15;0;0;7;15
98;462;0;7;15;0;0;7;15
99;469;0;7;15;0;0;7;15
100;476;0;7;15;0;0;7;15
101;483;0;7;15;0;0;7;15
102;490;0;7;15;0;0;7;15
103;497;0;7;15;0;0;7;15
104;504;0;7;15;0;0;7;15
105;511;0;7;15;0;0;7;15
106;518;0;7;15;0;0;7;15
107;525;0;7;15;0;0;7;15
108;532;0;7;15;0;0;7;15
109;539;0;7;15;0;0;7;15
110;546;0;7;15;0;0;7;15
111;553;0;7;15;0;0;7;15
112;560;0;7;15;0;0;7;15
113;567;0;7;15;0;0;7;15
114;574;0;7;15;0;0;7;15
115;581;0;7;15;0;0;7;15
116;588;0;7;15;0;0;7;15
117;595;0;7;15;0;0;7;15
118;602;0;7;15;0;0;7;15
119;609;0;7;15;0;0;7;15
120;616;0;7;15;0;0;7;15
121;623;0;7;15;0;0;7;15
122;630;0;7;15;0;0;7;15
123;637;0;7;15;0;0;7;15
124;644;0;7;15;0;0;7;15
125;651;0;7;15;0;0;7;15
126;658;0;7;15;0;0;7;15
183;665;0;7;15;0;0;7;15
916;672;0;9;15;0;0;9;15
960;681;0;7;16;0;0;7;16
8734;688;0;21;15;0;0;21;15
65381;709;0;7;15;0;0;7;15
65382;716;0;7;15;0;0;7;15
65383;723;0;7;15;0;0;7;15
65384;730;0;7;15;0;0;7;15
65385;737;0;7;15;0;0;7;15
65386;744;0;7;15;0;0;7;15
65387;751;0;7;15;0;0;7;15
65388;758;0;7;15;0;0;7;15
65389;765;0;7;15;0;0;7;15
65390;772;0;7;15;0;0;7;15
65391;779;0;7;15;0;0;7;15
65392;786;0;7;15;0;0;7;15
65393;793;0;7;15;0;0;7;15
65394;800;0;7;15;0;0;7;15
65395;807;0;7;15;0;0;7;15
65396;814;0;7;15;0;0;7;15
65397;821;0;7;15;0;0;7;15
65398;828;0;7;15;0;0;7;15
65399;835;0;7;15;0;0;7;15
65400;842;0;7;15;0;0;7;15
65401;849;0;7;15;0;0;7;15
65402;856;0;7;15;0;0;7;15
65403;863;0;7;15;0;0;7;15
65404;870;0;7;15;0;0;7;15
65405;877;0;7;15;0;0;7;15
65406;884;0;7;15;0;0;7;15
65407;891;0;7;15;0;0;7;15
65408;898;0;7;15;0;0;7;15
65409;905;0;7;15;0;0;7;15
65410;912;0;7;15;0;0;7;15
65411;919;0;7;15;0;0;7;15
65412;926;0;7;15;0;0;7;15
65413;933;0;7;15;0;0;7;15
65414;940;0;7;15;0;0;7;15
65415;947;0;7;15;0;0;7;15
65416;954;0;7;15;0;0;7;15
65417;961;0;7;15;0;0;7;15
65418;968;0;7;15;0;0;7;15
65419;975;0;7;15;0;0;7;15
65420;982;0;7;15;0;0;7;15
65421;989;0;7;15;0;0;7;15
65422;996;0;7;15;0;0;7;15
65423;1003;0;7;15;0;0;7;15
65424;1010;0;7;15;0;0;7;15
65425;1017;0;7;15;0;0;7;15
65426;1024;0;7;15;0;0;7;15
65427;1031;0;7;15;0;0;7;15
65428;1038;0;7;15;0;0;7;15
65429;1045;0;7;15;0;0;7;15
65430;1052;0;7;15;0;0;7;15
65431;1059;0;7;15;0;0;7;15
65432;1066;0;7;15;0;0;7;15
65433;1073;0;7;15;0;0;7;15
65434;1080;0;7;15;0;0;7;15
65435;1087;0;7;15;0;0;7;15
65436;1094;0;7;15;0;0;7;15
65437;1101;0;7;15;0;0;7;15
65438;1108;0;7;15;0;0;7;15
65439;1115;0;7;15;0;0;7;15
711;0;15;14;15;0;0;14;15
8212;14;15;14;15;0;0;14;15
8216;28;15;14;15;0;0;14;15
8217;42;15;14;15;0;0;14;15
8220;56;15;14;15;0;0;14;15
8221;70;15;14;15;0;0;14;15
8230;84;15;14;15;0;0;14;15
8592;98;15;14;15;0;0;14;15
8593;112;15;14;15;0;0;14;15
8594;126;15;14;15;0;0;14;15
8595;140;15;14;15;0;0;14;15
9320;154;15;14;15;0;0;14;15
9734;168;15;14;15;0;0;14;15
12288;182;15;14;15;0;0;14;15
12289;196;15;14;15;0;0;14;15
12290;210;15;14;15;0;0;14;15
12293;224;15;14;15;0;0;14;15
12298;238;15;14;15;0;0;14;15
12299;252;15;14;15;0;0;14;15
12300;266;15;14;15;0;0;14;15
12301;280;15;14;15;0;0;14;15
12302;294;15;14;15;0;0;14;15
12303;308;15;14;15;0;0;14;15
12304;322;15;14;15;0;0;14;15
12305;336;15;14;15;0;0;14;15
12308;350;15;14;15;0;0;14;15
12309;364;15;14;15;0;0;14;15
12310;378;15;14;15;0;0;14;15
12311;392;15;14;15;0;0;14;15
19904;406;15;14;15;0;0;14;15
19905;420;15;14;15;0;0;14;15
19906;434;15;14;15;0;0;14;15
19908;448;15;14;15;0;0;14;15
19909;462;15;14;15;0;0;14;15
19910;476;15;23;15;0;0;23;15
19911;499;15;23;15;0;0;23;15
19912;522;15;14;15;0;0;14;15
19913;536;15;14;15;0;0;14;15
19920;550;15;42;15;0;0;42;15
19921;592;15;42;15;0;0;42;15
19922;634;15;42;15;0;0;42;15
19923;676;15;42;15;0;0;42;15
19924;718;15;42;15;0;0;42;15
19925;760;15;42;15;0;0;42;15
19926;802;15;42;15;0;0;42;15
19927;844;15;42;15;0;0;42;15
19928;886;15;42;15;0;0;42;15
19929;928;15;42;15;0;0;42;15
19930;970;15;42;15;0;0;42;15
12353;0;30;14;15;0;0;14;15
12354;14;30;14;15;0;0;14;15
12355;28;30;14;15;0;0;14;15
12356;42;30;14;15;0;0;14;15
12357;56;30;14;15;0;0;14;15
12358;70;30;14;15;0;0;14;15
12359;84;30;14;15;0;0;14;15
12360;98;30;14;15;0;0;14;15
12361;112;30;14;15;0;0;14;15
12362;126;30;14;15;0;0;14;15
12363;140;30;14;15;0;0;14;15
12364;154;30;14;15;0;0;14;15
12365;168;30;14;15;0;0;14;15
12366;182;30;14;15;0;0;14;15
12367;196;30;14;15;0;0;14;15
12368;210;30;14;15;0;0;14;15
12369;224;30;14;15;0;0;14;15
12370;238;30;14;15;0;0;14;15
12371;252;30;14;15;0;0;14;15
12372;266;30;14;15;0;0;14;15
12373;280;30;14;15;0;0;14;15
12374;294;30;14;15;0;0;14;15
12375;308;30;14;15;0;0;14;15
12376;322;30;14;15;0;0;14;15
12377;336;30;14;15;0;0;14;15
12378;350;30;14;15;0;0;14;15
12379;364;30;14;15;0;0;14;15
12380;378;30;14;15;0;0;14;15
12381;392;30;14;15;0;0;14;15
12382;406;30;14;15;0;0;14;15
12383;420;30;14;15;0;0;14;15
12384;434;30;14;15;0;0;14;15
12385;448;30;14;15;0;0;14;15
12386;462;30;14;15;0;0;14;15
12387;476;30;14;15;0;0;14;15
12388;490;30;14;15;0;0;14;15
12389;504;30;14;15;0;0;14;15
12390;518;30;14;15;0;0;14;15
12391;532;30;14;15;0;0;14;15
12392;546;30;14;15;0;0;14;15
12393;560;30;14;15;0;0;14;15
12394;574;30;14;15;0;0;14;15
12395;588;30;14;15;0;0;14;15
12396;602;30;14;15;0;0;14;15
12397;616;30;14;15;0;0;14;15
12398;630;30;14;15;0;0;14;15
12399;644;30;14;15;0;0;14;15
12400;658;30;14;15;0;0;14;15
12401;672;30;14;15;0;0;14;15
12402;686;30;14;15;0;0;14;15
12403;700;30;14;15;0;0;14;15
12404;714;30;14;15;0;0;14;15
12405;728;30;14;15;0;0;14;15
12406;742;30;14;15;0;0;14;15
12407;756;30;14;15;0;0;14;15
12408;770;30;14;15;0;0;14;15
12409;784;30;14;15;0;0;14;15
12410;798;30;14;15;0;0;14;15
12411;812;30;14;15;0;0;14;15
12412;826;30;14;15;0;0;14;15
12413;840;30;14;15;0;0;14;15
12414;854;30;14;15;0;0;14;15
12415;868;30;14;15;0;0;14;15
12416;882;30;14;15;0;0;14;15
12417;896;30;14;15;0;0;14;15
12418;910;30;14;15;0;0;14;15
12419;924;30;14;15;0;0;14;15
12420;938;30;14;15;0;0;14;15
12421;952;30;14;15;0;0;14;15
12422;966;30;14;15;0;0;14;15
12423;980;30;14;15;0;0;14;15
12424;994;30;14;15;0;0;14;15
12425;1008;30;14;15;0;0;14;15
12426;1022;30;14;15;0;0;14;15
12427;1036;30;14;15;0;0;14;15
12428;1050;30;14;15;0;0;14;15
12429;1064;30;14;15;0;0;14;15
12430;1078;30;14;15;0;0;14;15
12431;1092;30;14;15;0;0;14;15
12432;1106;30;14;15;0;0;14;15
12433;1120;30;14;15;0;0;14;15
12434;1134;30;14;15;0;0;14;15
12435;1148;30;14;15;0;0;14;15
12443;1162;30;14;15;0;0;14;15
12444;1176;30;14;15;0;0;14;15
12445;1190;30;14;15;0;0;14;15
12446;1204;30;14;15;0;0;14;15
12449;1218;30;14;15;0;0;14;15
12450;1232;30;14;15;0;0;14;15
12451;1246;30;14;15;0;0;14;15
12452;1260;30;14;15;0;0;14;15
12453;1274;30;14;15;0;0;14;15
12454;1288;30;14;15;0;0;14;15
12455;1302;30;14;15;0;0;14;15
12456;1316;30;14;15;0;0;14;15
12457;1330;30;14;15;0;0;14;15
12458;1344;30;14;15;0;0;14;15
12459;1358;30;14;15;0;0;14;15
12460;1372;30;14;15;0;0;14;15
12461;1386;30;14;15;0;0;14;15
12462;1400;30;14;15;0;0;14;15
12463;1414;30;14;15;0;0;14;15
12464;1428;30;14;15;0;0;14;15
12465;1442;30;14;15;0;0;14;15
12466;1456;30;14;15;0;0;14;15
12467;1470;30;14;15;0;0;14;15
12468;1484;30;14;15;0;0;14;15
12469;1498;30;14;15;0;0;14;15
12470;1512;30;14;15;0;0;14;15
12471;1526;30;14;15;0;0;14;15
12472;1540;30;14;15;0;0;14;15
12473;1554;30;14;15;0;0;14;15
12474;1568;30;14;15;0;0;14;15
12475;1582;30;14;15;0;0;14;15
12476;1596;30;14;15;0;0;14;15
12477;1610;30;14;15;0;0;14;15
12478;1624;30;14;15;0;0;14;15
12479;1638;30;14;15;0;0;14;15
12480;1652;30;14;15;0;0;14;15
12481;1666;30;14;15;0;0;14;15
12482;1680;30;14;15;0;0;14;15
12483;1694;30;14;15;0;0;14;15
12484;1708;30;14;15;0;0;14;15
12485;1722;30;14;15;0;0;14;15
12486;1736;30;14;15;0;0;14;15
12487;1750;30;14;15;0;0;14;15
12488;1764;30;14;15;0;0;14;15
12489;1778;30;14;15;0;0;14;15
12490;1792;30;14;15;0;0;14;15
12491;1806;30;14;15;0;0;14;15
12492;1820;30;14;15;0;0;14;15
12493;1834;30;14;15;0;0;14;15
12494;1848;30;14;15;0;0;14;15
12495;1862;30;14;15;0;0;14;15
12496;1876;30;14;15;0;0;14;15
12497;1890;30;14;15;0;0;14;15
12498;1904;30;14;15;0;0;14;15
12499;1918;30;14;15;0;0;14;15
12500;1932;30;14;15;0;0;14;15
12501;1946;30;14;15;0;0;14;15
12502;1960;30;14;15;0;0;14;15
12503;1974;30;14;15;0;0;14;15
12504;1988;30;14;15;0;0;14;15
12505;2002;30;14;15;0;0;14;15
12506;2016;30;14;15;0;0;14;15
12507;2030;30;14;15;0;0;14;15
12508;2044;30;14;15;0;0;14;15
12509;2058;30;14;15;0;0;14;15
12510;2072;30;14;15;0;0;14;15
12511;2086;30;14;15;0;0;14;15
12512;2100;30;14;15;0;0;14;15
12513;2114;30;14;15;0;0;14;15
12514;2128;30;14;15;0;0;14;15
12515;2142;30;14;15;0;0;14;15
12516;2156;30;14;15;0;0;14;15
12517;2170;30;14;15;0;0;14;15
12518;2184;30;14;15;0;0;14;15
12519;2198;30;14;15;0;0;14;15
12520;2212;30;14;15;0;0;14;15
12521;2226;30;14;15;0;0;14;15
12522;2240;30;14;15;0;0;14;15
12523;2254;30;14;15;0;0;14;15
12524;2268;30;14;15;0;0;14;15
12525;2282;30;14;15;0;0;14;15
12526;2296;30;14;15;0;0;14;15
12527;2310;30;14;15;0;0;14;15
12528;2324;30;14;15;0;0;14;15
12529;2338;30;14;15;0;0;14;15
12530;2352;30;14;15;0;0;14;15
12531;2366;30;14;15;0;0;14;15
12532;2380;30;14;15;0;0;14;15
12533;2394;30;14;15;0;0;14;15
12534;2408;30;14;15;0;0;14;15
12540;2422;30;14;15;0;0;14;15
12541;2436;30;14;15;0;0;14;15
12542;2450;30;14;15;0;0;14;15
12549;2464;30;14;15;0;0;14;15
12550;2478;30;14;15;0;0;14;15
19968;2492;30;14;15;0;0;14;15
19969;2506;30;14;15;0;0;14;15
19971;2520;30;14;15;0;0;14;15
19975;2534;30;14;15;0;0;14;15
19976;2548;30;14;15;0;0;14;15
19977;2562;30;14;15;0;0;14;15
19978;2576;30;14;15;0;0;14;15
19979;2590;30;14;15;0;0;14;15
19981;2604;30;14;15;0;0;14;15
19982;2618;30;14;15;0;0;14;15
19988;2632;30;14;15;0;0;14;15
19990;2646;30;14;15;0;0;14;15
19992;2660;30;14;15;0;0;14;15
19993;2674;30;14;15;0;0;14;15
20001;2688;30;14;15;0;0;14;15
20006;2702;30;14;15;0;0;14;15
20013;2716;30;14;15;0;0;14;15
20018;2730;30;14;15;0;0;14;15
20024;2744;30;14;15;0;0;14;15
20025;2758;30;14;15;0;0;14;15
20027;2772;30;14;15;0;0;14;15
20028;2786;30;14;15;0;0;14;15
20037;2800;30;14;15;0;0;14;15
20047;2814;30;14;15;0;0;14;15
20055;2828;30;14;15;0;0;14;15
20057;2842;30;14;15;0;0;14;15
20061;2856;30;14;15;0;0;14;15
20062;2870;30;14;15;0;0;14;15
20081;2884;30;14;15;0;0;14;15
20083;2898;30;14;15;0;0;14;15
20094;2912;30;14;15;0;0;14;15
20096;2926;30;14;15;0;0;14;15
20102;2940;30;14;15;0;0;14;15
20104;2954;30;14;15;0;0;14;15
20105;2968;30;14;15;0;0;14;15
20107;2982;30;14;15;0;0;14;15
20108;2996;30;14;15;0;0;14;15
20114;3010;30;14;15;0;0;14;15
20116;3024;30;14;15;0;0;14;15
20117;3038;30;14;15;0;0;14;15
20124;3052;30;14;15;0;0;14;15
20129;3066;30;14;15;0;0;14;15
20132;3080;30;14;15;0;0;14;15
20139;3094;30;14;15;0;0;14;15
20140;3108;30;14;15;0;0;14;15
20141;3122;30;14;15;0;0;14;15
20154;3136;30;14;15;0;0;14;15
20161;3150;30;14;15;0;0;14;15
20170;3164;30;14;15;0;0;14;15
20171;3178;30;14;15;0;0;14;15
20175;3192;30;14;15;0;0;14;15
20181;3206;30;14;15;0;0;14;15
20182;3220;30;14;15;0;0;14;15
20184;3234;30;14;15;0;0;14;15
20185;3248;30;14;15;0;0;14;15
20195;3262;30;14;15;0;0;14;15
20196;3276;30;14;15;0;0;14;15
20197;3290;30;14;15;0;0;14;15
20206;3304;30;14;15;0;0;14;15
20208;3318;30;14;15;0;0;14;15
20210;3332;30;14;15;0;0;14;15
20214;3346;30;14;15;0;0;14;15
20219;3360;30;14;15;0;0;14;15
20225;3374;30;14;15;0;0;14;15
20238;3388;30;14;15;0;0;14;15
20239;3402;30;14;15;0;0;14;15
20240;3416;30;14;15;0;0;14;15
20241;3430;30;14;15;0;0;14;15
20250;3444;30;14;15;0;0;14;15
20253;3458;30;14;15;0;0;14;15
20271;3472;30;14;15;0;0;14;15
20276;3486;30;14;15;0;0;14;15
20280;3500;30;14;15;0;0;14;15
20282;3514;30;14;15;0;0;14;15
20284;3528;30;14;15;0;0;14;15
20294;3542;30;14;15;0;0;14;15
20301;3556;30;14;15;0;0;14;15
20302;3570;30;14;15;0;0;14;15
20303;3584;30;14;15;0;0;14;15
20304;3598;30;14;15;0;0;14;15
20307;3612;30;14;15;0;0;14;15
20309;3626;30;14;15;0;0;14;15
20313;3640;30;14;15;0;0;14;15
20316;3654;30;14;15;0;0;14;15
20339;3668;30;14;15;0;0;14;15
20341;3682;30;14;15;0;0;14;15
20351;3696;30;14;15;0;0;14;15
20363;3710;30;14;15;0;0;14;15
20365;3724;30;14;15;0;0;14;15
20379;3738;30;14;15;0;0;14;15
20381;3752;30;14;15;0;0;14;15
20385;3766;30;14;15;0;0;14;15
20398;3780;30;14;15;0;0;14;15
20399;3794;30;14;15;0;0;14;15
20405;3808;30;14;15;0;0;14;15
20406;3822;30;14;15;0;0;14;15
20415;3836;30;14;15;0;0;14;15
20418;3850;30;14;15;0;0;14;15
20419;3864;30;14;15;0;0;14;15
20426;3878;30;14;15;0;0;14;15
20439;3892;30;14;15;0;0;14;15
20445;3906;30;14;15;0;0;14;15
20449;3920;30;14;15;0;0;14;15
20462;3934;30;14;15;0;0;14;15
20467;3948;30;14;15;0;0;14;15
20469;3962;30;14;15;0;0;14;15
20472;3976;30;14;15;0;0;14;15
20474;3990;30;14;15;0;0;14;15
20489;4004;30;14;15;0;0;14;15
20491;4018;30;14;15;0;0;14;15
20493;4032;30;14;15;0;0;14;15
20498;4046;30;14;15;0;0;14;15
20505;4060;30;14;15;0;0;14;15
20511;4074;30;14;15;0;0;14;15
20515;0;45;14;15;0;0;14;15
20516;14;45;14;15;0;0;14;15
20523;28;45;14;15;0;0;14;15
20537;42;45;14;15;0;0;14;15
20553;56;45;14;15;0;0;14;15
20559;70;45;14;15;0;0;14;15
20572;84;45;14;15;0;0;14;15
20581;98;45;14;15;0;0;14;15
20596;112;45;14;15;0;0;14;15
20597;126;45;14;15;0;0;14;15
20598;140;45;14;15;0;0;14;15
20605;154;45;14;15;0;0;14;15
20621;168;45;14;15;0;0;14;15
20625;182;45;14;15;0;0;14;15
20632;196;45;14;15;0;0;14;15
20633;210;45;14;15;0;0;14;15
20652;224;45;14;15;0;0;14;15
20658;238;45;14;15;0;0;14;15
20661;252;45;14;15;0;0;14;15
20663;266;45;14;15;0;0;14;15
20670;280;45;14;15;0;0;14;15
20677;294;45;14;15;0;0;14;15
20685;308;45;14;15;0;0;14;15
20687;322;45;14;15;0;0;14;15
20693;336;45;14;15;0;0;14;15
20698;350;45;14;15;0;0;14;15
20711;364;45;14;15;0;0;14;15
20736;378;45;14;15;0;0;14;15
20740;392;45;14;15;0;0;14;15
20754;406;45;14;15;0;0;14;15
20767;420;45;14;15;0;0;14;15
20778;434;45;14;15;0;0;14;15
20803;448;45;14;15;0;0;14;15
20804;462;45;14;15;0;0;14;15
20805;476;45;14;15;0;0;14;15
20806;490;45;14;15;0;0;14;15
20808;504;45;14;15;0;0;14;15
20809;518;45;14;15;0;0;14;15
20811;532;45;14;15;0;0;14;15
20813;546;45;14;15;0;0;14;15
20816;560;45;14;15;0;0;14;15
20826;574;45;14;15;0;0;14;15
20837;588;45;14;15;0;0;14;15
20840;602;45;14;15;0;0;14;15
20843;616;45;14;15;0;0;14;15
20844;630;45;14;15;0;0;14;15
20845;644;45;14;15;0;0;14;15
20849;658;45;14;15;0;0;14;15
20853;672;45;14;15;0;0;14;15
20855;686;45;14;15;0;0;14;15
20856;700;45;14;15;0;0;14;15
20860;714;45;14;15;0;0;14;15
20869;728;45;14;15;0;0;14;15
20870;742;45;14;15;0;0;14;15
20874;756;45;14;15;0;0;14;15
20877;770;45;14;15;0;0;14;15
20882;784;45;14;15;0;0;14;15
20887;798;45;14;15;0;0;14;15
20889;812;45;14;15;0;0;14;15
20896;826;45;14;15;0;0;14;15
20901;840;45;14;15;0;0;14;15
20908;854;45;14;15;0;0;14;15
20918;868;45;14;15;0;0;14;15
20919;882;45;14;15;0;0;14;15
20932;896;45;14;15;0;0;14;15
20934;910;45;14;15;0;0;14;15
20941;924;45;14;15;0;0;14;15
20957;938;45;14;15;0;0;14;15
20961;952;45;14;15;0;0;14;15
20966;966;45;14;15;0;0;14;15
20982;980;45;14;15;0;0;14;15
20984;994;45;14;15;0;0;14;15
20985;1008;45;14;15;0;0;14;15
20986;1022;45;14;15;0;0;14;15
20992;1036;45;14;15;0;0;14;15
20995;1050;45;14;15;0;0;14;15
20998;1064;45;14;15;0;0;14;15
20999;1078;45;14;15;0;0;14;15
21000;1092;45;14;15;0;0;14;15
21002;1106;45;14;15;0;0;14;15
21009;1120;45;14;15;0;0;14;15
21015;1134;45;14;15;0;0;14;15
21021;1148;45;14;15;0;0;14;15
21028;1162;45;14;15;0;0;14;15
21029;1176;45;14;15;0;0;14;15
21033;1190;45;14;15;0;0;14;15
21040;1204;45;14;15;0;0;14;15
21046;1218;45;14;15;0;0;14;15
21047;1232;45;14;15;0;0;14;15
21048;1246;45;14;15;0;0;14;15
21049;1260;45;14;15;0;0;14;15
21050;1274;45;14;15;0;0;14;15
21051;1288;45;14;15;0;0;14;15
21063;1302;45;14;15;0;0;14;15
21066;1316;45;14;15;0;0;14;15
21069;1330;45;14;15;0;0;14;15
21078;1344;45;14;15;0;0;14;15
21083;1358;45;14;15;0;0;14;15
21091;1372;45;14;15;0;0;14;15
21092;1386;45;14;15;0;0;14;15
21103;1400;45;14;15;0;0;14;15
21104;1414;45;14;15;0;0;14;15
21106;1428;45;14;15;0;0;14;15
21109;1442;45;14;15;0;0;14;15
21127;1456;45;14;15;0;0;14;15
21147;1470;45;14;15;0;0;14;15
21151;1484;45;14;15;0;0;14;15
21152;1498;45;14;15;0;0;14;15
21155;1512;45;14;15;0;0;14;15
21161;1526;45;14;15;0;0;14;15
21162;1540;45;14;15;0;0;14;15
21169;1554;45;14;15;0;0;14;15
21172;1568;45;14;15;0;0;14;15
21177;1582;45;14;15;0;0;14;15
21182;1596;45;14;15;0;0;14;15
21187;1610;45;14;15;0;0;14;15
21189;1624;45;14;15;0;0;14;15
21191;1638;45;14;15;0;0;14;15
21193;1652;45;14;15;0;0;14;15
21205;1666;45;14;15;0;0;14;15
21208;1680;45;14;15;0;0;14;15
21209;1694;45;14;15;0;0;14;15
21213;1708;45;14;15;0;0;14;15
21215;1722;45;14;15;0;0;14;15
21218;1736;45;14;15;0;0;14;15
21220;1750;45;14;15;0;0;14;15
21223;1764;45;14;15;0;0;14;15
21234;1778;45;14;15;0;0;14;15
21246;1792;45;14;15;0;0;14;15
21250;1806;45;14;15;0;0;14;15
21253;1820;45;14;15;0;0;14;15
21270;1834;45;14;15;0;0;14;15
21271;1848;45;14;15;0;0;14;15
21280;1862;45;14;15;0;0;14;15
21305;1876;45;14;15;0;0;14;15
21306;1890;45;14;15;0;0;14;15
21307;1904;45;14;15;0;0;14;15
21311;1918;45;14;15;0;0;14;15
21313;1932;45;14;15;0;0;14;15
21315;1946;45;14;15;0;0;14;15
21319;1960;45;14;15;0;0;14;15
21320;1974;45;14;15;0;0;14;15
21322;1988;45;14;15;0;0;14;15
21329;2002;45;14;15;0;0;14;15
21330;2016;45;14;15;0;0;14;15
21331;2030;45;14;15;0;0;14;15
21332;2044;45;14;15;0;0;14;15
21335;2058;45;14;15;0;0;14;15
21336;2072;45;14;15;0;0;14;15
21338;2086;45;14;15;0;0;14;15
21344;2100;45;14;15;0;0;14;15
21360;2114;45;14;15;0;0;14;15
21361;2128;45;14;15;0;0;14;15
21363;2142;45;14;15;0;0;14;15
21364;2156;45;14;15;0;0;14;15
21365;2170;45;14;15;0;0;14;15
21368;2184;45;14;15;0;0;14;15
21380;2198;45;14;15;0;0;14;15
21400;2212;45;14;15;0;0;14;15
21402;2226;45;14;15;0;0;14;15
21407;2240;45;14;15;0;0;14;15
21427;2254;45;14;15;0;0;14;15
21435;2268;45;14;15;0;0;14;15
21442;2282;45;14;15;0;0;14;15
21448;2296;45;14;15;0;0;14;15
21450;2310;45;14;15;0;0;14;15
21451;2324;45;14;15;0;0;14;15
21452;2338;45;14;15;0;0;14;15
21453;2352;45;14;15;0;0;14;15
21454;2366;45;14;15;0;0;14;15
21460;2380;45;14;15;0;0;14;15
21462;2394;45;14;15;0;0;14;15
21463;2408;45;14;15;0;0;14;15
21465;2422;45;14;15;0;0;14;15
21475;2436;45;14;15;0;0;14;15
21476;2450;45;14;15;0;0;14;15
21477;2464;45;14;15;0;0;14;15
21483;2478;45;14;15;0;0;14;15
21484;2492;45;14;15;0;0;14;15
21487;2506;45;14;15;0;0;14;15
21488;2520;45;14;15;0;0;14;15
21490;2534;45;14;15;0;0;14;15
21491;2548;45;14;15;0;0;14;15
21495;2562;45;14;15;0;0;14;15
21496;2576;45;14;15;0;0;14;15
21508;2590;45;14;15;0;0;14;15
21512;2604;45;14;15;0;0;14;15
21513;2618;45;14;15;0;0;14;15
21516;2632;45;14;15;0;0;14;15
21517;2646;45;14;15;0;0;14;15
21518;2660;45;14;15;0;0;14;15
21519;2674;45;14;15;0;0;14;15
21520;2688;45;14;15;0;0;14;15
21521;2702;45;14;15;0;0;14;15
21531;2716;45;14;15;0;0;14;15
21535;2730;45;14;15;0;0;14;15
21542;2744;45;14;15;0;0;14;15
21547;2758;45;14;15;0;0;14;15
21560;2772;45;14;15;0;0;14;15
21561;2786;45;14;15;0;0;14;15
21570;2800;45;14;15;0;0;14;15
21576;2814;45;14;15;0;0;14;15
21577;2828;45;14;15;0;0;14;15
21578;2842;45;14;15;0;0;14;15
21608;2856;45;14;15;0;0;14;15
21610;2870;45;14;15;0;0;14;15
21619;2884;45;14;15;0;0;14;15
21628;2898;45;14;15;0;0;14;15
21629;2912;45;14;15;0;0;14;15
21644;2926;45;14;15;0;0;14;15
21682;2940;45;14;15;0;0;14;15
21693;2954;45;14;15;0;0;14;15
21696;2968;45;14;15;0;0;14;15
21697;2982;45;14;15;0;0;14;15
21729;2996;45;14;15;0;0;14;15
21746;3010;45;14;15;0;0;14;15
21754;3024;45;14;15;0;0;14;15
21764;3038;45;14;15;0;0;14;15
21766;3052;45;14;15;0;0;14;15
21767;3066;45;14;15;0;0;14;15
21776;3080;45;14;15;0;0;14;15
21807;3094;45;14;15;0;0;14;15
21809;3108;45;14;15;0;0;14;15
21822;3122;45;14;15;0;0;14;15
21830;3136;45;14;15;0;0;14;15
21839;3150;45;14;15;0;0;14;15
21843;3164;45;14;15;0;0;14;15
21892;3178;45;14;15;0;0;14;15
21897;3192;45;14;15;0;0;14;15
21914;3206;45;14;15;0;0;14;15
21916;3220;45;14;15;0;0;14;15
21917;3234;45;14;15;0;0;14;15
21929;3248;45;14;15;0;0;14;15
21930;3262;45;14;15;0;0;14;15
21931;3276;45;14;15;0;0;14;15
21942;3290;45;14;15;0;0;14;15
21957;3304;45;14;15;0;0;14;15
21987;3318;45;14;15;0;0;14;15
22022;3332;45;14;15;0;0;14;15
22065;3346;45;14;15;0;0;14;15
22066;3360;45;14;15;0;0;14;15
22120;3374;45;14;15;0;0;14;15
22132;3388;45;14;15;0;0;14;15
22151;3402;45;14;15;0;0;14;15
22234;3416;45;14;15;0;0;14;15
22235;3430;45;14;15;0;0;14;15
22238;3444;45;14;15;0;0;14;15
22240;3458;45;14;15;0;0;14;15
22243;3472;45;14;15;0;0;14;15
22256;3486;45;14;15;0;0;14;15
22258;3500;45;14;15;0;0;14;15
22259;3514;45;14;15;0;0;14;15
22266;3528;45;14;15;0;0;14;15
22269;3542;45;14;15;0;0;14;15
22287;3556;45;14;15;0;0;14;15
22290;3570;45;14;15;0;0;14;15
22303;3584;45;14;15;0;0;14;15
22311;3598;45;14;15;0;0;14;15
22312;3612;45;14;15;0;0;14;15
22320;3626;45;14;15;0;0;14;15
22338;3640;45;14;15;0;0;14;15
22343;3654;45;14;15;0;0;14;15
22346;3668;45;14;15;0;0;14;15
22353;3682;45;14;15;0;0;14;15
22378;3696;45;14;15;0;0;14;15
22402;3710;45;14;15;0;0;14;15
22411;3724;45;14;15;0;0;14;15
22435;3738;45;14;15;0;0;14;15
22475;3752;45;14;15;0;0;14;15
22478;3766;45;14;15;0;0;14;15
22495;3780;45;14;15;0;0;14;15
22519;3794;45;14;15;0;0;14;15
22521;3808;45;14;15;0;0;14;15
22522;3822;45;14;15;0;0;14;15
22524;3836;45;14;15;0;0;14;15
22528;3850;45;14;15;0;0;14;15
22530;3864;45;14;15;0;0;14;15
22533;3878;45;14;15;0;0;14;15
22534;3892;45;14;15;0;0;14;15
22549;3906;45;14;15;0;0;14;15
22564;3920;45;14;15;0;0;14;15
22570;3934;45;14;15;0;0;14;15
22577;3948;45;14;15;0;0;14;15
22580;3962;45;14;15;0;0;14;15
22592;3976;45;14;15;0;0;14;15
22593;3990;45;14;15;0;0;14;15
22602;4004;45;14;15;0;0;14;15
22609;4018;45;14;15;0;0;14;15
22612;4032;45;14;15;0;0;14;15
22615;4046;45;14;15;0;0;14;15
22618;4060;45;14;15;0;0;14;15
22622;4074;45;14;15;0;0;14;15
22633;0;60;14;15;0;0;14;15
22654;14;60;14;15;0;0;14;15
22659;28;60;14;15;0;0;14;15
22675;42;60;14;15;0;0;14;15
22679;56;60;14;15;0;0;14;15
22684;70;60;14;15;0;0;14;15
22696;84;60;14;15;0;0;14;15
22707;98;60;14;15;0;0;14;15
22718;112;60;14;15;0;0;14;15
22721;126;60;14;15;0;0;14;15
22727;140;60;14;15;0;0;14;15
22730;154;60;14;15;0;0;14;15
22732;168;60;14;15;0;0;14;15
22763;182;60;14;15;0;0;14;15
22766;196;60;14;15;0;0;14;15
22768;210;60;14;15;0;0;14;15
22769;224;60;14;15;0;0;14;15
22770;238;60;14;15;0;0;14;15
22793;252;60;14;15;0;0;14;15
22799;266;60;14;15;0;0;14;15
22805;280;60;14;15;0;0;14;15
22806;294;60;14;15;0;0;14;15
22810;308;60;14;15;0;0;14;15
22812;322;60;14;15;0;0;14;15
22818;336;60;14;15;0;0;14;15
22823;350;60;14;15;0;0;14;15
22825;364;60;14;15;0;0;14;15
22826;378;60;14;15;0;0;14;15
22827;392;60;14;15;0;0;14;15
22830;406;60;14;15;0;0;14;15
22833;420;60;14;15;0;0;14;15
22855;434;60;14;15;0;0;14;15
22856;448;60;14;15;0;0;14;15
22857;462;60;14;15;0;0;14;15
22863;476;60;14;15;0;0;14;15
22865;490;60;14;15;0;0;14;15
22868;504;60;14;15;0;0;14;15
22885;518;60;14;15;0;0;14;15
22888;532;60;14;15;0;0;14;15
22890;546;60;14;15;0;0;14;15
22894;560;60;14;15;0;0;14;15
22899;574;60;14;15;0;0;14;15
22900;588;60;14;15;0;0;14;15
22909;602;60;14;15;0;0;14;15
22914;616;60;14;15;0;0;14;15
22915;630;60;14;15;0;0;14;15
22916;644;60;14;15;0;0;14;15
22922;658;60;14;15;0;0;14;15
22934;672;60;14;15;0;0;14;15
22937;686;60;14;15;0;0;14;15
22949;700;60;14;15;0;0;14;15
22952;714;60;14;15;0;0;14;15
22956;728;60;14;15;0;0;14;15
22969;742;60;14;15;0;0;14;15
22971;756;60;14;15;0;0;14;15
22985;770;60;14;15;0;0;14;15
22987;784;60;14;15;0;0;14;15
22995;798;60;14;15;0;0;14;15
22996;812;60;14;15;0;0;14;15
23019;826;60;14;15;0;0;14;15
23035;840;60;14;15;0;0;14;15
23039;854;60;14;15;0;0;14;15
23041;868;60;14;15;0;0;14;15
23064;882;60;14;15;0;0;14;15
23072;896;60;14;15;0;0;14;15
23087;910;60;14;15;0;0;14;15
23110;924;60;14;15;0;0;14;15
23130;938;60;14;15;0;0;14;15
23142;952;60;14;15;0;0;14;15
23167;966;60;14;15;0;0;14;15
23186;980;60;14;15;0;0;14;15
23195;994;60;14;15;0;0;14;15
23233;1008;60;14;15;0;0;14;15
23241;1022;60;14;15;0;0;14;15
23244;1036;60;14;15;0;0;14;15
23265;1050;60;14;15;0;0;14;15
23330;1064;60;14;15;0;0;14;15
23376;1078;60;14;15;0;0;14;15
23380;1092;60;14;15;0;0;14;15
23383;1106;60;14;15;0;0;14;15
23384;1120;60;14;15;0;0;14;15
23389;1134;60;14;15;0;0;14;15
23395;1148;60;14;15;0;0;14;15
23396;1162;60;14;15;0;0;14;15
23398;1176;60;14;15;0;0;14;15
23403;1190;60;14;15;0;0;14;15
23429;1204;60;14;15;0;0;14;15
23431;1218;60;14;15;0;0;14;15
23432;1232;60;14;15;0;0;14;15
23433;1246;60;14;15;0;0;14;15
23436;1260;60;14;15;0;0;14;15
23447;1274;60;14;15;0;0;14;15
23448;1288;60;14;15;0;0;14;15
23449;1302;60;14;15;0;0;14;15
23450;1316;60;14;15;0;0;14;15
23451;1330;60;14;15;0;0;14;15
23452;1344;60;14;15;0;0;14;15
23453;1358;60;14;15;0;0;14;15
23455;1372;60;14;15;0;0;14;15
23458;1386;60;14;15;0;0;14;15
23459;1400;60;14;15;0;0;14;15
23460;1414;60;14;15;0;0;14;15
23470;1428;60;14;15;0;0;14;15
23472;1442;60;14;15;0;0;14;15
23475;1456;60;14;15;0;0;14;15
23476;1470;60;14;15;0;0;14;15
23477;1484;60;14;15;0;0;14;15
23478;1498;60;14;15;0;0;14;15
23481;1512;60;14;15;0;0;14;15
23487;1526;60;14;15;0;0;14;15
23490;1540;60;14;15;0;0;14;15
23492;1554;60;14;15;0;0;14;15
23494;1568;60;14;15;0;0;14;15
23500;1582;60;14;15;0;0;14;15
23506;1596;60;14;15;0;0;14;15
23515;1610;60;14;15;0;0;14;15
23517;1624;60;14;15;0;0;14;15
23519;1638;60;14;15;0;0;14;15
23521;1652;60;14;15;0;0;14;15
23527;1666;60;14;15;0;0;14;15
23529;1680;60;14;15;0;0;14;15
23534;1694;60;14;15;0;0;14;15
23544;1708;60;14;15;0;0;14;15
23546;1722;60;14;15;0;0;14;15
23550;1736;60;14;15;0;0;14;15
23551;1750;60;14;15;0;0;14;15
23553;1764;60;14;15;0;0;14;15
23554;1778;60;14;15;0;0;14;15
23556;1792;60;14;15;0;0;14;15
23558;1806;60;14;15;0;0;14;15
23561;1820;60;14;15;0;0;14;15
23562;1834;60;14;15;0;0;14;15
23563;1848;60;14;15;0;0;14;15
23566;1862;60;14;15;0;0;14;15
23567;1876;60;14;15;0;0;14;15
23569;1890;60;14;15;0;0;14;15
23578;1904;60;14;15;0;0;14;15
23601;1918;60;14;15;0;0;14;15
23610;1932;60;14;15;0;0;14;15
23611;1946;60;14;15;0;0;14;15
23612;1960;60;14;15;0;0;14;15
23613;1974;60;14;15;0;0;14;15
23614;1988;60;14;15;0;0;14;15
23615;2002;60;14;15;0;0;14;15
23616;2016;60;14;15;0;0;14;15
23621;2030;60;14;15;0;0;14;15
23624;2044;60;14;15;0;0;14;15
23626;2058;60;14;15;0;0;14;15
23627;2072;60;14;15;0;0;14;15
23637;2086;60;14;15;0;0;14;15
23646;2100;60;14;15;0;0;14;15
23652;2114;60;14;15;0;0;14;15
23653;2128;60;14;15;0;0;14;15
23663;2142;60;14;15;0;0;14;15
23665;2156;60;14;15;0;0;14;15
23696;2170;60;14;15;0;0;14;15
23713;2184;60;14;15;0;0;14;15
23721;2198;60;14;15;0;0;14;15
23724;2212;60;14;15;0;0;14;15
23731;2226;60;14;15;0;0;14;15
23736;2240;60;14;15;0;0;14;15
23776;2254;60;14;15;0;0;14;15
23777;2268;60;14;15;0;0;14;15
23792;2282;60;14;15;0;0;14;15
23798;2296;60;14;15;0;0;14;15
23815;2310;60;14;15;0;0;14;15
23822;2324;60;14;15;0;0;14;15
23830;2338;60;14;15;0;0;14;15
23849;2352;60;14;15;0;0;14;15
23888;2366;60;14;15;0;0;14;15
24029;2380;60;14;15;0;0;14;15
24030;2394;60;14;15;0;0;14;15
24033;2408;60;14;15;0;0;14;15
24035;2422;60;14;15;0;0;14;15
24037;2436;60;14;15;0;0;14;15
24038;2450;60;14;15;0;0;14;15
24039;2464;60;14;15;0;0;14;15
24040;2478;60;14;15;0;0;14;15
24046;2492;60;14;15;0;0;14;15
24049;2506;60;14;15;0;0;14;15
24059;2520;60;14;15;0;0;14;15
24062;2534;60;14;15;0;0;14;15
24066;2548;60;14;15;0;0;14;15
24067;2562;60;14;15;0;0;14;15
24070;2576;60;14;15;0;0;14;15
24076;2590;60;14;15;0;0;14;15
24093;2604;60;14;15;0;0;14;15
24101;2618;60;14;15;0;0;14;15
24107;2632;60;14;15;0;0;14;15
24109;2646;60;14;15;0;0;14;15
24111;2660;60;14;15;0;0;14;15
24112;2674;60;14;15;0;0;14;15
24115;2688;60;14;15;0;0;14;15
24120;2702;60;14;15;0;0;14;15
24125;2716;60;14;15;0;0;14;15
24133;2730;60;14;15;0;0;14;15
24149;2744;60;14;15;0;0;14;15
24163;2758;60;14;15;0;0;14;15
24178;2772;60;14;15;0;0;14;15
24179;2786;60;14;15;0;0;14;15
24180;2800;60;14;15;0;0;14;15
24184;2814;60;14;15;0;0;14;15
24185;2828;60;14;15;0;0;14;15
24187;2842;60;14;15;0;0;14;15
24188;2856;60;14;15;0;0;14;15
24189;2870;60;14;15;0;0;14;15
24190;2884;60;14;15;0;0;14;15
24193;2898;60;14;15;0;0;14;15
24195;2912;60;14;15;0;0;14;15
24202;2926;60;14;15;0;0;14;15
24207;2940;60;14;15;0;0;14;15
24213;2954;60;14;15;0;0;14;15
24215;2968;60;14;15;0;0;14;15
24220;2982;60;14;15;0;0;14;15
24230;2996;60;14;15;0;0;14;15
24231;3010;60;14;15;0;0;14;15
24235;3024;60;14;15;0;0;14;15
24237;3038;60;14;15;0;0;14;15
24246;3052;60;14;15;0;0;14;15
24247;3066;60;14;15;0;0;14;15
24248;3080;60;14;15;0;0;14;15
24259;3094;60;14;15;0;0;14;15
24265;3108;60;14;15;0;0;14;15
24266;3122;60;14;15;0;0;14;15
24310;3136;60;14;15;0;0;14;15
24311;3150;60;14;15;0;0;14;15
24314;3164;60;14;15;0;0;14;15
24321;3178;60;14;15;0;0;14;15
24324;3192;60;14;15;0;0;14;15
24330;3206;60;14;15;0;0;14;15
24335;3220;60;14;15;0;0;14;15
24336;3234;60;14;15;0;0;14;15
24339;3248;60;14;15;0;0;14;15
24340;3262;60;14;15;0;0;14;15
24341;3276;60;14;15;0;0;14;15
24351;3290;60;14;15;0;0;14;15
24357;3304;60;14;15;0;0;14;15
24358;3318;60;14;15;0;0;14;15
24359;3332;60;14;15;0;0;14;15
24369;3346;60;14;15;0;0;14;15
24373;3360;60;14;15;0;0;14;15
24375;3374;60;14;15;0;0;14;15
24382;3388;60;14;15;0;0;14;15
24403;3402;60;14;15;0;0;14;15
24409;3416;60;14;15;0;0;14;15
24418;3430;60;14;15;0;0;14;15
24425;3444;60;14;15;0;0;14;15
24427;3458;60;14;15;0;0;14;15
24432;3472;60;14;15;0;0;14;15
24433;3486;60;14;15;0;0;14;15
24441;3500;60;14;15;0;0;14;15
24444;3514;60;14;15;0;0;14;15
24448;3528;60;14;15;0;0;14;15
24449;3542;60;14;15;0;0;14;15
24452;3556;60;14;15;0;0;14;15
24453;3570;60;14;15;0;0;14;15
24459;3584;60;14;15;0;0;14;15
24460;3598;60;14;15;0;0;14;15
24464;3612;60;14;15;0;0;14;15
24466;3626;60;14;15;0;0;14;15
24467;3640;60;14;15;0;0;14;15
24471;3654;60;14;15;0;0;14;15
24481;3668;60;14;15;0;0;14;15
24489;3682;60;14;15;0;0;14;15
24490;3696;60;14;15;0;0;14;15
24494;3710;60;14;15;0;0;14;15
24499;3724;60;14;15;0;0;14;15
24500;3738;60;14;15;0;0;14;15
24505;3752;60;14;15;0;0;14;15
24515;3766;60;14;15;0;0;14;15
24517;3780;60;14;15;0;0;14;15
24524;3794;60;14;15;0;0;14;15
24525;3808;60;14;15;0;0;14;15
24535;3822;60;14;15;0;0;14;15
24536;3836;60;14;15;0;0;14;15
24537;3850;60;14;15;0;0;14;15
24540;3864;60;14;15;0;0;14;15
24544;3878;60;14;15;0;0;14;15
24555;3892;60;14;15;0;0;14;15
24565;3906;60;14;15;0;0;14;15
24594;3920;60;14;15;0;0;14;15
24598;3934;60;14;15;0;0;14;15
24605;3948;60;14;15;0;0;14;15
24608;3962;60;14;15;0;0;14;15
24613;3976;60;14;15;0;0;14;15
24615;3990;60;14;15;0;0;14;15
24616;4004;60;14;15;0;0;14;15
24618;4018;60;14;15;0;0;14;15
24651;4032;60;14;15;0;0;14;15
24656;4046;60;14;15;0;0;14;15
24658;4060;60;14;15;0;0;14;15
24675;4074;60;14;15;0;0;14;15
24677;0;75;14;15;0;0;14;15
24680;14;75;14;15;0;0;14;15
24681;28;75;14;15;0;0;14;15
24685;42;75;14;15;0;0;14;15
24687;56;75;14;15;0;0;14;15
24693;70;75;14;15;0;0;14;15
24724;84;75;14;15;0;0;14;15
24735;98;75;14;15;0;0;14;15
24736;112;75;14;15;0;0;14;15
24739;126;75;14;15;0;0;14;15
24742;140;75;14;15;0;0;14;15
24745;154;75;14;15;0;0;14;15
24746;168;75;14;15;0;0;14;15
24754;182;75;14;15;0;0;14;15
24764;196;75;14;15;0;0;14;15
24773;210;75;14;15;0;0;14;15
24785;224;75;14;15;0;0;14;15
24796;238;75;14;15;0;0;14;15
24807;252;75;14;15;0;0;14;15
24808;266;75;14;15;0;0;14;15
24816;280;75;14;15;0;0;14;15
24819;294;75;14;15;0;0;14;15
24833;308;75;14;15;0;0;14;15
24841;322;75;14;15;0;0;14;15
24847;336;75;14;15;0;0;14;15
24858;350;75;14;15;0;0;14;15
24859;364;75;14;15;0;0;14;15
24863;378;75;14;15;0;0;14;15
24900;392;75;14;15;0;0;14;15
24904;406;75;14;15;0;0;14;15
24907;420;75;14;15;0;0;14;15
24908;434;75;14;15;0;0;14;15
24910;448;75;14;15;0;0;14;15
24917;462;75;14;15;0;0;14;15
24930;476;75;14;15;0;0;14;15
24931;490;75;14;15;0;0;14;15
24936;504;75;14;15;0;0;14;15
24942;518;75;14;15;0;0;14;15
24944;532;75;14;15;0;0;14;15
24950;546;75;14;15;0;0;14;15
24962;560;75;14;15;0;0;14;15
24974;574;75;14;15;0;0;14;15
24996;588;75;14;15;0;0;14;15
24999;602;75;14;15;0;0;14;15
25001;616;75;14;15;0;0;14;15
25004;630;75;14;15;0;0;14;15
25010;644;75;14;15;0;0;14;15
25014;658;75;14;15;0;0;14;15
25022;672;75;14;15;0;0;14;15
25031;686;75;14;15;0;0;14;15
25040;700;75;14;15;0;0;14;15
25074;714;75;14;15;0;0;14;15
25080;728;75;14;15;0;0;14;15
25104;742;75;14;15;0;0;14;15
25105;756;75;14;15;0;0;14;15
25106;770;75;14;15;0;0;14;15
25114;784;75;14;15;0;0;14;15
25126;798;75;14;15;0;0;14;15
25135;812;75;14;15;0;0;14;15
25140;826;75;14;15;0;0;14;15
25144;840;75;14;15;0;0;14;15
25147;854;75;14;15;0;0;14;15
25151;868;75;14;15;0;0;14;15
25152;882;75;14;15;0;0;14;15
25159;896;75;14;15;0;0;14;15
25161;910;75;14;15;0;0;14;15
25163;924;75;14;15;0;0;14;15
25165;938;75;14;15;0;0;14;15
25171;952;75;14;15;0;0;14;15
25173;966;75;14;15;0;0;14;15
25201;980;75;14;15;0;0;14;15
25206;994;75;14;15;0;0;14;15
25209;1008;75;14;15;0;0;14;15
25215;1022;75;14;15;0;0;14;15
25216;1036;75;14;15;0;0;14;15
25220;1050;75;14;15;0;0;14;15
25226;1064;75;14;15;0;0;14;15
25233;1078;75;14;15;0;0;14;15
25237;1092;75;14;15;0;0;14;15
25239;1106;75;14;15;0;0;14;15
25240;1120;75;14;15;0;0;14;15
25244;1134;75;14;15;0;0;14;15
25246;1148;75;14;15;0;0;14;15
25259;1162;75;14;15;0;0;14;15
25265;1176;75;14;15;0;0;14;15
25269;1190;75;14;15;0;0;14;15
25273;1204;75;14;15;0;0;14;15
25276;1218;75;14;15;0;0;14;15
25277;1232;75;14;15;0;0;14;15
25285;1246;75;14;15;0;0;14;15
25289;1260;75;14;15;0;0;14;15
25293;1274;75;14;15;0;0;14;15
25296;1288;75;14;15;0;0;14;15
25298;1302;75;14;15;0;0;14;15
25299;1316;75;14;15;0;0;14;15
25304;1330;75;14;15;0;0;14;15
25305;1344;75;14;15;0;0;14;15
25307;1358;75;14;15;0;0;14;15
25309;1372;75;14;15;0;0;14;15
25312;1386;75;14;15;0;0;14;15
25313;1400;75;14;15;0;0;14;15
25324;1414;75;14;15;0;0;14;15
25325;1428;75;14;15;0;0;14;15
25331;1442;75;14;15;0;0;14;15
25334;1456;75;14;15;0;0;14;15
25335;1470;75;14;15;0;0;14;15
25342;1484;75;14;15;0;0;14;15
25345;1498;75;14;15;0;0;14;15
25351;1512;75;14;15;0;0;14;15
25361;1526;75;14;15;0;0;14;15
25369;1540;75;14;15;0;0;14;15
25375;1554;75;14;15;0;0;14;15
25384;1568;75;14;15;0;0;14;15
25387;1582;75;14;15;0;0;14;15
25391;1596;75;14;15;0;0;14;15
25407;1610;75;14;15;0;0;14;15
25417;1624;75;14;15;0;0;14;15
25429;1638;75;14;15;0;0;14;15
25431;1652;75;14;15;0;0;14;15
25436;1666;75;14;15;0;0;14;15
25448;1680;75;14;15;0;0;14;15
25454;1694;75;14;15;0;0;14;15
25467;1708;75;14;15;0;0;14;15
25475;1722;75;14;15;0;0;14;15
25480;1736;75;14;15;0;0;14;15
25484;1750;75;14;15;0;0;14;15
25490;1764;75;14;15;0;0;14;15
25496;1778;75;14;15;0;0;14;15
25499;1792;75;14;15;0;0;14;15
25505;1806;75;14;15;0;0;14;15
25506;1820;75;14;15;0;0;14;15
25509;1834;75;14;15;0;0;14;15
25511;1848;75;14;15;0;0;14;15
25512;1862;75;14;15;0;0;14;15
25514;1876;75;14;15;0;0;14;15
25522;1890;75;14;15;0;0;14;15
25551;1904;75;14;15;0;0;14;15
25552;1918;75;14;15;0;0;14;15
25562;1932;75;14;15;0;0;14;15
25563;1946;75;14;15;0;0;14;15
25569;1960;75;14;15;0;0;14;15
25582;1974;75;14;15;0;0;14;15
25588;1988;75;14;15;0;0;14;15
25594;2002;75;14;15;0;0;14;15
25613;2016;75;14;15;0;0;14;15
25644;2030;75;14;15;0;0;14;15
25645;2044;75;14;15;0;0;14;15
25658;2058;75;14;15;0;0;14;15
25662;2072;75;14;15;0;0;14;15
25666;2086;75;14;15;0;0;14;15
25688;2100;75;14;15;0;0;14;15
25705;2114;75;14;15;0;0;14;15
25711;2128;75;14;15;0;0;14;15
25731;2142;75;14;15;0;0;14;15
25764;2156;75;14;15;0;0;14;15
25774;2170;75;14;15;0;0;14;15
25778;2184;75;14;15;0;0;14;15
25793;2198;75;14;15;0;0;14;15
25805;2212;75;14;15;0;0;14;15
25830;2226;75;14;15;0;0;14;15
25836;2240;75;14;15;0;0;14;15
25903;2254;75;14;15;0;0;14;15
25913;2268;75;14;15;0;0;14;15
25915;2282;75;14;15;0;0;14;15
25918;2296;75;14;15;0;0;14;15
25919;2310;75;14;15;0;0;14;15
25925;2324;75;14;15;0;0;14;15
25935;2338;75;14;15;0;0;14;15
25937;2352;75;14;15;0;0;14;15
25943;2366;75;14;15;0;0;14;15
25945;2380;75;14;15;0;0;14;15
25954;2394;75;14;15;0;0;14;15
25955;2408;75;14;15;0;0;14;15
25964;2422;75;14;15;0;0;14;15
25968;2436;75;14;15;0;0;14;15
25972;2450;75;14;15;0;0;14;15
25973;2464;75;14;15;0;0;14;15
25975;2478;75;14;15;0;0;14;15
25991;2492;75;14;15;0;0;14;15
25993;2506;75;14;15;0;0;14;15
25998;2520;75;14;15;0;0;14;15
26001;2534;75;14;15;0;0;14;15
26007;2548;75;14;15;0;0;14;15
26009;2562;75;14;15;0;0;14;15
26012;2576;75;14;15;0;0;14;15
26020;2590;75;14;15;0;0;14;15
26021;2604;75;14;15;0;0;14;15
26028;2618;75;14;15;0;0;14;15
26029;2632;75;14;15;0;0;14;15
26032;2646;75;14;15;0;0;14;15
26041;2660;75;14;15;0;0;14;15
26045;2674;75;14;15;0;0;14;15
26053;2688;75;14;15;0;0;14;15
26059;2702;75;14;15;0;0;14;15
26063;2716;75;14;15;0;0;14;15
26071;2730;75;14;15;0;0;14;15
26082;2744;75;14;15;0;0;14;15
26085;2758;75;14;15;0;0;14;15
26086;2772;75;14;15;0;0;14;15
26087;2786;75;14;15;0;0;14;15
26088;2800;75;14;15;0;0;14;15
26089;2814;75;14;15;0;0;14;15
26092;2828;75;14;15;0;0;14;15
26106;2842;75;14;15;0;0;14;15
26118;2856;75;14;15;0;0;14;15
26119;2870;75;14;15;0;0;14;15
26126;2884;75;14;15;0;0;14;15
26131;2898;75;14;15;0;0;14;15
26132;2912;75;14;15;0;0;14;15
26143;2926;75;14;15;0;0;14;15
26144;2940;75;14;15;0;0;14;15
26149;2954;75;14;15;0;0;14;15
26151;2968;75;14;15;0;0;14;15
26152;2982;75;14;15;0;0;14;15
26157;2996;75;14;15;0;0;14;15
26159;3010;75;14;15;0;0;14;15
26172;3024;75;14;15;0;0;14;15
26178;3038;75;14;15;0;0;14;15
26217;3052;75;14;15;0;0;14;15
26222;3066;75;14;15;0;0;14;15
26223;3080;75;14;15;0;0;14;15
26228;3094;75;14;15;0;0;14;15
26230;3108;75;14;15;0;0;14;15
26241;3122;75;14;15;0;0;14;15
26247;3136;75;14;15;0;0;14;15
26257;3150;75;14;15;0;0;14;15
26262;3164;75;14;15;0;0;14;15
26263;3178;75;14;15;0;0;14;15
26278;3192;75;14;15;0;0;14;15
26283;3206;75;14;15;0;0;14;15
26286;3220;75;14;15;0;0;14;15
26292;3234;75;14;15;0;0;14;15
26311;3248;75;14;15;0;0;14;15
26326;3262;75;14;15;0;0;14;15
26332;3276;75;14;15;0;0;14;15
26354;3290;75;14;15;0;0;14;15
26356;3304;75;14;15;0;0;14;15
26360;3318;75;14;15;0;0;14;15
26361;3332;75;14;15;0;0;14;15
26365;3346;75;14;15;0;0;14;15
26367;3360;75;14;15;0;0;14;15
26368;3374;75;14;15;0;0;14;15
26376;3388;75;14;15;0;0;14;15
26377;3402;75;14;15;0;0;14;15
26381;3416;75;14;15;0;0;14;15
26389;3430;75;14;15;0;0;14;15
26391;3444;75;14;15;0;0;14;15
26395;3458;75;14;15;0;0;14;15
26397;3472;75;14;15;0;0;14;15
26399;3486;75;14;15;0;0;14;15
26408;3500;75;14;15;0;0;14;15
26410;3514;75;14;15;0;0;14;15
26411;3528;75;14;15;0;0;14;15
26412;3542;75;14;15;0;0;14;15
26413;3556;75;14;15;0;0;14;15
26417;3570;75;14;15;0;0;14;15
26420;3584;75;14;15;0;0;14;15
26426;3598;75;14;15;0;0;14;15
26429;3612;75;14;15;0;0;14;15
26441;3626;75;14;15;0;0;14;15
26448;3640;75;14;15;0;0;14;15
26449;3654;75;14;15;0;0;14;15
26463;3668;75;14;15;0;0;14;15
26465;3682;75;14;15;0;0;14;15
26469;3696;75;14;15;0;0;14;15
26479;3710;75;14;15;0;0;14;15
26481;3724;75;14;15;0;0;14;15
26494;3738;75;14;15;0;0;14;15
26495;3752;75;14;15;0;0;14;15
26512;3766;75;14;15;0;0;14;15
26517;3780;75;14;15;0;0;14;15
26519;3794;75;14;15;0;0;14;15
26522;3808;75;14;15;0;0;14;15
26524;3822;75;14;15;0;0;14;15
26525;3836;75;14;15;0;0;14;15
26528;3850;75;14;15;0;0;14;15
26530;3864;75;14;15;0;0;14;15
26543;3878;75;14;15;0;0;14;15
26550;3892;75;14;15;0;0;14;15
26564;3906;75;14;15;0;0;14;15
26576;3920;75;14;15;0;0;14;15
26579;3934;75;14;15;0;0;14;15
26580;3948;75;14;15;0;0;14;15
26609;3962;75;14;15;0;0;14;15
26611;3976;75;14;15;0;0;14;15
26613;3990;75;14;15;0;0;14;15
26619;4004;75;14;15;0;0;14;15
26623;4018;75;14;15;0;0;14;15
26627;4032;75;14;15;0;0;14;15
26628;4046;75;14;15;0;0;14;15
26643;4060;75;14;15;0;0;14;15
26657;4074;75;14;15;0;0;14;15
26666;0;90;14;15;0;0;14;15
26680;14;90;14;15;0;0;14;15
26681;28;90;14;15;0;0;14;15
26684;42;90;14;15;0;0;14;15
26685;56;90;14;15;0;0;14;15
26689;70;90;14;15;0;0;14;15
26691;84;90;14;15;0;0;14;15
26696;98;90;14;15;0;0;14;15
26705;112;90;14;15;0;0;14;15
26716;126;90;14;15;0;0;14;15
26719;140;90;14;15;0;0;14;15
26757;154;90;14;15;0;0;14;15
26775;168;90;14;15;0;0;14;15
26792;182;90;14;15;0;0;14;15
26800;196;90;14;15;0;0;14;15
26820;210;90;14;15;0;0;14;15
26827;224;90;14;15;0;0;14;15
26834;238;90;14;15;0;0;14;15
26842;252;90;14;15;0;0;14;15
26847;266;90;14;15;0;0;14;15
26862;280;90;14;15;0;0;14;15
26874;294;90;14;15;0;0;14;15
26885;308;90;14;15;0;0;14;15
26893;322;90;14;15;0;0;14;15
26894;336;90;14;15;0;0;14;15
26908;350;90;14;15;0;0;14;15
26989;364;90;14;15;0;0;14;15
26997;378;90;14;15;0;0;14;15
26999;392;90;14;15;0;0;14;15
27004;406;90;14;15;0;0;14;15
27005;420;90;14;15;0;0;14;15
27010;434;90;14;15;0;0;14;15
27083;448;90;14;15;0;0;14;15
27096;462;90;14;15;0;0;14;15
27133;476;90;14;15;0;0;14;15
27161;490;90;14;15;0;0;14;15
27169;504;90;14;15;0;0;14;15
27177;518;90;14;15;0;0;14;15
27178;532;90;14;15;0;0;14;15
27193;546;90;14;15;0;0;14;15
27211;560;90;14;15;0;0;14;15
27231;574;90;14;15;0;0;14;15
27396;588;90;14;15;0;0;14;15
27424;602;90;14;15;0;0;14;15
27425;616;90;14;15;0;0;14;15
27431;630;90;14;15;0;0;14;15
27442;644;90;14;15;0;0;14;15
27450;658;90;14;15;0;0;14;15
27454;672;90;14;15;0;0;14;15
27468;686;90;14;15;0;0;14;15
27475;700;90;14;15;0;0;14;15
27490;714;90;14;15;0;0;14;15
27491;728;90;14;15;0;0;14;15
27494;742;90;14;15;0;0;14;15
27497;756;90;14;15;0;0;14;15
27503;770;90;14;15;0;0;14;15
27507;784;90;14;15;0;0;14;15
27508;798;90;14;15;0;0;14;15
27515;812;90;14;15;0;0;14;15
27529;826;90;14;15;0;0;14;15
27530;840;90;14;15;0;0;14;15
27531;854;90;14;15;0;0;14;15
27542;868;90;14;15;0;0;14;15
27572;882;90;14;15;0;0;14;15
27573;896;90;14;15;0;0;14;15
27578;910;90;14;15;0;0;14;15
27579;924;90;14;15;0;0;14;15
27583;938;90;14;15;0;0;14;15
27584;952;90;14;15;0;0;14;15
27597;966;90;14;15;0;0;14;15
27598;980;90;14;15;0;0;14;15
27602;994;90;14;15;0;0;14;15
27604;1008;90;14;15;0;0;14;15
27611;1022;90;14;15;0;0;14;15
27663;1036;90;14;15;0;0;14;15
27665;1050;90;14;15;0;0;14;15
27671;1064;90;14;15;0;0;14;15
27700;1078;90;14;15;0;0;14;15
27703;1092;90;14;15;0;0;14;15
27704;1106;90;14;15;0;0;14;15
27710;1120;90;14;15;0;0;14;15
27713;1134;90;14;15;0;0;14;15
27714;1148;90;14;15;0;0;14;15
27726;1162;90;14;15;0;0;14;15
27735;1176;90;14;15;0;0;14;15
27738;1190;90;14;15;0;0;14;15
27743;1204;90;14;15;0;0;14;15
27744;1218;90;14;15;0;0;14;15
27760;1232;90;14;15;0;0;14;15
27770;1246;90;14;15;0;0;14;15
27773;1260;90;14;15;0;0;14;15
27779;1274;90;14;15;0;0;14;15
27784;1288;90;14;15;0;0;14;15
27798;1302;90;14;15;0;0;14;15
27801;1316;90;14;15;0;0;14;15
27809;1330;90;14;15;0;0;14;15
27810;1344;90;14;15;0;0;14;15
27827;1358;90;14;15;0;0;14;15
27832;1372;90;14;15;0;0;14;15
27833;1386;90;14;15;0;0;14;15
27835;1400;90;14;15;0;0;14;15
27836;1414;90;14;15;0;0;14;15
27839;1428;90;14;15;0;0;14;15
27841;1442;90;14;15;0;0;14;15
27849;1456;90;14;15;0;0;14;15
27850;1470;90;14;15;0;0;14;15
27852;1484;90;14;15;0;0;14;15
27861;1498;90;14;15;0;0;14;15
27873;1512;90;14;15;0;0;14;15
27874;1526;90;14;15;0;0;14;15
27875;1540;90;14;15;0;0;14;15
27877;1554;90;14;15;0;0;14;15
27880;1568;90;14;15;0;0;14;15
27888;1582;90;14;15;0;0;14;15
27891;1596;90;14;15;0;0;14;15
27915;1610;90;14;15;0;0;14;15
27927;1624;90;14;15;0;0;14;15
27934;1638;90;14;15;0;0;14;15
27941;1652;90;14;15;0;0;14;15
27946;1666;90;14;15;0;0;14;15
27963;1680;90;14;15;0;0;14;15
27966;1694;90;14;15;0;0;14;15
27969;1708;90;14;15;0;0;14;15
27972;1722;90;14;15;0;0;14;15
27973;1736;90;14;15;0;0;14;15
27996;1750;90;14;15;0;0;14;15
28006;1764;90;14;15;0;0;14;15
28010;1778;90;14;15;0;0;14;15
28014;1792;90;14;15;0;0;14;15
28020;1806;90;14;15;0;0;14;15
28023;1820;90;14;15;0;0;14;15
28024;1834;90;14;15;0;0;14;15
28040;1848;90;14;15;0;0;14;15
28057;1862;90;14;15;0;0;14;15
28079;1876;90;14;15;0;0;14;15
28082;1890;90;14;15;0;0;14;15
28092;1904;90;14;15;0;0;14;15
28113;1918;90;14;15;0;0;14;15
28129;1932;90;14;15;0;0;14;15
28139;1946;90;14;15;0;0;14;15
28145;1960;90;14;15;0;0;14;15
28151;1974;90;14;15;0;0;14;15
28155;1988;90;14;15;0;0;14;15
28165;2002;90;14;15;0;0;14;15
28167;2016;90;14;15;0;0;14;15
28168;2030;90;14;15;0;0;14;15
28169;2044;90;14;15;0;0;14;15
28171;2058;90;14;15;0;0;14;15
28179;2072;90;14;15;0;0;14;15
28187;2086;90;14;15;0;0;14;15
28193;2100;90;14;15;0;0;14;15
28198;2114;90;14;15;0;0;14;15
28201;2128;90;14;15;0;0;14;15
28204;2142;90;14;15;0;0;14;15
28207;2156;90;14;15;0;0;14;15
28246;2170;90;14;15;0;0;14;15
28263;2184;90;14;15;0;0;14;15
28271;2198;90;14;15;0;0;14;15
28286;2212;90;14;15;0;0;14;15
28287;2226;90;14;15;0;0;14;15
28288;2240;90;14;15;0;0;14;15
28304;2254;90;14;15;0;0;14;15
28310;2268;90;14;15;0;0;14;15
28317;2282;90;14;15;0;0;14;15
28342;2296;90;14;15;0;0;14;15
28346;2310;90;14;15;0;0;14;15
28357;2324;90;14;15;0;0;14;15
28363;2338;90;14;15;0;0;14;15
28369;2352;90;14;15;0;0;14;15
28381;2366;90;14;15;0;0;14;15
28382;2380;90;14;15;0;0;14;15
28404;2394;90;14;15;0;0;14;15
28417;2408;90;14;15;0;0;14;15
28418;2422;90;14;15;0;0;14;15
28422;2436;90;14;15;0;0;14;15
28431;2450;90;14;15;0;0;14;15
28436;2464;90;14;15;0;0;14;15
28448;2478;90;14;15;0;0;14;15
28450;2492;90;14;15;0;0;14;15
28459;2506;90;14;15;0;0;14;15
28460;2520;90;14;15;0;0;14;15
28472;2534;90;14;15;0;0;14;15
28500;2548;90;14;15;0;0;14;15
28508;2562;90;14;15;0;0;14;15
28511;2576;90;14;15;0;0;14;15
28516;2590;90;14;15;0;0;14;15
28526;2604;90;14;15;0;0;14;15
28528;2618;90;14;15;0;0;14;15
28548;2632;90;14;15;0;0;14;15
28608;2646;90;14;15;0;0;14;15
28609;2660;90;14;15;0;0;14;15
28611;2674;90;14;15;0;0;14;15
28651;2688;90;14;15;0;0;14;15
28655;2702;90;14;15;0;0;14;15
28716;2716;90;14;15;0;0;14;15
28779;2730;90;14;15;0;0;14;15
28783;2744;90;14;15;0;0;14;15
28784;2758;90;14;15;0;0;14;15
28797;2772;90;14;15;0;0;14;15
28809;2786;90;14;15;0;0;14;15
28810;2800;90;14;15;0;0;14;15
28814;2814;90;14;15;0;0;14;15
28845;2828;90;14;15;0;0;14;15
28857;2842;90;14;15;0;0;14;15
28858;2856;90;14;15;0;0;14;15
28872;2870;90;14;15;0;0;14;15
28961;2884;90;14;15;0;0;14;15
28966;2898;90;14;15;0;0;14;15
28982;2912;90;14;15;0;0;14;15
28988;2926;90;14;15;0;0;14;15
29006;2940;90;14;15;0;0;14;15
29017;2954;90;14;15;0;0;14;15
29031;2968;90;14;15;0;0;14;15
29033;2982;90;14;15;0;0;14;15
29038;2996;90;14;15;0;0;14;15
29066;3010;90;14;15;0;0;14;15
29087;3024;90;14;15;0;0;14;15
29105;3038;90;14;15;0;0;14;15
29123;3052;90;14;15;0;0;14;15
29157;3066;90;14;15;0;0;14;15
29190;3080;90;14;15;0;0;14;15
29226;3094;90;14;15;0;0;14;15
29237;3108;90;14;15;0;0;14;15
29238;3122;90;14;15;0;0;14;15
29245;3136;90;14;15;0;0;14;15
29255;3150;90;14;15;0;0;14;15
29256;3164;90;14;15;0;0;14;15
29273;3178;90;14;15;0;0;14;15
29275;3192;90;14;15;0;0;14;15
29287;3206;90;14;15;0;0;14;15
29289;3220;90;14;15;0;0;14;15
29298;3234;90;14;15;0;0;14;15
29305;3248;90;14;15;0;0;14;15
29344;3262;90;14;15;0;0;14;15
29356;3276;90;14;15;0;0;14;15
29359;3290;90;14;15;0;0;14;15
29366;3304;90;14;15;0;0;14;15
29378;3318;90;14;15;0;0;14;15
29401;3332;90;14;15;0;0;14;15
29417;3346;90;14;15;0;0;14;15
29420;3360;90;14;15;0;0;14;15
29421;3374;90;14;15;0;0;14;15
29467;3388;90;14;15;0;0;14;15
29471;3402;90;14;15;0;0;14;15
29483;3416;90;14;15;0;0;14;15
29486;3430;90;14;15;0;0;14;15
29494;3444;90;14;15;0;0;14;15
29503;3458;90;14;15;0;0;14;15
29508;3472;90;14;15;0;0;14;15
29539;3486;90;14;15;0;0;14;15
29554;3500;90;14;15;0;0;14;15
29572;3514;90;14;15;0;0;14;15
29575;3528;90;14;15;0;0;14;15
29577;3542;90;14;15;0;0;14;15
29579;3556;90;14;15;0;0;14;15
29609;3570;90;14;15;0;0;14;15
29645;3584;90;14;15;0;0;14;15
29664;3598;90;14;15;0;0;14;15
29677;3612;90;14;15;0;0;14;15
29694;3626;90;14;15;0;0;14;15
29699;3640;90;14;15;0;0;14;15
29702;3654;90;14;15;0;0;14;15
29748;3668;90;14;15;0;0;14;15
29792;3682;90;14;15;0;0;14;15
29827;3696;90;14;15;0;0;14;15
29863;3710;90;14;15;0;0;14;15
29872;3724;90;14;15;0;0;14;15
29885;3738;90;14;15;0;0;14;15
29926;3752;90;14;15;0;0;14;15
29942;3766;90;14;15;0;0;14;15
29976;3780;90;14;15;0;0;14;15
29978;3794;90;14;15;0;0;14;15
29983;3808;90;14;15;0;0;14;15
29987;3822;90;14;15;0;0;14;15
29992;3836;90;14;15;0;0;14;15
30000;3850;90;14;15;0;0;14;15
30001;3864;90;14;15;0;0;14;15
30002;3878;90;14;15;0;0;14;15
30003;3892;90;14;15;0;0;14;15
30007;3906;90;14;15;0;0;14;15
30010;3920;90;14;15;0;0;14;15
30011;3934;90;14;15;0;0;14;15
30028;3948;90;14;15;0;0;14;15
30031;3962;90;14;15;0;0;14;15
30033;3976;90;14;15;0;0;14;15
30036;3990;90;14;15;0;0;14;15
30041;4004;90;14;15;0;0;14;15
30044;4018;90;14;15;0;0;14;15
30045;4032;90;14;15;0;0;14;15
30053;4046;90;14;15;0;0;14;15
30058;4060;90;14;15;0;0;14;15
30064;4074;90;14;15;0;0;14;15
30067;0;105;14;15;0;0;14;15
30079;14;105;14;15;0;0;14;15
30094;28;105;14;15;0;0;14;15
30097;42;105;14;15;0;0;14;15
30123;56;105;14;15;0;0;14;15
30130;70;105;14;15;0;0;14;15
30142;84;105;14;15;0;0;14;15
30149;98;105;14;15;0;0;14;15
30151;112;105;14;15;0;0;14;15
30165;126;105;14;15;0;0;14;15
30168;140;105;14;15;0;0;14;15
30171;154;105;14;15;0;0;14;15
30178;168;105;14;15;0;0;14;15
30185;182;105;14;15;0;0;14;15
30196;196;105;14;15;0;0;14;15
30221;210;105;14;15;0;0;14;15
30274;224;105;14;15;0;0;14;15
30290;238;105;14;15;0;0;14;15
30294;252;105;14;15;0;0;14;15
30330;266;105;14;15;0;0;14;15
30331;280;105;14;15;0;0;14;15
30333;294;105;14;15;0;0;14;15
30334;308;105;14;15;0;0;14;15
30340;322;105;14;15;0;0;14;15
30342;336;105;14;15;0;0;14;15
30343;350;105;14;15;0;0;14;15
30382;364;105;14;15;0;0;14;15
30399;378;105;14;15;0;0;14;15
30406;392;105;14;15;0;0;14;15
30410;406;105;14;15;0;0;14;15
30423;420;105;14;15;0;0;14;15
30427;434;105;14;15;0;0;14;15
30431;448;105;14;15;0;0;14;15
30435;462;105;14;15;0;0;14;15
30436;476;105;14;15;0;0;14;15
30446;490;105;14;15;0;0;14;15
30450;504;105;14;15;0;0;14;15
30452;518;105;14;15;0;0;14;15
30456;532;105;14;15;0;0;14;15
30462;546;105;14;15;0;0;14;15
30465;560;105;14;15;0;0;14;15
30473;574;105;14;15;0;0;14;15
30475;588;105;14;15;0;0;14;15
30476;602;105;14;15;0;0;14;15
30495;616;105;14;15;0;0;14;15
30496;630;105;14;15;0;0;14;15
30522;644;105;14;15;0;0;14;15
30524;658;105;14;15;0;0;14;15
30528;672;105;14;15;0;0;14;15
30561;686;105;14;15;0;0;14;15
30563;700;105;14;15;0;0;14;15
30566;714;105;14;15;0;0;14;15
30636;728;105;14;15;0;0;14;15
30637;742;105;14;15;0;0;14;15
30643;756;105;14;15;0;0;14;15
30683;770;105;14;15;0;0;14;15
30690;784;105;14;15;0;0;14;15
30693;798;105;14;15;0;0;14;15
30701;812;105;14;15;0;0;14;15
30703;826;105;14;15;0;0;14;15
30707;840;105;14;15;0;0;14;15
30722;854;105;14;15;0;0;14;15
30740;868;105;14;15;0;0;14;15
30741;882;105;14;15;0;0;14;15
30770;896;105;14;15;0;0;14;15
30772;910;105;14;15;0;0;14;15
30813;924;105;14;15;0;0;14;15
30827;938;105;14;15;0;0;14;15
30828;952;105;14;15;0;0;14;15
30849;966;105;14;15;0;0;14;15
30865;980;105;14;15;0;0;14;15
30906;994;105;14;15;0;0;14;15
30913;1008;105;14;15;0;0;14;15
30952;1022;105;14;15;0;0;14;15
30977;1036;105;14;15;0;0;14;15
30990;1050;105;14;15;0;0;14;15
31034;1064;105;14;15;0;0;14;15
31036;1078;105;14;15;0;0;14;15
31038;1092;105;14;15;0;0;14;15
31048;1106;105;14;15;0;0;14;15
31049;1120;105;14;15;0;0;14;15
31062;1134;105;14;15;0;0;14;15
31069;1148;105;14;15;0;0;14;15
31070;1162;105;14;15;0;0;14;15
31077;1176;105;14;15;0;0;14;15
31080;1190;105;14;15;0;0;14;15
31085;1204;105;14;15;0;0;14;15
31105;1218;105;14;15;0;0;14;15
31109;1232;105;14;15;0;0;14;15
31117;1246;105;14;15;0;0;14;15
31119;1260;105;14;15;0;0;14;15
31168;1274;105;14;15;0;0;14;15
31169;1288;105;14;15;0;0;14;15
31179;1302;105;14;15;0;0;14;15
31185;1316;105;14;15;0;0;14;15
31186;1330;105;14;15;0;0;14;15
31192;1344;105;14;15;0;0;14;15
31199;1358;105;14;15;0;0;14;15
31209;1372;105;14;15;0;0;14;15
31216;1386;105;14;15;0;0;14;15
31227;1400;105;14;15;0;0;14;15
31243;1414;105;14;15;0;0;14;15
31246;1428;105;14;15;0;0;14;15
31258;1442;105;14;15;0;0;14;15
31278;1456;105;14;15;0;0;14;15
31282;1470;105;14;15;0;0;14;15
31292;1484;105;14;15;0;0;14;15
31293;1498;105;14;15;0;0;14;15
31295;1512;105;14;15;0;0;14;15
31296;1526;105;14;15;0;0;14;15
31298;1540;105;14;15;0;0;14;15
31309;1554;105;14;15;0;0;14;15
31311;1568;105;14;15;0;0;14;15
31339;1582;105;14;15;0;0;14;15
31348;1596;105;14;15;0;0;14;15
31350;1610;105;14;15;0;0;14;15
31354;1624;105;14;15;0;0;14;15
31361;1638;105;14;15;0;0;14;15
31363;1652;105;14;15;0;0;14;15
31378;1666;105;14;15;0;0;14;15
31379;1680;105;14;15;0;0;14;15
31391;1694;105;14;15;0;0;14;15
31406;1708;105;14;15;0;0;14;15
31407;1722;105;14;15;0;0;14;15
31435;1736;105;14;15;0;0;14;15
31452;1750;105;14;15;0;0;14;15
31456;1764;105;14;15;0;0;14;15
31461;1778;105;14;15;0;0;14;15
31471;1792;105;14;15;0;0;14;15
31478;1806;105;14;15;0;0;14;15
31481;1820;105;14;15;0;0;14;15
31505;1834;105;14;15;0;0;14;15
31515;1848;105;14;15;0;0;14;15
31526;1862;105;14;15;0;0;14;15
31532;1876;105;14;15;0;0;14;15
31558;1890;105;14;15;0;0;14;15
31561;1904;105;14;15;0;0;14;15
31563;1918;105;14;15;0;0;14;15
31570;1932;105;14;15;0;0;14;15
31572;1946;105;14;15;0;0;14;15
31574;1960;105;14;15;0;0;14;15
31623;1974;105;14;15;0;0;14;15
31627;1988;105;14;15;0;0;14;15
31639;2002;105;14;15;0;0;14;15
31649;2016;105;14;15;0;0;14;15
31665;2030;105;14;15;0;0;14;15
31672;2044;105;14;15;0;0;14;15
31680;2058;105;14;15;0;0;14;15
31684;2072;105;14;15;0;0;14;15
31689;2086;105;14;15;0;0;14;15
31716;2100;105;14;15;0;0;14;15
31777;2114;105;14;15;0;0;14;15
31807;2128;105;14;15;0;0;14;15
31821;2142;105;14;15;0;0;14;15
31840;2156;105;14;15;0;0;14;15
31859;2170;105;14;15;0;0;14;15
31881;2184;105;14;15;0;0;14;15
31883;2198;105;14;15;0;0;14;15
31890;2212;105;14;15;0;0;14;15
31895;2226;105;14;15;0;0;14;15
31896;2240;105;14;15;0;0;14;15
31899;2254;105;14;15;0;0;14;15
31911;2268;105;14;15;0;0;14;15
31934;2282;105;14;15;0;0;14;15
31958;2296;105;14;15;0;0;14;15
31975;2310;105;14;15;0;0;14;15
31992;2324;105;14;15;0;0;14;15
31995;2338;105;14;15;0;0;14;15
31998;2352;105;14;15;0;0;14;15
32000;2366;105;14;15;0;0;14;15
32004;2380;105;14;15;0;0;14;15
32005;2394;105;14;15;0;0;14;15
32011;2408;105;14;15;0;0;14;15
32013;2422;105;14;15;0;0;14;15
32020;2436;105;14;15;0;0;14;15
32025;2450;105;14;15;0;0;14;15
32026;2464;105;14;15;0;0;14;15
32027;2478;105;14;15;0;0;14;15
32032;2492;105;14;15;0;0;14;15
32033;2506;105;14;15;0;0;14;15
32034;2520;105;14;15;0;0;14;15
32043;2534;105;14;15;0;0;14;15
32047;2548;105;14;15;0;0;14;15
32048;2562;105;14;15;0;0;14;15
32051;2576;105;14;15;0;0;14;15
32057;2590;105;14;15;0;0;14;15
32058;2604;105;14;15;0;0;14;15
32066;2618;105;14;15;0;0;14;15
32068;2632;105;14;15;0;0;14;15
32076;2646;105;14;15;0;0;14;15
32080;2660;105;14;15;0;0;14;15
32094;2674;105;14;15;0;0;14;15
32097;2688;105;14;15;0;0;14;15
32102;2702;105;14;15;0;0;14;15
32113;2716;105;14;15;0;0;14;15
32117;2730;105;14;15;0;0;14;15
32118;2744;105;14;15;0;0;14;15
32121;2758;105;14;15;0;0;14;15
32153;2772;105;14;15;0;0;14;15
32154;2786;105;14;15;0;0;14;15
32173;2800;105;14;15;0;0;14;15
32177;2814;105;14;15;0;0;14;15
32178;2828;105;14;15;0;0;14;15
32187;2842;105;14;15;0;0;14;15
32191;2856;105;14;15;0;0;14;15
32202;2870;105;14;15;0;0;14;15
32207;2884;105;14;15;0;0;14;15
32209;2898;105;14;15;0;0;14;15
32210;2912;105;14;15;0;0;14;15
32218;2926;105;14;15;0;0;14;15
32224;2940;105;14;15;0;0;14;15
32232;2954;105;14;15;0;0;14;15
32233;2968;105;14;15;0;0;14;15
32239;2982;105;14;15;0;0;14;15
32244;2996;105;14;15;0;0;14;15
32251;3010;105;14;15;0;0;14;15
32257;3024;105;14;15;0;0;14;15
32260;3038;105;14;15;0;0;14;15
32283;3052;105;14;15;0;0;14;15
32294;3066;105;14;15;0;0;14;15
32299;3080;105;14;15;0;0;14;15
32302;3094;105;14;15;0;0;14;15
32318;3108;105;14;15;0;0;14;15
32321;3122;105;14;15;0;0;14;15
32330;3136;105;14;15;0;0;14;15
32340;3150;105;14;15;0;0;14;15
32341;3164;105;14;15;0;0;14;15
32365;3178;105;14;15;0;0;14;15
32368;3192;105;14;15;0;0;14;15
32566;3206;105;14;15;0;0;14;15
32618;3220;105;14;15;0;0;14;15
32622;3234;105;14;15;0;0;14;15
32624;3248;105;14;15;0;0;14;15
32626;3262;105;14;15;0;0;14;15
32629;3276;105;14;15;0;0;14;15
32631;3290;105;14;15;0;0;14;15
32645;3304;105;14;15;0;0;14;15
32650;3318;105;14;15;0;0;14;15
32654;3332;105;14;15;0;0;14;15
32670;3346;105;14;15;0;0;14;15
32676;3360;105;14;15;0;0;14;15
32680;3374;105;14;15;0;0;14;15
32681;3388;105;14;15;0;0;14;15
32701;3402;105;14;15;0;0;14;15
32705;3416;105;14;15;0;0;14;15
32716;3430;105;14;15;0;0;14;15
32722;3444;105;14;15;0;0;14;15
32763;3458;105;14;15;0;0;14;15
32764;3472;105;14;15;0;0;14;15
32769;3486;105;14;15;0;0;14;15
32771;3500;105;14;15;0;0;14;15
32773;3514;105;14;15;0;0;14;15
32784;3528;105;14;15;0;0;14;15
32789;3542;105;14;15;0;0;14;15
32791;3556;105;14;15;0;0;14;15
32819;3570;105;14;15;0;0;14;15
32854;3584;105;14;15;0;0;14;15
32862;3598;105;14;15;0;0;14;15
32884;3612;105;14;15;0;0;14;15
32887;3626;105;14;15;0;0;14;15
32905;3640;105;14;15;0;0;14;15
32908;3654;105;14;15;0;0;14;15
32918;3668;105;14;15;0;0;14;15
32920;3682;105;14;15;0;0;14;15
32925;3696;105;14;15;0;0;14;15
32929;3710;105;14;15;0;0;14;15
32930;3724;105;14;15;0;0;14;15
32933;3738;105;14;15;0;0;14;15
32937;3752;105;14;15;0;0;14;15
32938;3766;105;14;15;0;0;14;15
32943;3780;105;14;15;0;0;14;15
32946;3794;105;14;15;0;0;14;15
32954;3808;105;14;15;0;0;14;15
32963;3822;105;14;15;0;0;14;15
32966;3836;105;14;15;0;0;14;15
32972;3850;105;14;15;0;0;14;15
32974;3864;105;14;15;0;0;14;15
32990;3878;105;14;15;0;0;14;15
33012;3892;105;14;15;0;0;14;15
33016;3906;105;14;15;0;0;14;15
33021;3920;105;14;15;0;0;14;15
33026;3934;105;14;15;0;0;14;15
33029;3948;105;14;15;0;0;14;15
33031;3962;105;14;15;0;0;14;15
33032;3976;105;14;15;0;0;14;15
33034;3990;105;14;15;0;0;14;15
33050;4004;105;14;15;0;0;14;15
33073;4018;105;14;15;0;0;14;15
33075;4032;105;14;15;0;0;14;15
33102;4046;105;14;15;0;0;14;15
33104;4060;105;14;15;0;0;14;15
33109;4074;105;14;15;0;0;14;15
33131;0;120;14;15;0;0;14;15
33136;14;120;14;15;0;0;14;15
33144;28;120;14;15;0;0;14;15
33145;42;120;14;15;0;0;14;15
33146;56;120;14;15;0;0;14;15
33178;70;120;14;15;0;0;14;15
33180;84;120;14;15;0;0;14;15
33181;98;120;14;15;0;0;14;15
33192;112;120;14;15;0;0;14;15
33203;126;120;14;15;0;0;14;15
33222;140;120;14;15;0;0;14;15
33235;154;120;14;15;0;0;14;15
33251;168;120;14;15;0;0;14;15
33256;182;120;14;15;0;0;14;15
33258;196;120;14;15;0;0;14;15
33261;210;120;14;15;0;0;14;15
33267;224;120;14;15;0;0;14;15
33268;238;120;14;15;0;0;14;15
33276;252;120;14;15;0;0;14;15
33288;266;120;14;15;0;0;14;15
33292;280;120;14;15;0;0;14;15
33294;294;120;14;15;0;0;14;15
33303;308;120;14;15;0;0;14;15
33310;322;120;14;15;0;0;14;15
33311;336;120;14;15;0;0;14;15
33322;350;120;14;15;0;0;14;15
33324;364;120;14;15;0;0;14;15
33334;378;120;14;15;0;0;14;15
33335;392;120;14;15;0;0;14;15
33337;406;120;14;15;0;0;14;15
33351;420;120;14;15;0;0;14;15
33382;434;120;14;15;0;0;14;15
33391;448;120;14;15;0;0;14;15
33394;462;120;14;15;0;0;14;15
33398;476;120;14;15;0;0;14;15
33419;490;120;14;15;0;0;14;15
33437;504;120;14;15;0;0;14;15
33455;518;120;14;15;0;0;14;15
33457;532;120;14;15;0;0;14;15
33459;546;120;14;15;0;0;14;15
33464;560;120;14;15;0;0;14;15
33469;574;120;14;15;0;0;14;15
33495;588;120;14;15;0;0;14;15
33499;602;120;14;15;0;0;14;15
33509;616;120;14;15;0;0;14;15
33510;630;120;14;15;0;0;14;15
33521;644;120;14;15;0;0;14;15
33538;658;120;14;15;0;0;14;15
33550;672;120;14;15;0;0;14;15
33576;686;120;14;15;0;0;14;15
33590;700;120;14;15;0;0;14;15
33609;714;120;14;15;0;0;14;15
33618;728;120;14;15;0;0;14;15
33624;742;120;14;15;0;0;14;15
33655;756;120;14;15;0;0;14;15
33738;770;120;14;15;0;0;14;15
33740;784;120;14;15;0;0;14;15
33747;798;120;14;15;0;0;14;15
33756;812;120;14;15;0;0;14;15
33775;826;120;14;15;0;0;14;15
33806;840;120;14;15;0;0;14;15
33853;854;120;14;15;0;0;14;15
33865;868;120;14;15;0;0;14;15
33879;882;120;14;15;0;0;14;15
33883;896;120;14;15;0;0;14;15
33900;910;120;14;15;0;0;14;15
33976;924;120;14;15;0;0;14;15
33988;938;120;14;15;0;0;14;15
33995;952;120;14;15;0;0;14;15
34065;966;120;14;15;0;0;14;15
34101;980;120;14;15;0;0;14;15
34109;994;120;14;15;0;0;14;15
34180;1008;120;14;15;0;0;14;15
34214;1022;120;14;15;0;0;14;15
34218;1036;120;14;15;0;0;14;15
34219;1050;120;14;15;0;0;14;15
34220;1064;120;14;15;0;0;14;15
34253;1078;120;14;15;0;0;14;15
34276;1092;120;14;15;0;0;14;15
34281;1106;120;14;15;0;0;14;15
34299;1120;120;14;15;0;0;14;15
34382;1134;120;14;15;0;0;14;15
34384;1148;120;14;15;0;0;14;15
34394;1162;120;14;15;0;0;14;15
34396;1176;120;14;15;0;0;14;15
34398;1190;120;14;15;0;0;14;15
34411;1204;120;14;15;0;0;14;15
34425;1218;120;14;15;0;0;14;15
34442;1232;120;14;15;0;0;14;15
34453;1246;120;14;15;0;0;14;15
34503;1260;120;14;15;0;0;14;15
34509;1274;120;14;15;0;0;14;15
34542;1288;120;14;15;0;0;14;15
34562;1302;120;14;15;0;0;14;15
34588;1316;120;14;15;0;0;14;15
34701;1330;120;14;15;0;0;14;15
34880;1344;120;14;15;0;0;14;15
34886;1358;120;14;15;0;0;14;15
34892;1372;120;14;15;0;0;14;15
34899;1386;120;14;15;0;0;14;15
34903;1400;120;14;15;0;0;14;15
34907;1414;120;14;15;0;0;14;15
34909;1428;120;14;15;0;0;14;15
34913;1442;120;14;15;0;0;14;15
34915;1456;120;14;15;0;0;14;15
34920;1470;120;14;15;0;0;14;15
34928;1484;120;14;15;0;0;14;15
34935;1498;120;14;15;0;0;14;15
34955;1512;120;14;15;0;0;14;15
34966;1526;120;14;15;0;0;14;15
34987;1540;120;14;15;0;0;14;15
35009;1554;120;14;15;0;0;14;15
35010;1568;120;14;15;0;0;14;15
35013;1582;120;14;15;0;0;14;15
35023;1596;120;14;15;0;0;14;15
35029;1610;120;14;15;0;0;14;15
35036;1624;120;14;15;0;0;14;15
35064;1638;120;14;15;0;0;14;15
35069;1652;120;14;15;0;0;14;15
35070;1666;120;14;15;0;0;14;15
35079;1680;120;14;15;0;0;14;15
35088;1694;120;14;15;0;0;14;15
35090;1708;120;14;15;0;0;14;15
35167;1722;120;14;15;0;0;14;15
35186;1736;120;14;15;0;0;14;15
35199;1750;120;14;15;0;0;14;15
35201;1764;120;14;15;0;0;14;15
35206;1778;120;14;15;0;0;14;15
35207;1792;120;14;15;0;0;14;15
35211;1806;120;14;15;0;0;14;15
35215;1820;120;14;15;0;0;14;15
35222;1834;120;14;15;0;0;14;15
35226;1848;120;14;15;0;0;14;15
35239;1862;120;14;15;0;0;14;15
35242;1876;120;14;15;0;0;14;15
35251;1890;120;14;15;0;0;14;15
35282;1904;120;14;15;0;0;14;15
35299;1918;120;14;15;0;0;14;15
35302;1932;120;14;15;0;0;14;15
35328;1946;120;14;15;0;0;14;15
35330;1960;120;14;15;0;0;14;15
35331;1974;120;14;15;0;0;14;15
35336;1988;120;14;15;0;0;14;15
35342;2002;120;14;15;0;0;14;15
35347;2016;120;14;15;0;0;14;15
35351;2030;120;14;15;0;0;14;15
35352;2044;120;14;15;0;0;14;15
35359;2058;120;14;15;0;0;14;15
35370;2072;120;14;15;0;0;14;15
35373;2086;120;14;15;0;0;14;15
35377;2100;120;14;15;0;0;14;15
35379;2114;120;14;15;0;0;14;15
35380;2128;120;14;15;0;0;14;15
35386;2142;120;14;15;0;0;14;15
35388;2156;120;14;15;0;0;14;15
35408;2170;120;14;15;0;0;14;15
35412;2184;120;14;15;0;0;14;15
35413;2198;120;14;15;0;0;14;15
35422;2212;120;14;15;0;0;14;15
35424;2226;120;14;15;0;0;14;15
35427;2240;120;14;15;0;0;14;15
35430;2254;120;14;15;0;0;14;15
35433;2268;120;14;15;0;0;14;15
35438;2282;120;14;15;0;0;14;15
35440;2296;120;14;15;0;0;14;15
35441;2310;120;14;15;0;0;14;15
35442;2324;120;14;15;0;0;14;15
35443;2338;120;14;15;0;0;14;15
35463;2352;120;14;15;0;0;14;15
35465;2366;120;14;15;0;0;14;15
35468;2380;120;14;15;0;0;14;15
35469;2394;120;14;15;0;0;14;15
35475;2408;120;14;15;0;0;14;15
35477;2422;120;14;15;0;0;14;15
35480;2436;120;14;15;0;0;14;15
35486;2450;120;14;15;0;0;14;15
35488;2464;120;14;15;0;0;14;15
35492;2478;120;14;15;0;0;14;15
35500;2492;120;14;15;0;0;14;15
35501;2506;120;14;15;0;0;14;15
35504;2520;120;14;15;0;0;14;15
35506;2534;120;14;15;0;0;14;15
35519;2548;120;14;15;0;0;14;15
35527;2562;120;14;15;0;0;14;15
35531;2576;120;14;15;0;0;14;15
35542;2590;120;14;15;0;0;14;15
35558;2604;120;14;15;0;0;14;15
35559;2618;120;14;15;0;0;14;15
35565;2632;120;14;15;0;0;14;15
35566;2646;120;14;15;0;0;14;15
35576;2660;120;14;15;0;0;14;15
35582;2674;120;14;15;0;0;14;15
35584;2688;120;14;15;0;0;14;15
35585;2702;120;14;15;0;0;14;15
35588;2716;120;14;15;0;0;14;15
35598;2730;120;14;15;0;0;14;15
35609;2744;120;14;15;0;0;14;15
35611;2758;120;14;15;0;0;14;15
35613;2772;120;14;15;0;0;14;15
35617;2786;120;14;15;0;0;14;15
35641;2800;120;14;15;0;0;14;15
35672;2814;120;14;15;0;0;14;15
35676;2828;120;14;15;0;0;14;15
35686;2842;120;14;15;0;0;14;15
35696;2856;120;14;15;0;0;14;15
35698;2870;120;14;15;0;0;14;15
35703;2884;120;14;15;0;0;14;15
35895;2898;120;14;15;0;0;14;15
35910;2912;120;14;15;0;0;14;15
35914;2926;120;14;15;0;0;14;15
35930;2940;120;14;15;0;0;14;15
35937;2954;120;14;15;0;0;14;15
35946;2968;120;14;15;0;0;14;15
35980;2982;120;14;15;0;0;14;15
35997;2996;120;14;15;0;0;14;15
35998;3010;120;14;15;0;0;14;15
36000;3024;120;14;15;0;0;14;15
36001;3038;120;14;15;0;0;14;15
36002;3052;120;14;15;0;0;14;15
36007;3066;120;14;15;0;0;14;15
36008;3080;120;14;15;0;0;14;15
36009;3094;120;14;15;0;0;14;15
36010;3108;120;14;15;0;0;14;15
36011;3122;120;14;15;0;0;14;15
36012;3136;120;14;15;0;0;14;15
36015;3150;120;14;15;0;0;14;15
36020;3164;120;14;15;0;0;14;15
36023;3178;120;14;15;0;0;14;15
36024;3192;120;14;15;0;0;14;15
36027;3206;120;14;15;0;0;14;15
36028;3220;120;14;15;0;0;14;15
36031;3234;120;14;15;0;0;14;15
36032;3248;120;14;15;0;0;14;15
36034;3262;120;14;15;0;0;14;15
36035;3276;120;14;15;0;0;14;15
36036;3290;120;14;15;0;0;14;15
36039;3304;120;14;15;0;0;14;15
36042;3318;120;14;15;0;0;14;15
36051;3332;120;14;15;0;0;14;15
36059;3346;120;14;15;0;0;14;15
36060;3360;120;14;15;0;0;14;15
36062;3374;120;14;15;0;0;14;15
36064;3388;120;14;15;0;0;14;15
36066;3402;120;14;15;0;0;14;15
36070;3416;120;14;15;0;0;14;15
36074;3430;120;14;15;0;0;14;15
36077;3444;120;14;15;0;0;14;15
36092;3458;120;14;15;0;0;14;15
36104;3472;120;14;15;0;0;14;15
36196;3486;120;14;15;0;0;14;15
36198;3500;120;14;15;0;0;14;15
36208;3514;120;14;15;0;0;14;15
36212;3528;120;14;15;0;0;14;15
36215;3542;120;14;15;0;0;14;15
36229;3556;120;14;15;0;0;14;15
36234;3570;120;14;15;0;0;14;15
36259;3584;120;14;15;0;0;14;15
36275;3598;120;14;15;0;0;14;15
36317;3612;120;14;15;0;0;14;15
36321;3626;120;14;15;0;0;14;15
36335;3640;120;14;15;0;0;14;15
36339;3654;120;14;15;0;0;14;15
36341;3668;120;14;15;0;0;14;15
36362;3682;120;14;15;0;0;14;15
36367;3696;120;14;15;0;0;14;15
36394;3710;120;14;15;0;0;14;15
36468;3724;120;14;15;0;0;14;15
36493;3738;120;14;15;0;0;14;15
36523;3752;120;14;15;0;0;14;15
36554;3766;120;14;15;0;0;14;15
36556;3780;120;14;15;0;0;14;15
36557;3794;120;14;15;0;0;14;15
36562;3808;120;14;15;0;0;14;15
36575;3822;120;14;15;0;0;14;15
36578;3836;120;14;15;0;0;14;15
36600;3850;120;14;15;0;0;14;15
36605;3864;120;14;15;0;0;14;15
36611;3878;120;14;15;0;0;14;15
36617;3892;120;14;15;0;0;14;15
36637;3906;120;14;15;0;0;14;15
36649;3920;120;14;15;0;0;14;15
36650;3934;120;14;15;0;0;14;15
36664;3948;120;14;15;0;0;14;15
36676;3962;120;14;15;0;0;14;15
36763;3976;120;14;15;0;0;14;15
36766;3990;120;14;15;0;0;14;15
36771;4004;120;14;15;0;0;14;15
36785;4018;120;14;15;0;0;14;15
36786;4032;120;14;15;0;0;14;15
36794;4046;120;14;15;0;0;14;15
36796;4060;120;14;15;0;0;14;15
36805;4074;120;14;15;0;0;14;15
36814;0;135;14;15;0;0;14;15
36817;14;135;14;15;0;0;14;15
36820;28;135;14;15;0;0;14;15
36843;42;135;14;15;0;0;14;15
36845;56;135;14;15;0;0;14;15
36848;70;135;14;15;0;0;14;15
36855;84;135;14;15;0;0;14;15
36861;98;135;14;15;0;0;14;15
36864;112;135;14;15;0;0;14;15
36865;126;135;14;15;0;0;14;15
36867;140;135;14;15;0;0;14;15
36870;154;135;14;15;0;0;14;15
36879;168;135;14;15;0;0;14;15
36880;182;135;14;15;0;0;14;15
36883;196;135;14;15;0;0;14;15
36884;210;135;14;15;0;0;14;15
36890;224;135;14;15;0;0;14;15
36893;238;135;14;15;0;0;14;15
36895;252;135;14;15;0;0;14;15
36896;266;135;14;15;0;0;14;15
36899;280;135;14;15;0;0;14;15
36910;294;135;14;15;0;0;14;15
36913;308;135;14;15;0;0;14;15
36914;322;135;14;15;0;0;14;15
36920;336;135;14;15;0;0;14;15
36930;350;135;14;15;0;0;14;15
36933;364;135;14;15;0;0;14;15
36935;378;135;14;15;0;0;14;15
36938;392;135;14;15;0;0;14;15
36939;406;135;14;15;0;0;14;15
36941;420;135;14;15;0;0;14;15
36942;434;135;14;15;0;0;14;15
36947;448;135;14;15;0;0;14;15
36948;462;135;14;15;0;0;14;15
36949;476;135;14;15;0;0;14;15
36956;490;135;14;15;0;0;14;15
36960;504;135;14;15;0;0;14;15
36961;518;135;14;15;0;0;14;15
36963;532;135;14;15;0;0;14;15
36969;546;135;14;15;0;0;14;15
36973;560;135;14;15;0;0;14;15
36974;574;135;14;15;0;0;14;15
36981;588;135;14;15;0;0;14;15
36983;602;135;14;15;0;0;14;15
36984;616;135;14;15;0;0;14;15
36986;630;135;14;15;0;0;14;15
36991;644;135;14;15;0;0;14;15
36996;658;135;14;15;0;0;14;15
37027;672;135;14;15;0;0;14;15
37030;686;135;14;15;0;0;14;15
37034;700;135;14;15;0;0;14;15
37048;714;135;14;15;0;0;14;15
37066;728;135;14;15;0;0;14;15
37070;742;135;14;15;0;0;14;15
37089;756;135;14;15;0;0;14;15
37096;770;135;14;15;0;0;14;15
37101;784;135;14;15;0;0;14;15
37109;798;135;14;15;0;0;14;15
37111;812;135;14;15;0;0;14;15
37117;826;135;14;15;0;0;14;15
37196;840;135;14;15;0;0;14;15
37197;854;135;14;15;0;0;14;15
37198;868;135;14;15;0;0;14;15
37202;882;135;14;15;0;0;14;15
37204;896;135;14;15;0;0;14;15
37218;910;135;14;15;0;0;14;15
37226;924;135;14;15;0;0;14;15
37228;938;135;14;15;0;0;14;15
37237;952;135;14;15;0;0;14;15
37239;966;135;14;15;0;0;14;15
37240;980;135;14;15;0;0;14;15
37266;994;135;14;15;0;0;14;15
37276;1008;135;14;15;0;0;14;15
37304;1022;135;14;15;0;0;14;15
37319;1036;135;14;15;0;0;14;15
37320;1050;135;14;15;0;0;14;15
37324;1064;135;14;15;0;0;14;15
37325;1078;135;14;15;0;0;14;15
37326;1092;135;14;15;0;0;14;15
37327;1106;135;14;15;0;0;14;15
37329;1120;135;14;15;0;0;14;15
37340;1134;135;14;15;0;0;14;15
37341;1148;135;14;15;0;0;14;15
37347;1162;135;14;15;0;0;14;15
37389;1176;135;14;15;0;0;14;15
37428;1190;135;14;15;0;0;14;15
37444;1204;135;14;15;0;0;14;15
37467;1218;135;14;15;0;0;14;15
37474;1232;135;14;15;0;0;14;15
37489;1246;135;14;15;0;0;14;15
37504;1260;135;14;15;0;0;14;15
37507;1274;135;14;15;0;0;14;15
37509;1288;135;14;15;0;0;14;15
37528;1302;135;14;15;0;0;14;15
37549;1316;135;14;15;0;0;14;15
37613;1330;135;14;15;0;0;14;15
37619;1344;135;14;15;0;0;14;15
37628;1358;135;14;15;0;0;14;15
37664;1372;135;14;15;0;0;14;15
37670;1386;135;14;15;0;0;14;15
37676;1400;135;14;15;0;0;14;15
37678;1414;135;14;15;0;0;14;15
37679;1428;135;14;15;0;0;14;15
37682;1442;135;14;15;0;0;14;15
37707;1456;135;14;15;0;0;14;15
37723;1470;135;14;15;0;0;14;15
37749;1484;135;14;15;0;0;14;15
37772;1498;135;14;15;0;0;14;15
37782;1512;135;14;15;0;0;14;15
37806;1526;135;14;15;0;0;14;15
37857;1540;135;14;15;0;0;14;15
37912;1554;135;14;15;0;0;14;15
37969;1568;135;14;15;0;0;14;15
38263;1582;135;14;15;0;0;14;15
38272;1596;135;14;15;0;0;14;15
38281;1610;135;14;15;0;0;14;15
38283;1624;135;14;15;0;0;14;15
38289;1638;135;14;15;0;0;14;15
38291;1652;135;14;15;0;0;14;15
38306;1666;135;14;15;0;0;14;15
38307;1680;135;14;15;0;0;14;15
38309;1694;135;14;15;0;0;14;15
38322;1708;135;14;15;0;0;14;15
38343;1722;135;14;15;0;0;14;15
38360;1736;135;14;15;0;0;14;15
38428;1750;135;14;15;0;0;14;15
38442;1764;135;14;15;0;0;14;15
38450;1778;135;14;15;0;0;14;15
38459;1792;135;14;15;0;0;14;15
38468;1806;135;14;15;0;0;14;15
38477;1820;135;14;15;0;0;14;15
38480;1834;135;14;15;0;0;14;15
38491;1848;135;14;15;0;0;14;15
38498;1862;135;14;15;0;0;14;15
38499;1876;135;14;15;0;0;14;15
38500;1890;135;14;15;0;0;14;15
38501;1904;135;14;15;0;0;14;15
38506;1918;135;14;15;0;0;14;15
38512;1932;135;14;15;0;0;14;15
38515;1946;135;14;15;0;0;14;15
38517;1960;135;14;15;0;0;14;15
38518;1974;135;14;15;0;0;14;15
38520;1988;135;14;15;0;0;14;15
38522;2002;135;14;15;0;0;14;15
38525;2016;135;14;15;0;0;14;15
38533;2030;135;14;15;0;0;14;15
38534;2044;135;14;15;0;0;14;15
38538;2058;135;14;15;0;0;14;15
38542;2072;135;14;15;0;0;14;15
38543;2086;135;14;15;0;0;14;15
38548;2100;135;14;15;0;0;14;15
38553;2114;135;14;15;0;0;14;15
38555;2128;135;14;15;0;0;14;15
38556;2142;135;14;15;0;0;14;15
38560;2156;135;14;15;0;0;14;15
38563;2170;135;14;15;0;0;14;15
38583;2184;135;14;15;0;0;14;15
38587;2198;135;14;15;0;0;14;15
38596;2212;135;14;15;0;0;14;15
38597;2226;135;14;15;0;0;14;15
38598;2240;135;14;15;0;0;14;15
38599;2254;135;14;15;0;0;14;15
38604;2268;135;14;15;0;0;14;15
38609;2282;135;14;15;0;0;14;15
38626;2296;135;14;15;0;0;14;15
38627;2310;135;14;15;0;0;14;15
38632;2324;135;14;15;0;0;14;15
38634;2338;135;14;15;0;0;14;15
38640;2352;135;14;15;0;0;14;15
38642;2366;135;14;15;0;0;14;15
38646;2380;135;14;15;0;0;14;15
38647;2394;135;14;15;0;0;14;15
38651;2408;135;14;15;0;0;14;15
38656;2422;135;14;15;0;0;14;15
38663;2436;135;14;15;0;0;14;15
38666;2450;135;14;15;0;0;14;15
38684;2464;135;14;15;0;0;14;15
38695;2478;135;14;15;0;0;14;15
38706;2492;135;14;15;0;0;14;15
38738;2506;135;14;15;0;0;14;15
38745;2520;135;14;15;0;0;14;15
38750;2534;135;14;15;0;0;14;15
38754;2548;135;14;15;0;0;14;15
38761;2562;135;14;15;0;0;14;15
38772;2576;135;14;15;0;0;14;15
38867;2590;135;14;15;0;0;14;15
38899;2604;135;14;15;0;0;14;15
38907;2618;135;14;15;0;0;14;15
38911;2632;135;14;15;0;0;14;15
38914;2646;135;14;15;0;0;14;15
38915;2660;135;14;15;0;0;14;15
38917;2674;135;14;15;0;0;14;15
38918;2688;135;14;15;0;0;14;15
38920;2702;135;14;15;0;0;14;15
38928;2716;135;14;15;0;0;14;15
38929;2730;135;14;15;0;0;14;15
38930;2744;135;14;15;0;0;14;15
38931;2758;135;14;15;0;0;14;15
38936;2772;135;14;15;0;0;14;15
38957;2786;135;14;15;0;0;14;15
38971;2800;135;14;15;0;0;14;15
38972;2814;135;14;15;0;0;14;15
38988;2828;135;14;15;0;0;14;15
38989;2842;135;14;15;0;0;14;15
38990;2856;135;14;15;0;0;14;15
38996;2870;135;14;15;0;0;14;15
38997;2884;135;14;15;0;0;14;15
39000;2898;135;14;15;0;0;14;15
39006;2912;135;14;15;0;0;14;15
39015;2926;135;14;15;0;0;14;15
39080;2940;135;14;15;0;0;14;15
39131;2954;135;14;15;0;0;14;15
39135;2968;135;14;15;0;0;14;15
39138;2982;135;14;15;0;0;14;15
39151;2996;135;14;15;0;0;14;15
39154;3010;135;14;15;0;0;14;15
39164;3024;135;14;15;0;0;14;15
39165;3038;135;14;15;0;0;14;15
39166;3052;135;14;15;0;0;14;15
39173;3066;135;14;15;0;0;14;15
39178;3080;135;14;15;0;0;14;15
39180;3094;135;14;15;0;0;14;15
39187;3108;135;14;15;0;0;14;15
39208;3122;135;14;15;0;0;14;15
39318;3136;135;14;15;0;0;14;15
39321;3150;135;14;15;0;0;14;15
39340;3164;135;14;15;0;0;14;15
39364;3178;135;14;15;0;0;14;15
39365;3192;135;14;15;0;0;14;15
39366;3206;135;14;15;0;0;14;15
39376;3220;135;14;15;0;0;14;15
39378;3234;135;14;15;0;0;14;15
39438;3248;135;14;15;0;0;14;15
39442;3262;135;14;15;0;0;14;15
39443;3276;135;14;15;0;0;14;15
39472;3290;135;14;15;0;0;14;15
39514;3304;135;14;15;0;0;14;15
39592;3318;135;14;15;0;0;14;15
39608;3332;135;14;15;0;0;14;15
39620;3346;135;14;15;0;0;14;15
39640;3360;135;14;15;0;0;14;15
39658;3374;135;14;15;0;0;14;15
39729;3388;135;14;15;0;0;14;15
39740;3402;135;14;15;0;0;14;15
39746;3416;135;14;15;0;0;14;15
39749;3430;135;14;15;0;0;14;15
39764;3444;135;14;15;0;0;14;15
39770;3458;135;14;15;0;0;14;15
39854;3472;135;14;15;0;0;14;15
39912;3486;135;14;15;0;0;14;15
40165;3500;135;14;15;0;0;14;15
40180;3514;135;14;15;0;0;14;15
40335;3528;135;14;15;0;0;14;15
40372;3542;135;14;15;0;0;14;15
40575;3556;135;14;15;0;0;14;15
40595;3570;135;14;15;0;0;14;15
40599;3584;135;14;15;0;0;14;15
40614;3598;135;14;15;0;0;14;15
40634;3612;135;14;15;0;0;14;15
40635;3626;135;14;15;0;0;14;15
40644;3640;135;14;15;0;0;14;15
40658;3654;135;14;15;0;0;14;15
40665;3668;135;14;15;0;0;14;15
40723;3682;135;14;15;0;0;14;15
40763;3696;135;14;15;0;0;14;15
40802;3710;135;14;15;0;0;14;15
65281;0;150;14;15;0;0;14;15
65283;14;150;14;15;0;0;14;15
65284;28;150;14;15;0;0;14;15
65285;42;150;14;15;0;0;14;15
65288;56;150;14;15;0;0;14;15
65289;70;150;14;15;0;0;14;15
65290;84;150;14;15;0;0;14;15
65292;98;150;14;15;0;0;14;15
65296;112;150;14;15;0;0;14;15
65297;126;150;14;15;0;0;14;15
65298;140;150;14;15;0;0;14;15
65299;154;150;14;15;0;0;14;15
65300;168;150;14;15;0;0;14;15
65301;182;150;14;15;0;0;14;15
65302;196;150;14;15;0;0;14;15
65303;210;150;14;15;0;0;14;15
65304;224;150;14;15;0;0;14;15
65305;238;150;14;15;0;0;14;15
65306;252;150;14;15;0;0;14;15
65307;266;150;14;15;0;0;14;15
65311;280;150;14;15;0;0;14;15
65313;294;150;14;15;0;0;14;15
65314;308;150;14;15;0;0;14;15
65315;322;150;14;15;0;0;14;15
65316;336;150;14;15;0;0;14;15
65317;350;150;14;15;0;0;14;15
65318;364;150;14;15;0;0;14;15
65319;378;150;14;15;0;0;14;15
65320;392;150;14;15;0;0;14;15
65321;406;150;14;15;0;0;14;15
65322;420;150;14;15;0;0;14;15
65323;434;150;14;15;0;0;14;15
65324;448;150;14;15;0;0;14;15
65325;462;150;14;15;0;0;14;15
65326;476;150;14;15;0;0;14;15
65327;490;150;14;15;0;0;14;15
65328;504;150;14;15;0;0;14;15
65329;518;150;14;15;0;0;14;15
65330;532;150;14;15;0;0;14;15
65331;546;150;14;15;0;0;14;15
65332;560;150;14;15;0;0;14;15
65333;574;150;14;15;0;0;14;15
65334;588;150;14;15;0;0;14;15
65335;602;150;14;15;0;0;14;15
65336;616;150;14;15;0;0;14;15
65337;630;150;14;15;0;0;14;15
65338;644;150;14;15;0;0;14;15
65345;658;150;14;15;0;0;14;15
65346;672;150;14;15;0;0;14;15
65347;686;150;14;15;0;0;14;15
65348;700;150;14;15;0;0;14;15
65349;714;150;14;15;0;0;14;15
65350;728;150;14;15;0;0;14;15
65351;742;150;14;15;0;0;14;15
65352;756;150;14;15;0;0;14;15
65353;770;150;14;15;0;0;14;15
65354;784;150;14;15;0;0;14;15
65355;798;150;14;15;0;0;14;15
65356;812;150;14;15;0;0;14;15
65357;826;150;14;15;0;0;14;15
65358;840;150;14;15;0;0;14;15
65359;854;150;14;15;0;0;14;15
65360;868;150;14;15;0;0;14;15
65361;882;150;14;15;0;0;14;15
65362;896;150;14;15;0;0;14;15
65363;910;150;14;15;0;0;14;15
65364;924;150;14;15;0;0;14;15
65365;938;150;14;15;0;0;14;15
65366;952;150;14;15;0;0;14;15
65367;966;150;14;15;0;0;14;15
65368;980;150;14;15;0;0;14;15
65369;994;150;14;15;0;0;14;15
65370;1008;150;14;15;0;0;14;15
65371;1022;150;14;15;0;0;14;15
65373;1036;150;14;15;0;0;14;15
65374;1050;150;14;15;0;0;14;15
65509;1064;150;14;15;0;0;14;15
