24;0.5;-1.5;18
32;0;0;11;22;0;0;11;22
33;11;0;15;22;0;0;15;22
34;26;0;15;22;0;0;15;22
35;41;0;15;22;0;0;15;22
36;56;0;15;22;0;0;15;22
37;71;0;15;22;0;0;15;22
38;86;0;15;22;0;0;15;22
39;101;0;15;22;0;0;15;22
40;116;0;15;22;0;0;15;22
41;131;0;15;22;0;0;15;22
42;146;0;15;22;0;0;15;22
43;161;0;15;22;0;0;15;22
44;176;0;15;22;0;0;15;22
45;191;0;15;22;0;0;15;22
46;206;0;15;22;0;0;15;22
47;221;0;15;22;0;0;15;22
48;236;0;15;22;0;0;15;22
49;251;0;15;22;0;0;15;22
50;266;0;15;22;0;0;15;22
51;281;0;15;22;0;0;15;22
52;296;0;15;22;0;0;15;22
53;311;0;15;22;0;0;15;22
54;326;0;15;22;0;0;15;22
55;341;0;15;22;0;0;15;22
56;356;0;15;22;0;0;15;22
57;371;0;15;22;0;0;15;22
58;386;0;9;22;0;0;9;22
59;395;0;15;22;0;0;15;22
60;410;0;15;22;0;0;15;22
61;425;0;15;22;0;0;15;22
62;440;0;15;22;0;0;15;22
63;455;0;15;22;0;0;15;22
64;470;0;15;22;0;0;15;22
65;485;0;15;22;0;0;15;22
66;500;0;15;22;0;0;15;22
67;515;0;15;22;0;0;15;22
68;530;0;15;22;0;0;15;22
69;545;0;15;22;0;0;15;22
70;560;0;15;22;0;0;15;22
71;575;0;15;22;0;0;15;22
72;590;0;15;22;0;0;15;22
73;605;0;15;22;0;0;15;22
74;620;0;15;22;0;0;15;22
75;635;0;15;22;0;0;15;22
76;650;0;15;22;0;0;15;22
77;665;0;18;22;0;0;18;22
78;683;0;15;22;0;0;15;22
79;698;0;15;22;0;0;15;22
80;713;0;15;22;0;0;15;22
81;728;0;15;22;0;0;15;22
82;743;0;15;22;0;0;15;22
83;758;0;15;22;0;0;15;22
84;773;0;15;22;0;0;15;22
85;788;0;15;22;0;0;15;22
86;803;0;15;22;0;0;15;22
87;818;0;18;22;0;0;18;22
88;836;0;15;22;0;0;15;22
89;851;0;15;22;0;0;15;22
90;866;0;15;22;0;0;15;22
91;881;0;15;22;0;0;15;22
92;896;0;15;22;0;0;15;22
93;911;0;15;22;0;0;15;22
94;926;0;15;22;0;0;15;22
95;941;0;15;22;0;0;15;22
96;956;0;15;22;0;0;15;22
97;971;0;15;22;0;0;15;22
98;986;0;15;22;0;0;15;22
99;1001;0;15;22;0;0;15;22
100;1016;0;15;22;0;0;15;22
101;1031;0;15;22;0;0;15;22
102;1046;0;15;22;0;0;15;22
103;1061;0;15;22;0;0;15;22
104;1076;0;15;22;0;0;15;22
105;1091;0;15;22;0;0;15;22
106;1106;0;15;22;0;0;15;22
107;1121;0;15;22;0;0;15;22
108;1136;0;15;22;0;0;15;22
109;1151;0;18;22;0;0;18;22
110;1169;0;15;22;0;0;15;22
111;1184;0;15;22;0;0;15;22
112;1199;0;15;22;0;0;15;22
113;1214;0;15;22;0;0;15;22
114;1229;0;15;22;0;0;15;22
115;1244;0;15;22;0;0;15;22
116;1259;0;15;22;0;0;15;22
117;1274;0;15;22;0;0;15;22
118;1289;0;15;22;0;0;15;22
119;1304;0;18;22;0;0;18;22
120;1322;0;15;22;0;0;15;22
121;1337;0;15;22;0;0;15;22
122;1352;0;15;22;0;0;15;22
123;1367;0;15;22;0;0;15;22
124;1382;0;15;22;0;0;15;22
125;1397;0;15;22;0;0;15;22
126;1412;0;15;22;0;0;15;22
183;1427;0;15;22;0;0;15;22
916;1442;0;15;22;0;0;15;22
960;1457;0;15;22;0;0;15;22
8734;1472;0;36;24;0;0;36;24
65381;1508;0;15;22;0;0;15;22
65382;1523;0;15;22;0;0;15;22
65383;1538;0;15;22;0;0;15;22
65384;1553;0;15;22;0;0;15;22
65385;1568;0;15;22;0;0;15;22
65386;1583;0;15;22;0;0;15;22
65387;1598;0;15;22;0;0;15;22
65388;1613;0;15;22;0;0;15;22
65389;1628;0;15;22;0;0;15;22
65390;1643;0;15;22;0;0;15;22
65391;1658;0;15;22;0;0;15;22
65392;1673;0;15;22;0;0;15;22
65393;1688;0;15;22;0;0;15;22
65394;1703;0;15;22;0;0;15;22
65395;1718;0;15;22;0;0;15;22
65396;1733;0;15;22;0;0;15;22
65397;1748;0;15;22;0;0;15;22
65398;1763;0;15;22;0;0;15;22
65399;1778;0;15;22;0;0;15;22
65400;1793;0;15;22;0;0;15;22
65401;1808;0;15;22;0;0;15;22
65402;1823;0;15;22;0;0;15;22
65403;1838;0;15;22;0;0;15;22
65404;1853;0;15;22;0;0;15;22
65405;1868;0;15;22;0;0;15;22
65406;1883;0;15;22;0;0;15;22
65407;1898;0;15;22;0;0;15;22
65408;1913;0;15;22;0;0;15;22
65409;1928;0;15;22;0;0;15;22
65410;1943;0;15;22;0;0;15;22
65411;1958;0;15;22;0;0;15;22
65412;1973;0;15;22;0;0;15;22
65413;1988;0;15;22;0;0;15;22
65414;2003;0;15;22;0;0;15;22
65415;2018;0;15;22;0;0;15;22
65416;2033;0;15;22;0;0;15;22
65417;2048;0;15;22;0;0;15;22
65418;2063;0;15;22;0;0;15;22
65419;2078;0;15;22;0;0;15;22
65420;2093;0;15;22;0;0;15;22
65421;2108;0;15;22;0;0;15;22
65422;2123;0;15;22;0;0;15;22
65423;2138;0;15;22;0;0;15;22
65424;2153;0;15;22;0;0;15;22
65425;2168;0;15;22;0;0;15;22
65426;2183;0;15;22;0;0;15;22
65427;2198;0;15;22;0;0;15;22
65428;2213;0;15;22;0;0;15;22
65429;2228;0;15;22;0;0;15;22
65430;2243;0;15;22;0;0;15;22
65431;2258;0;15;22;0;0;15;22
65432;2273;0;15;22;0;0;15;22
65433;2288;0;15;22;0;0;15;22
65434;2303;0;15;22;0;0;15;22
65435;2318;0;15;22;0;0;15;22
65436;2333;0;15;22;0;0;15;22
65437;2348;0;15;22;0;0;15;22
65438;2363;0;15;22;0;0;15;22
65439;2378;0;15;22;0;0;15;22
711;0;22;16;20;0;0;16;20
714;16;22;16;20;0;0;16;20
715;32;22;16;20;0;0;16;20
729;48;22;16;20;0;0;16;20
8212;64;22;16;20;0;0;16;20
8216;80;22;16;20;0;0;16;20
8217;96;22;16;20;0;0;16;20
8220;112;22;16;20;0;0;16;20
8221;128;22;16;20;0;0;16;20
8230;144;22;16;20;0;0;16;20
8592;160;22;16;20;0;0;16;20
8593;176;22;16;20;0;0;16;20
8594;192;22;16;20;0;0;16;20
8595;208;22;16;20;0;0;16;20
8598;224;22;16;20;0;0;16;20
8599;240;22;16;20;0;0;16;20
8600;256;22;16;20;0;0;16;20
8601;272;22;16;20;0;0;16;20
9320;288;22;16;20;0;0;16;20
9734;304;22;16;20;0;0;16;20
12288;320;22;16;20;0;0;16;20
12289;336;22;16;20;0;0;16;20
12290;352;22;16;20;0;0;16;20
12293;368;22;16;20;0;0;16;20
12298;384;22;16;20;0;0;16;20
12299;400;22;16;20;0;0;16;20
12300;416;22;16;20;0;0;16;20
12301;432;22;16;20;0;0;16;20
12302;448;22;16;20;0;0;16;20
12303;464;22;16;20;0;0;16;20
12304;480;22;16;20;0;0;16;20
12305;496;22;16;20;0;0;16;20
12308;512;22;16;20;0;0;16;20
12309;528;22;16;20;0;0;16;20
12310;544;22;16;20;0;0;16;20
12311;560;22;16;20;0;0;16;20
19904;576;22;16;20;0;0;16;20
19905;592;22;16;20;0;0;16;20
19906;608;22;16;20;0;0;16;20
19907;624;22;16;20;0;0;16;20
19908;640;22;16;20;0;0;16;20
19909;656;22;16;20;0;0;16;20
19910;672;22;16;20;0;0;16;20
19911;688;22;16;20;0;0;16;20
19912;704;22;16;20;0;0;16;20
19913;720;22;16;20;0;0;16;20
19914;736;22;16;20;0;0;16;20
19915;752;22;16;20;0;0;16;20
19916;768;22;16;20;0;0;16;20
19917;784;22;16;20;0;0;16;20
19918;800;22;16;20;0;0;16;20
19919;816;22;16;20;0;0;16;20
19920;832;22;16;20;0;0;16;20
19921;848;22;16;20;0;0;16;20
19922;864;22;16;20;0;0;16;20
19923;880;22;16;20;0;0;16;20
19924;896;22;16;20;0;0;16;20
19925;912;22;16;20;0;0;16;20
19926;928;22;16;20;0;0;16;20
19927;944;22;16;20;0;0;16;20
19928;960;22;16;20;0;0;16;20
19929;976;22;16;20;0;0;16;20
19930;992;22;16;20;0;0;16;20
19931;1008;22;16;20;0;0;16;20
19932;1024;22;16;20;0;0;16;20
19933;1040;22;16;20;0;0;16;20
19934;1056;22;16;20;0;0;16;20
19935;1072;22;16;20;0;0;16;20
19936;1088;22;16;20;0;0;16;20
19937;1104;22;16;20;0;0;16;20
19938;1120;22;16;20;0;0;16;20
19939;1136;22;16;20;0;0;16;20
19940;1152;22;16;20;0;0;16;20
19941;1168;22;16;20;0;0;16;20
19942;1184;22;16;20;0;0;16;20
19943;1200;22;16;20;0;0;16;20
19944;1216;22;16;20;0;0;16;20
19945;1232;22;16;20;0;0;16;20
19946;1248;22;16;20;0;0;16;20
19947;1264;22;16;20;0;0;16;20
19948;1280;22;16;20;0;0;16;20
19949;1296;22;16;20;0;0;16;20
19950;1312;22;16;20;0;0;16;20
19951;1328;22;16;20;0;0;16;20
19952;1344;22;16;20;0;0;16;20
19953;1360;22;16;20;0;0;16;20
19954;1376;22;16;20;0;0;16;20
19955;1392;22;16;20;0;0;16;20
19956;1408;22;16;20;0;0;16;20
19957;1424;22;16;20;0;0;16;20
19958;1440;22;16;20;0;0;16;20
19959;1456;22;16;20;0;0;16;20
19960;1472;22;16;20;0;0;16;20
19961;1488;22;16;20;0;0;16;20
19962;1504;22;16;20;0;0;16;20
19963;1520;22;16;20;0;0;16;20
19964;1536;22;16;20;0;0;16;20
19965;1552;22;16;20;0;0;16;20
19966;1568;22;16;20;0;0;16;20
19967;1584;22;16;20;0;0;16;20
12353;0;42;16;20;0;0;16;20
12354;16;42;16;20;0;0;16;20
12355;32;42;16;20;0;0;16;20
12356;48;42;16;20;0;0;16;20
12357;64;42;16;20;0;0;16;20
12358;80;42;16;20;0;0;16;20
12359;96;42;16;20;0;0;16;20
12360;112;42;16;20;0;0;16;20
12361;128;42;16;20;0;0;16;20
12362;144;42;16;20;0;0;16;20
12363;160;42;16;20;0;0;16;20
12364;176;42;16;20;0;0;16;20
12365;192;42;16;20;0;0;16;20
12366;208;42;16;20;0;0;16;20
12367;224;42;16;20;0;0;16;20
12368;240;42;16;20;0;0;16;20
12369;256;42;16;20;0;0;16;20
12370;272;42;16;20;0;0;16;20
12371;288;42;16;20;0;0;16;20
12372;304;42;16;20;0;0;16;20
12373;320;42;16;20;0;0;16;20
12374;336;42;16;20;0;0;16;20
12375;352;42;16;20;0;0;16;20
12376;368;42;16;20;0;0;16;20
12377;384;42;16;20;0;0;16;20
12378;400;42;16;20;0;0;16;20
12379;416;42;16;20;0;0;16;20
12380;432;42;16;20;0;0;16;20
12381;448;42;16;20;0;0;16;20
12382;464;42;16;20;0;0;16;20
12383;480;42;16;20;0;0;16;20
12384;496;42;16;20;0;0;16;20
12385;512;42;16;20;0;0;16;20
12386;528;42;16;20;0;0;16;20
12387;544;42;16;20;0;0;16;20
12388;560;42;16;20;0;0;16;20
12389;576;42;16;20;0;0;16;20
12390;592;42;16;20;0;0;16;20
12391;608;42;16;20;0;0;16;20
12392;624;42;16;20;0;0;16;20
12393;640;42;16;20;0;0;16;20
12394;656;42;16;20;0;0;16;20
12395;672;42;16;20;0;0;16;20
12396;688;42;16;20;0;0;16;20
12397;704;42;16;20;0;0;16;20
12398;720;42;16;20;0;0;16;20
12399;736;42;16;20;0;0;16;20
12400;752;42;16;20;0;0;16;20
12401;768;42;16;20;0;0;16;20
12402;784;42;16;20;0;0;16;20
12403;800;42;16;20;0;0;16;20
12404;816;42;16;20;0;0;16;20
12405;832;42;16;20;0;0;16;20
12406;848;42;16;20;0;0;16;20
12407;864;42;16;20;0;0;16;20
12408;880;42;16;20;0;0;16;20
12409;896;42;16;20;0;0;16;20
12410;912;42;16;20;0;0;16;20
12411;928;42;16;20;0;0;16;20
12412;944;42;16;20;0;0;16;20
12413;960;42;16;20;0;0;16;20
12414;976;42;16;20;0;0;16;20
12415;992;42;16;20;0;0;16;20
12416;1008;42;16;20;0;0;16;20
12417;1024;42;16;20;0;0;16;20
12418;1040;42;16;20;0;0;16;20
12419;1056;42;16;20;0;0;16;20
12420;1072;42;16;20;0;0;16;20
12421;1088;42;16;20;0;0;16;20
12422;1104;42;16;20;0;0;16;20
12423;1120;42;16;20;0;0;16;20
12424;1136;42;16;20;0;0;16;20
12425;1152;42;16;20;0;0;16;20
12426;1168;42;16;20;0;0;16;20
12427;1184;42;16;20;0;0;16;20
12428;1200;42;16;20;0;0;16;20
12429;1216;42;16;20;0;0;16;20
12430;1232;42;16;20;0;0;16;20
12431;1248;42;16;20;0;0;16;20
12432;1264;42;16;20;0;0;16;20
12433;1280;42;16;20;0;0;16;20
12434;1296;42;16;20;0;0;16;20
12435;1312;42;16;20;0;0;16;20
12436;1328;42;16;20;0;0;16;20
12437;1344;42;16;20;0;0;16;20
12438;1360;42;16;20;0;0;16;20
12443;1376;42;16;20;0;0;16;20
12444;1392;42;16;20;0;0;16;20
12445;1408;42;16;20;0;0;16;20
12446;1424;42;16;20;0;0;16;20
12448;1440;42;16;20;0;0;16;20
12449;1456;42;16;20;0;0;16;20
12450;1472;42;16;20;0;0;16;20
12451;1488;42;16;20;0;0;16;20
12452;1504;42;16;20;0;0;16;20
12453;1520;42;16;20;0;0;16;20
12454;1536;42;16;20;0;0;16;20
12455;1552;42;16;20;0;0;16;20
12456;1568;42;16;20;0;0;16;20
12457;1584;42;16;20;0;0;16;20
12458;1600;42;16;20;0;0;16;20
12459;1616;42;16;20;0;0;16;20
12460;1632;42;16;20;0;0;16;20
12461;1648;42;16;20;0;0;16;20
12462;1664;42;16;20;0;0;16;20
12463;1680;42;16;20;0;0;16;20
12464;1696;42;16;20;0;0;16;20
12465;1712;42;16;20;0;0;16;20
12466;1728;42;16;20;0;0;16;20
12467;1744;42;16;20;0;0;16;20
12468;1760;42;16;20;0;0;16;20
12469;1776;42;16;20;0;0;16;20
12470;1792;42;16;20;0;0;16;20
12471;1808;42;16;20;0;0;16;20
12472;1824;42;16;20;0;0;16;20
12473;1840;42;16;20;0;0;16;20
12474;1856;42;16;20;0;0;16;20
12475;1872;42;16;20;0;0;16;20
12476;1888;42;16;20;0;0;16;20
12477;1904;42;16;20;0;0;16;20
12478;1920;42;16;20;0;0;16;20
12479;1936;42;16;20;0;0;16;20
12480;1952;42;16;20;0;0;16;20
12481;1968;42;16;20;0;0;16;20
12482;1984;42;16;20;0;0;16;20
12483;2000;42;16;20;0;0;16;20
12484;2016;42;16;20;0;0;16;20
12485;2032;42;16;20;0;0;16;20
12486;2048;42;16;20;0;0;16;20
12487;2064;42;16;20;0;0;16;20
12488;2080;42;16;20;0;0;16;20
12489;2096;42;16;20;0;0;16;20
12490;2112;42;16;20;0;0;16;20
12491;2128;42;16;20;0;0;16;20
12492;2144;42;16;20;0;0;16;20
12493;2160;42;16;20;0;0;16;20
12494;2176;42;16;20;0;0;16;20
12495;2192;42;16;20;0;0;16;20
12496;2208;42;16;20;0;0;16;20
12497;2224;42;16;20;0;0;16;20
12498;2240;42;16;20;0;0;16;20
12499;2256;42;16;20;0;0;16;20
12500;2272;42;16;20;0;0;16;20
12501;2288;42;16;20;0;0;16;20
12502;2304;42;16;20;0;0;16;20
12503;2320;42;16;20;0;0;16;20
12504;2336;42;16;20;0;0;16;20
12505;2352;42;16;20;0;0;16;20
12506;2368;42;16;20;0;0;16;20
12507;2384;42;16;20;0;0;16;20
12508;2400;42;16;20;0;0;16;20
12509;2416;42;16;20;0;0;16;20
12510;2432;42;16;20;0;0;16;20
12511;2448;42;16;20;0;0;16;20
12512;2464;42;16;20;0;0;16;20
12513;2480;42;16;20;0;0;16;20
12514;2496;42;16;20;0;0;16;20
12515;2512;42;16;20;0;0;16;20
12516;2528;42;16;20;0;0;16;20
12517;2544;42;16;20;0;0;16;20
12518;2560;42;16;20;0;0;16;20
12519;2576;42;16;20;0;0;16;20
12520;2592;42;16;20;0;0;16;20
12521;2608;42;16;20;0;0;16;20
12522;2624;42;16;20;0;0;16;20
12523;2640;42;16;20;0;0;16;20
12524;2656;42;16;20;0;0;16;20
12525;2672;42;16;20;0;0;16;20
12526;2688;42;16;20;0;0;16;20
12527;2704;42;16;20;0;0;16;20
12528;2720;42;16;20;0;0;16;20
12529;2736;42;16;20;0;0;16;20
12530;2752;42;16;20;0;0;16;20
12531;2768;42;16;20;0;0;16;20
12532;2784;42;16;20;0;0;16;20
12533;2800;42;16;20;0;0;16;20
12534;2816;42;16;20;0;0;16;20
12535;2832;42;16;20;0;0;16;20
12536;2848;42;16;20;0;0;16;20
12537;2864;42;16;20;0;0;16;20
12538;2880;42;16;20;0;0;16;20
12540;2896;42;16;20;0;0;16;20
12541;2912;42;16;20;0;0;16;20
12542;2928;42;16;20;0;0;16;20
12549;2944;42;16;20;0;0;16;20
12550;2960;42;16;20;0;0;16;20
14615;2976;42;16;20;0;0;16;20
14705;2992;42;16;20;0;0;16;20
17868;3008;42;16;20;0;0;16;20
19968;3024;42;16;20;0;0;16;20
19969;3040;42;16;20;0;0;16;20
19971;3056;42;16;20;0;0;16;20
19975;3072;42;16;20;0;0;16;20
19976;3088;42;16;20;0;0;16;20
19977;3104;42;16;20;0;0;16;20
19978;3120;42;16;20;0;0;16;20
19979;3136;42;16;20;0;0;16;20
19981;3152;42;16;20;0;0;16;20
19982;3168;42;16;20;0;0;16;20
19988;3184;42;16;20;0;0;16;20
19990;3200;42;16;20;0;0;16;20
19992;3216;42;16;20;0;0;16;20
19993;3232;42;16;20;0;0;16;20
20001;3248;42;16;20;0;0;16;20
20006;3264;42;16;20;0;0;16;20
20013;3280;42;16;20;0;0;16;20
20018;3296;42;16;20;0;0;16;20
20024;3312;42;16;20;0;0;16;20
20025;3328;42;16;20;0;0;16;20
20027;3344;42;16;20;0;0;16;20
20028;3360;42;16;20;0;0;16;20
20037;3376;42;16;20;0;0;16;20
20047;3392;42;16;20;0;0;16;20
20055;3408;42;16;20;0;0;16;20
20057;3424;42;16;20;0;0;16;20
20061;3440;42;16;20;0;0;16;20
20062;3456;42;16;20;0;0;16;20
20081;3472;42;16;20;0;0;16;20
20083;3488;42;16;20;0;0;16;20
20094;3504;42;16;20;0;0;16;20
20096;3520;42;16;20;0;0;16;20
20102;3536;42;16;20;0;0;16;20
20104;3552;42;16;20;0;0;16;20
20105;3568;42;16;20;0;0;16;20
20107;3584;42;16;20;0;0;16;20
20108;3600;42;16;20;0;0;16;20
20114;3616;42;16;20;0;0;16;20
20116;3632;42;16;20;0;0;16;20
20117;3648;42;16;20;0;0;16;20
20124;3664;42;16;20;0;0;16;20
20129;3680;42;16;20;0;0;16;20
20132;3696;42;16;20;0;0;16;20
20139;3712;42;16;20;0;0;16;20
20140;3728;42;16;20;0;0;16;20
20141;3744;42;16;20;0;0;16;20
20154;3760;42;16;20;0;0;16;20
20161;3776;42;16;20;0;0;16;20
20170;3792;42;16;20;0;0;16;20
20171;3808;42;16;20;0;0;16;20
20175;3824;42;16;20;0;0;16;20
20181;3840;42;16;20;0;0;16;20
20182;3856;42;16;20;0;0;16;20
20184;3872;42;16;20;0;0;16;20
20185;3888;42;16;20;0;0;16;20
20195;3904;42;16;20;0;0;16;20
20196;3920;42;16;20;0;0;16;20
20197;3936;42;16;20;0;0;16;20
20206;3952;42;16;20;0;0;16;20
20208;3968;42;16;20;0;0;16;20
20210;3984;42;16;20;0;0;16;20
20214;4000;42;16;20;0;0;16;20
20219;4016;42;16;20;0;0;16;20
20225;4032;42;16;20;0;0;16;20
20238;4048;42;16;20;0;0;16;20
20239;4064;42;16;20;0;0;16;20
20240;4080;42;16;20;0;0;16;20
20241;0;62;16;20;0;0;16;20
20250;16;62;16;20;0;0;16;20
20253;32;62;16;20;0;0;16;20
20271;48;62;16;20;0;0;16;20
20276;64;62;16;20;0;0;16;20
20280;80;62;16;20;0;0;16;20
20282;96;62;16;20;0;0;16;20
20284;112;62;16;20;0;0;16;20
20294;128;62;16;20;0;0;16;20
20301;144;62;16;20;0;0;16;20
20302;160;62;16;20;0;0;16;20
20303;176;62;16;20;0;0;16;20
20304;192;62;16;20;0;0;16;20
20307;208;62;16;20;0;0;16;20
20309;224;62;16;20;0;0;16;20
20313;240;62;16;20;0;0;16;20
20316;256;62;16;20;0;0;16;20
20339;272;62;16;20;0;0;16;20
20341;288;62;16;20;0;0;16;20
20351;304;62;16;20;0;0;16;20
20363;320;62;16;20;0;0;16;20
20365;336;62;16;20;0;0;16;20
20379;352;62;16;20;0;0;16;20
20381;368;62;16;20;0;0;16;20
20385;384;62;16;20;0;0;16;20
20398;400;62;16;20;0;0;16;20
20399;416;62;16;20;0;0;16;20
20405;432;62;16;20;0;0;16;20
20406;448;62;16;20;0;0;16;20
20415;464;62;16;20;0;0;16;20
20418;480;62;16;20;0;0;16;20
20419;496;62;16;20;0;0;16;20
20426;512;62;16;20;0;0;16;20
20439;528;62;16;20;0;0;16;20
20445;544;62;16;20;0;0;16;20
20449;560;62;16;20;0;0;16;20
20462;576;62;16;20;0;0;16;20
20467;592;62;16;20;0;0;16;20
20469;608;62;16;20;0;0;16;20
20472;624;62;16;20;0;0;16;20
20474;640;62;16;20;0;0;16;20
20489;656;62;16;20;0;0;16;20
20491;672;62;16;20;0;0;16;20
20493;688;62;16;20;0;0;16;20
20498;704;62;16;20;0;0;16;20
20505;720;62;16;20;0;0;16;20
20511;736;62;16;20;0;0;16;20
20515;752;62;16;20;0;0;16;20
20516;768;62;16;20;0;0;16;20
20523;784;62;16;20;0;0;16;20
20537;800;62;16;20;0;0;16;20
20553;816;62;16;20;0;0;16;20
20559;832;62;16;20;0;0;16;20
20572;848;62;16;20;0;0;16;20
20581;864;62;16;20;0;0;16;20
20596;880;62;16;20;0;0;16;20
20597;896;62;16;20;0;0;16;20
20598;912;62;16;20;0;0;16;20
20605;928;62;16;20;0;0;16;20
20621;944;62;16;20;0;0;16;20
20625;960;62;16;20;0;0;16;20
20632;976;62;16;20;0;0;16;20
20633;992;62;16;20;0;0;16;20
20652;1008;62;16;20;0;0;16;20
20658;1024;62;16;20;0;0;16;20
20661;1040;62;16;20;0;0;16;20
20663;1056;62;16;20;0;0;16;20
20670;1072;62;16;20;0;0;16;20
20677;1088;62;16;20;0;0;16;20
20685;1104;62;16;20;0;0;16;20
20687;1120;62;16;20;0;0;16;20
20693;1136;62;16;20;0;0;16;20
20698;1152;62;16;20;0;0;16;20
20711;1168;62;16;20;0;0;16;20
20736;1184;62;16;20;0;0;16;20
20740;1200;62;16;20;0;0;16;20
20754;1216;62;16;20;0;0;16;20
20767;1232;62;16;20;0;0;16;20
20778;1248;62;16;20;0;0;16;20
20803;1264;62;16;20;0;0;16;20
20804;1280;62;16;20;0;0;16;20
20805;1296;62;16;20;0;0;16;20
20806;1312;62;16;20;0;0;16;20
20808;1328;62;16;20;0;0;16;20
20809;1344;62;16;20;0;0;16;20
20811;1360;62;16;20;0;0;16;20
20813;1376;62;16;20;0;0;16;20
20816;1392;62;16;20;0;0;16;20
20826;1408;62;16;20;0;0;16;20
20837;1424;62;16;20;0;0;16;20
20840;1440;62;16;20;0;0;16;20
20843;1456;62;16;20;0;0;16;20
20844;1472;62;16;20;0;0;16;20
20845;1488;62;16;20;0;0;16;20
20849;1504;62;16;20;0;0;16;20
20853;1520;62;16;20;0;0;16;20
20855;1536;62;16;20;0;0;16;20
20856;1552;62;16;20;0;0;16;20
20860;1568;62;16;20;0;0;16;20
20869;1584;62;16;20;0;0;16;20
20870;1600;62;16;20;0;0;16;20
20874;1616;62;16;20;0;0;16;20
20877;1632;62;16;20;0;0;16;20
20882;1648;62;16;20;0;0;16;20
20887;1664;62;16;20;0;0;16;20
20889;1680;62;16;20;0;0;16;20
20896;1696;62;16;20;0;0;16;20
20901;1712;62;16;20;0;0;16;20
20908;1728;62;16;20;0;0;16;20
20918;1744;62;16;20;0;0;16;20
20919;1760;62;16;20;0;0;16;20
20932;1776;62;16;20;0;0;16;20
20934;1792;62;16;20;0;0;16;20
20941;1808;62;16;20;0;0;16;20
20957;1824;62;16;20;0;0;16;20
20961;1840;62;16;20;0;0;16;20
20966;1856;62;16;20;0;0;16;20
20982;1872;62;16;20;0;0;16;20
20984;1888;62;16;20;0;0;16;20
20985;1904;62;16;20;0;0;16;20
20986;1920;62;16;20;0;0;16;20
20992;1936;62;16;20;0;0;16;20
20995;1952;62;16;20;0;0;16;20
20998;1968;62;16;20;0;0;16;20
20999;1984;62;16;20;0;0;16;20
21000;2000;62;16;20;0;0;16;20
21002;2016;62;16;20;0;0;16;20
21009;2032;62;16;20;0;0;16;20
21015;2048;62;16;20;0;0;16;20
21021;2064;62;16;20;0;0;16;20
21028;2080;62;16;20;0;0;16;20
21029;2096;62;16;20;0;0;16;20
21033;2112;62;16;20;0;0;16;20
21040;2128;62;16;20;0;0;16;20
21046;2144;62;16;20;0;0;16;20
21047;2160;62;16;20;0;0;16;20
21048;2176;62;16;20;0;0;16;20
21049;2192;62;16;20;0;0;16;20
21050;2208;62;16;20;0;0;16;20
21051;2224;62;16;20;0;0;16;20
21063;2240;62;16;20;0;0;16;20
21066;2256;62;16;20;0;0;16;20
21069;2272;62;16;20;0;0;16;20
21078;2288;62;16;20;0;0;16;20
21083;2304;62;16;20;0;0;16;20
21085;2320;62;16;20;0;0;16;20
21091;2336;62;16;20;0;0;16;20
21092;2352;62;16;20;0;0;16;20
21103;2368;62;16;20;0;0;16;20
21104;2384;62;16;20;0;0;16;20
21106;2400;62;16;20;0;0;16;20
21109;2416;62;16;20;0;0;16;20
21127;2432;62;16;20;0;0;16;20
21147;2448;62;16;20;0;0;16;20
21151;2464;62;16;20;0;0;16;20
21152;2480;62;16;20;0;0;16;20
21155;2496;62;16;20;0;0;16;20
21161;2512;62;16;20;0;0;16;20
21162;2528;62;16;20;0;0;16;20
21169;2544;62;16;20;0;0;16;20
21172;2560;62;16;20;0;0;16;20
21177;2576;62;16;20;0;0;16;20
21182;2592;62;16;20;0;0;16;20
21187;2608;62;16;20;0;0;16;20
21189;2624;62;16;20;0;0;16;20
21191;2640;62;16;20;0;0;16;20
21193;2656;62;16;20;0;0;16;20
21205;2672;62;16;20;0;0;16;20
21208;2688;62;16;20;0;0;16;20
21209;2704;62;16;20;0;0;16;20
21213;2720;62;16;20;0;0;16;20
21215;2736;62;16;20;0;0;16;20
21218;2752;62;16;20;0;0;16;20
21220;2768;62;16;20;0;0;16;20
21223;2784;62;16;20;0;0;16;20
21234;2800;62;16;20;0;0;16;20
21246;2816;62;16;20;0;0;16;20
21250;2832;62;16;20;0;0;16;20
21253;2848;62;16;20;0;0;16;20
21270;2864;62;16;20;0;0;16;20
21271;2880;62;16;20;0;0;16;20
21280;2896;62;16;20;0;0;16;20
21305;2912;62;16;20;0;0;16;20
21306;2928;62;16;20;0;0;16;20
21307;2944;62;16;20;0;0;16;20
21311;2960;62;16;20;0;0;16;20
21313;2976;62;16;20;0;0;16;20
21315;2992;62;16;20;0;0;16;20
21319;3008;62;16;20;0;0;16;20
21320;3024;62;16;20;0;0;16;20
21322;3040;62;16;20;0;0;16;20
21329;3056;62;16;20;0;0;16;20
21330;3072;62;16;20;0;0;16;20
21331;3088;62;16;20;0;0;16;20
21332;3104;62;16;20;0;0;16;20
21335;3120;62;16;20;0;0;16;20
21336;3136;62;16;20;0;0;16;20
21338;3152;62;16;20;0;0;16;20
21344;3168;62;16;20;0;0;16;20
21360;3184;62;16;20;0;0;16;20
21361;3200;62;16;20;0;0;16;20
21363;3216;62;16;20;0;0;16;20
21364;3232;62;16;20;0;0;16;20
21365;3248;62;16;20;0;0;16;20
21368;3264;62;16;20;0;0;16;20
21380;3280;62;16;20;0;0;16;20
21400;3296;62;16;20;0;0;16;20
21402;3312;62;16;20;0;0;16;20
21407;3328;62;16;20;0;0;16;20
21427;3344;62;16;20;0;0;16;20
21435;3360;62;16;20;0;0;16;20
21442;3376;62;16;20;0;0;16;20
21448;3392;62;16;20;0;0;16;20
21450;3408;62;16;20;0;0;16;20
21451;3424;62;16;20;0;0;16;20
21452;3440;62;16;20;0;0;16;20
21453;3456;62;16;20;0;0;16;20
21454;3472;62;16;20;0;0;16;20
21460;3488;62;16;20;0;0;16;20
21462;3504;62;16;20;0;0;16;20
21463;3520;62;16;20;0;0;16;20
21465;3536;62;16;20;0;0;16;20
21475;3552;62;16;20;0;0;16;20
21476;3568;62;16;20;0;0;16;20
21477;3584;62;16;20;0;0;16;20
21483;3600;62;16;20;0;0;16;20
21484;3616;62;16;20;0;0;16;20
21487;3632;62;16;20;0;0;16;20
21488;3648;62;16;20;0;0;16;20
21490;3664;62;16;20;0;0;16;20
21491;3680;62;16;20;0;0;16;20
21495;3696;62;16;20;0;0;16;20
21496;3712;62;16;20;0;0;16;20
21508;3728;62;16;20;0;0;16;20
21512;3744;62;16;20;0;0;16;20
21513;3760;62;16;20;0;0;16;20
21516;3776;62;16;20;0;0;16;20
21517;3792;62;16;20;0;0;16;20
21518;3808;62;16;20;0;0;16;20
21519;3824;62;16;20;0;0;16;20
21520;3840;62;16;20;0;0;16;20
21521;3856;62;16;20;0;0;16;20
21531;3872;62;16;20;0;0;16;20
21535;3888;62;16;20;0;0;16;20
21542;3904;62;16;20;0;0;16;20
21547;3920;62;16;20;0;0;16;20
21560;3936;62;16;20;0;0;16;20
21561;3952;62;16;20;0;0;16;20
21570;3968;62;16;20;0;0;16;20
21576;3984;62;16;20;0;0;16;20
21577;4000;62;16;20;0;0;16;20
21578;4016;62;16;20;0;0;16;20
21608;4032;62;16;20;0;0;16;20
21610;4048;62;16;20;0;0;16;20
21619;4064;62;16;20;0;0;16;20
21628;4080;62;16;20;0;0;16;20
21629;0;82;16;20;0;0;16;20
21644;16;82;16;20;0;0;16;20
21682;32;82;16;20;0;0;16;20
21693;48;82;16;20;0;0;16;20
21696;64;82;16;20;0;0;16;20
21697;80;82;16;20;0;0;16;20
21729;96;82;16;20;0;0;16;20
21746;112;82;16;20;0;0;16;20
21754;128;82;16;20;0;0;16;20
21764;144;82;16;20;0;0;16;20
21766;160;82;16;20;0;0;16;20
21767;176;82;16;20;0;0;16;20
21776;192;82;16;20;0;0;16;20
21807;208;82;16;20;0;0;16;20
21809;224;82;16;20;0;0;16;20
21822;240;82;16;20;0;0;16;20
21830;256;82;16;20;0;0;16;20
21839;272;82;16;20;0;0;16;20
21843;288;82;16;20;0;0;16;20
21892;304;82;16;20;0;0;16;20
21897;320;82;16;20;0;0;16;20
21914;336;82;16;20;0;0;16;20
21916;352;82;16;20;0;0;16;20
21917;368;82;16;20;0;0;16;20
21929;384;82;16;20;0;0;16;20
21930;400;82;16;20;0;0;16;20
21931;416;82;16;20;0;0;16;20
21942;432;82;16;20;0;0;16;20
21957;448;82;16;20;0;0;16;20
21987;464;82;16;20;0;0;16;20
22022;480;82;16;20;0;0;16;20
22065;496;82;16;20;0;0;16;20
22066;512;82;16;20;0;0;16;20
22120;528;82;16;20;0;0;16;20
22132;544;82;16;20;0;0;16;20
22151;560;82;16;20;0;0;16;20
22234;576;82;16;20;0;0;16;20
22235;592;82;16;20;0;0;16;20
22238;608;82;16;20;0;0;16;20
22240;624;82;16;20;0;0;16;20
22243;640;82;16;20;0;0;16;20
22256;656;82;16;20;0;0;16;20
22258;672;82;16;20;0;0;16;20
22259;688;82;16;20;0;0;16;20
22266;704;82;16;20;0;0;16;20
22269;720;82;16;20;0;0;16;20
22287;736;82;16;20;0;0;16;20
22290;752;82;16;20;0;0;16;20
22303;768;82;16;20;0;0;16;20
22311;784;82;16;20;0;0;16;20
22312;800;82;16;20;0;0;16;20
22320;816;82;16;20;0;0;16;20
22338;832;82;16;20;0;0;16;20
22343;848;82;16;20;0;0;16;20
22346;864;82;16;20;0;0;16;20
22353;880;82;16;20;0;0;16;20
22378;896;82;16;20;0;0;16;20
22402;912;82;16;20;0;0;16;20
22411;928;82;16;20;0;0;16;20
22435;944;82;16;20;0;0;16;20
22475;960;82;16;20;0;0;16;20
22478;976;82;16;20;0;0;16;20
22495;992;82;16;20;0;0;16;20
22519;1008;82;16;20;0;0;16;20
22521;1024;82;16;20;0;0;16;20
22522;1040;82;16;20;0;0;16;20
22524;1056;82;16;20;0;0;16;20
22528;1072;82;16;20;0;0;16;20
22530;1088;82;16;20;0;0;16;20
22533;1104;82;16;20;0;0;16;20
22534;1120;82;16;20;0;0;16;20
22549;1136;82;16;20;0;0;16;20
22564;1152;82;16;20;0;0;16;20
22570;1168;82;16;20;0;0;16;20
22577;1184;82;16;20;0;0;16;20
22580;1200;82;16;20;0;0;16;20
22592;1216;82;16;20;0;0;16;20
22593;1232;82;16;20;0;0;16;20
22602;1248;82;16;20;0;0;16;20
22609;1264;82;16;20;0;0;16;20
22612;1280;82;16;20;0;0;16;20
22615;1296;82;16;20;0;0;16;20
22618;1312;82;16;20;0;0;16;20
22622;1328;82;16;20;0;0;16;20
22625;1344;82;16;20;0;0;16;20
22633;1360;82;16;20;0;0;16;20
22654;1376;82;16;20;0;0;16;20
22659;1392;82;16;20;0;0;16;20
22675;1408;82;16;20;0;0;16;20
22679;1424;82;16;20;0;0;16;20
22684;1440;82;16;20;0;0;16;20
22696;1456;82;16;20;0;0;16;20
22707;1472;82;16;20;0;0;16;20
22718;1488;82;16;20;0;0;16;20
22721;1504;82;16;20;0;0;16;20
22727;1520;82;16;20;0;0;16;20
22730;1536;82;16;20;0;0;16;20
22732;1552;82;16;20;0;0;16;20
22763;1568;82;16;20;0;0;16;20
22766;1584;82;16;20;0;0;16;20
22768;1600;82;16;20;0;0;16;20
22769;1616;82;16;20;0;0;16;20
22770;1632;82;16;20;0;0;16;20
22793;1648;82;16;20;0;0;16;20
22799;1664;82;16;20;0;0;16;20
22805;1680;82;16;20;0;0;16;20
22806;1696;82;16;20;0;0;16;20
22810;1712;82;16;20;0;0;16;20
22812;1728;82;16;20;0;0;16;20
22818;1744;82;16;20;0;0;16;20
22823;1760;82;16;20;0;0;16;20
22825;1776;82;16;20;0;0;16;20
22826;1792;82;16;20;0;0;16;20
22827;1808;82;16;20;0;0;16;20
22830;1824;82;16;20;0;0;16;20
22833;1840;82;16;20;0;0;16;20
22855;1856;82;16;20;0;0;16;20
22856;1872;82;16;20;0;0;16;20
22857;1888;82;16;20;0;0;16;20
22863;1904;82;16;20;0;0;16;20
22865;1920;82;16;20;0;0;16;20
22868;1936;82;16;20;0;0;16;20
22885;1952;82;16;20;0;0;16;20
22888;1968;82;16;20;0;0;16;20
22890;1984;82;16;20;0;0;16;20
22894;2000;82;16;20;0;0;16;20
22899;2016;82;16;20;0;0;16;20
22900;2032;82;16;20;0;0;16;20
22909;2048;82;16;20;0;0;16;20
22914;2064;82;16;20;0;0;16;20
22915;2080;82;16;20;0;0;16;20
22916;2096;82;16;20;0;0;16;20
22922;2112;82;16;20;0;0;16;20
22934;2128;82;16;20;0;0;16;20
22937;2144;82;16;20;0;0;16;20
22949;2160;82;16;20;0;0;16;20
22952;2176;82;16;20;0;0;16;20
22956;2192;82;16;20;0;0;16;20
22969;2208;82;16;20;0;0;16;20
22971;2224;82;16;20;0;0;16;20
22985;2240;82;16;20;0;0;16;20
22987;2256;82;16;20;0;0;16;20
22995;2272;82;16;20;0;0;16;20
22996;2288;82;16;20;0;0;16;20
23019;2304;82;16;20;0;0;16;20
23035;2320;82;16;20;0;0;16;20
23039;2336;82;16;20;0;0;16;20
23041;2352;82;16;20;0;0;16;20
23064;2368;82;16;20;0;0;16;20
23072;2384;82;16;20;0;0;16;20
23087;2400;82;16;20;0;0;16;20
23110;2416;82;16;20;0;0;16;20
23130;2432;82;16;20;0;0;16;20
23142;2448;82;16;20;0;0;16;20
23167;2464;82;16;20;0;0;16;20
23186;2480;82;16;20;0;0;16;20
23195;2496;82;16;20;0;0;16;20
23233;2512;82;16;20;0;0;16;20
23241;2528;82;16;20;0;0;16;20
23244;2544;82;16;20;0;0;16;20
23265;2560;82;16;20;0;0;16;20
23330;2576;82;16;20;0;0;16;20
23376;2592;82;16;20;0;0;16;20
23380;2608;82;16;20;0;0;16;20
23383;2624;82;16;20;0;0;16;20
23384;2640;82;16;20;0;0;16;20
23389;2656;82;16;20;0;0;16;20
23395;2672;82;16;20;0;0;16;20
23396;2688;82;16;20;0;0;16;20
23398;2704;82;16;20;0;0;16;20
23403;2720;82;16;20;0;0;16;20
23429;2736;82;16;20;0;0;16;20
23431;2752;82;16;20;0;0;16;20
23432;2768;82;16;20;0;0;16;20
23433;2784;82;16;20;0;0;16;20
23436;2800;82;16;20;0;0;16;20
23447;2816;82;16;20;0;0;16;20
23448;2832;82;16;20;0;0;16;20
23449;2848;82;16;20;0;0;16;20
23450;2864;82;16;20;0;0;16;20
23451;2880;82;16;20;0;0;16;20
23452;2896;82;16;20;0;0;16;20
23453;2912;82;16;20;0;0;16;20
23455;2928;82;16;20;0;0;16;20
23458;2944;82;16;20;0;0;16;20
23459;2960;82;16;20;0;0;16;20
23460;2976;82;16;20;0;0;16;20
23470;2992;82;16;20;0;0;16;20
23472;3008;82;16;20;0;0;16;20
23475;3024;82;16;20;0;0;16;20
23476;3040;82;16;20;0;0;16;20
23477;3056;82;16;20;0;0;16;20
23478;3072;82;16;20;0;0;16;20
23481;3088;82;16;20;0;0;16;20
23487;3104;82;16;20;0;0;16;20
23490;3120;82;16;20;0;0;16;20
23492;3136;82;16;20;0;0;16;20
23494;3152;82;16;20;0;0;16;20
23500;3168;82;16;20;0;0;16;20
23506;3184;82;16;20;0;0;16;20
23515;3200;82;16;20;0;0;16;20
23517;3216;82;16;20;0;0;16;20
23519;3232;82;16;20;0;0;16;20
23521;3248;82;16;20;0;0;16;20
23527;3264;82;16;20;0;0;16;20
23529;3280;82;16;20;0;0;16;20
23534;3296;82;16;20;0;0;16;20
23544;3312;82;16;20;0;0;16;20
23546;3328;82;16;20;0;0;16;20
23550;3344;82;16;20;0;0;16;20
23551;3360;82;16;20;0;0;16;20
23553;3376;82;16;20;0;0;16;20
23554;3392;82;16;20;0;0;16;20
23556;3408;82;16;20;0;0;16;20
23558;3424;82;16;20;0;0;16;20
23561;3440;82;16;20;0;0;16;20
23562;3456;82;16;20;0;0;16;20
23563;3472;82;16;20;0;0;16;20
23566;3488;82;16;20;0;0;16;20
23567;3504;82;16;20;0;0;16;20
23569;3520;82;16;20;0;0;16;20
23578;3536;82;16;20;0;0;16;20
23601;3552;82;16;20;0;0;16;20
23610;3568;82;16;20;0;0;16;20
23611;3584;82;16;20;0;0;16;20
23612;3600;82;16;20;0;0;16;20
23613;3616;82;16;20;0;0;16;20
23614;3632;82;16;20;0;0;16;20
23615;3648;82;16;20;0;0;16;20
23616;3664;82;16;20;0;0;16;20
23621;3680;82;16;20;0;0;16;20
23624;3696;82;16;20;0;0;16;20
23626;3712;82;16;20;0;0;16;20
23627;3728;82;16;20;0;0;16;20
23637;3744;82;16;20;0;0;16;20
23646;3760;82;16;20;0;0;16;20
23652;3776;82;16;20;0;0;16;20
23653;3792;82;16;20;0;0;16;20
23663;3808;82;16;20;0;0;16;20
23665;3824;82;16;20;0;0;16;20
23696;3840;82;16;20;0;0;16;20
23713;3856;82;16;20;0;0;16;20
23721;3872;82;16;20;0;0;16;20
23724;3888;82;16;20;0;0;16;20
23731;3904;82;16;20;0;0;16;20
23736;3920;82;16;20;0;0;16;20
23776;3936;82;16;20;0;0;16;20
23777;3952;82;16;20;0;0;16;20
23792;3968;82;16;20;0;0;16;20
23798;3984;82;16;20;0;0;16;20
23815;4000;82;16;20;0;0;16;20
23822;4016;82;16;20;0;0;16;20
23830;4032;82;16;20;0;0;16;20
23849;4048;82;16;20;0;0;16;20
23888;4064;82;16;20;0;0;16;20
24029;4080;82;16;20;0;0;16;20
24030;0;102;16;20;0;0;16;20
24033;16;102;16;20;0;0;16;20
24035;32;102;16;20;0;0;16;20
24037;48;102;16;20;0;0;16;20
24038;64;102;16;20;0;0;16;20
24039;80;102;16;20;0;0;16;20
24040;96;102;16;20;0;0;16;20
24046;112;102;16;20;0;0;16;20
24049;128;102;16;20;0;0;16;20
24059;144;102;16;20;0;0;16;20
24062;160;102;16;20;0;0;16;20
24066;176;102;16;20;0;0;16;20
24067;192;102;16;20;0;0;16;20
24070;208;102;16;20;0;0;16;20
24076;224;102;16;20;0;0;16;20
24093;240;102;16;20;0;0;16;20
24101;256;102;16;20;0;0;16;20
24107;272;102;16;20;0;0;16;20
24109;288;102;16;20;0;0;16;20
24111;304;102;16;20;0;0;16;20
24112;320;102;16;20;0;0;16;20
24115;336;102;16;20;0;0;16;20
24120;352;102;16;20;0;0;16;20
24125;368;102;16;20;0;0;16;20
24133;384;102;16;20;0;0;16;20
24149;400;102;16;20;0;0;16;20
24163;416;102;16;20;0;0;16;20
24178;432;102;16;20;0;0;16;20
24179;448;102;16;20;0;0;16;20
24180;464;102;16;20;0;0;16;20
24184;480;102;16;20;0;0;16;20
24185;496;102;16;20;0;0;16;20
24187;512;102;16;20;0;0;16;20
24188;528;102;16;20;0;0;16;20
24189;544;102;16;20;0;0;16;20
24190;560;102;16;20;0;0;16;20
24193;576;102;16;20;0;0;16;20
24195;592;102;16;20;0;0;16;20
24202;608;102;16;20;0;0;16;20
24207;624;102;16;20;0;0;16;20
24213;640;102;16;20;0;0;16;20
24215;656;102;16;20;0;0;16;20
24220;672;102;16;20;0;0;16;20
24230;688;102;16;20;0;0;16;20
24231;704;102;16;20;0;0;16;20
24235;720;102;16;20;0;0;16;20
24237;736;102;16;20;0;0;16;20
24246;752;102;16;20;0;0;16;20
24247;768;102;16;20;0;0;16;20
24248;784;102;16;20;0;0;16;20
24259;800;102;16;20;0;0;16;20
24265;816;102;16;20;0;0;16;20
24266;832;102;16;20;0;0;16;20
24310;848;102;16;20;0;0;16;20
24311;864;102;16;20;0;0;16;20
24314;880;102;16;20;0;0;16;20
24321;896;102;16;20;0;0;16;20
24324;912;102;16;20;0;0;16;20
24330;928;102;16;20;0;0;16;20
24335;944;102;16;20;0;0;16;20
24336;960;102;16;20;0;0;16;20
24339;976;102;16;20;0;0;16;20
24340;992;102;16;20;0;0;16;20
24341;1008;102;16;20;0;0;16;20
24351;1024;102;16;20;0;0;16;20
24357;1040;102;16;20;0;0;16;20
24358;1056;102;16;20;0;0;16;20
24359;1072;102;16;20;0;0;16;20
24369;1088;102;16;20;0;0;16;20
24373;1104;102;16;20;0;0;16;20
24375;1120;102;16;20;0;0;16;20
24382;1136;102;16;20;0;0;16;20
24403;1152;102;16;20;0;0;16;20
24409;1168;102;16;20;0;0;16;20
24418;1184;102;16;20;0;0;16;20
24425;1200;102;16;20;0;0;16;20
24427;1216;102;16;20;0;0;16;20
24432;1232;102;16;20;0;0;16;20
24433;1248;102;16;20;0;0;16;20
24441;1264;102;16;20;0;0;16;20
24444;1280;102;16;20;0;0;16;20
24448;1296;102;16;20;0;0;16;20
24449;1312;102;16;20;0;0;16;20
24452;1328;102;16;20;0;0;16;20
24453;1344;102;16;20;0;0;16;20
24459;1360;102;16;20;0;0;16;20
24460;1376;102;16;20;0;0;16;20
24464;1392;102;16;20;0;0;16;20
24466;1408;102;16;20;0;0;16;20
24467;1424;102;16;20;0;0;16;20
24471;1440;102;16;20;0;0;16;20
24481;1456;102;16;20;0;0;16;20
24489;1472;102;16;20;0;0;16;20
24490;1488;102;16;20;0;0;16;20
24494;1504;102;16;20;0;0;16;20
24499;1520;102;16;20;0;0;16;20
24500;1536;102;16;20;0;0;16;20
24505;1552;102;16;20;0;0;16;20
24515;1568;102;16;20;0;0;16;20
24517;1584;102;16;20;0;0;16;20
24524;1600;102;16;20;0;0;16;20
24525;1616;102;16;20;0;0;16;20
24535;1632;102;16;20;0;0;16;20
24536;1648;102;16;20;0;0;16;20
24537;1664;102;16;20;0;0;16;20
24540;1680;102;16;20;0;0;16;20
24544;1696;102;16;20;0;0;16;20
24555;1712;102;16;20;0;0;16;20
24565;1728;102;16;20;0;0;16;20
24594;1744;102;16;20;0;0;16;20
24598;1760;102;16;20;0;0;16;20
24605;1776;102;16;20;0;0;16;20
24608;1792;102;16;20;0;0;16;20
24613;1808;102;16;20;0;0;16;20
24615;1824;102;16;20;0;0;16;20
24616;1840;102;16;20;0;0;16;20
24618;1856;102;16;20;0;0;16;20
24651;1872;102;16;20;0;0;16;20
24656;1888;102;16;20;0;0;16;20
24658;1904;102;16;20;0;0;16;20
24675;1920;102;16;20;0;0;16;20
24677;1936;102;16;20;0;0;16;20
24680;1952;102;16;20;0;0;16;20
24681;1968;102;16;20;0;0;16;20
24685;1984;102;16;20;0;0;16;20
24687;2000;102;16;20;0;0;16;20
24693;2016;102;16;20;0;0;16;20
24724;2032;102;16;20;0;0;16;20
24735;2048;102;16;20;0;0;16;20
24736;2064;102;16;20;0;0;16;20
24739;2080;102;16;20;0;0;16;20
24742;2096;102;16;20;0;0;16;20
24745;2112;102;16;20;0;0;16;20
24746;2128;102;16;20;0;0;16;20
24754;2144;102;16;20;0;0;16;20
24764;2160;102;16;20;0;0;16;20
24773;2176;102;16;20;0;0;16;20
24785;2192;102;16;20;0;0;16;20
24796;2208;102;16;20;0;0;16;20
24807;2224;102;16;20;0;0;16;20
24808;2240;102;16;20;0;0;16;20
24816;2256;102;16;20;0;0;16;20
24819;2272;102;16;20;0;0;16;20
24833;2288;102;16;20;0;0;16;20
24841;2304;102;16;20;0;0;16;20
24847;2320;102;16;20;0;0;16;20
24858;2336;102;16;20;0;0;16;20
24859;2352;102;16;20;0;0;16;20
24863;2368;102;16;20;0;0;16;20
24900;2384;102;16;20;0;0;16;20
24904;2400;102;16;20;0;0;16;20
24907;2416;102;16;20;0;0;16;20
24908;2432;102;16;20;0;0;16;20
24910;2448;102;16;20;0;0;16;20
24917;2464;102;16;20;0;0;16;20
24930;2480;102;16;20;0;0;16;20
24931;2496;102;16;20;0;0;16;20
24936;2512;102;16;20;0;0;16;20
24942;2528;102;16;20;0;0;16;20
24944;2544;102;16;20;0;0;16;20
24950;2560;102;16;20;0;0;16;20
24962;2576;102;16;20;0;0;16;20
24974;2592;102;16;20;0;0;16;20
24996;2608;102;16;20;0;0;16;20
24999;2624;102;16;20;0;0;16;20
25001;2640;102;16;20;0;0;16;20
25004;2656;102;16;20;0;0;16;20
25010;2672;102;16;20;0;0;16;20
25014;2688;102;16;20;0;0;16;20
25022;2704;102;16;20;0;0;16;20
25031;2720;102;16;20;0;0;16;20
25040;2736;102;16;20;0;0;16;20
25074;2752;102;16;20;0;0;16;20
25080;2768;102;16;20;0;0;16;20
25104;2784;102;16;20;0;0;16;20
25105;2800;102;16;20;0;0;16;20
25106;2816;102;16;20;0;0;16;20
25114;2832;102;16;20;0;0;16;20
25126;2848;102;16;20;0;0;16;20
25135;2864;102;16;20;0;0;16;20
25140;2880;102;16;20;0;0;16;20
25144;2896;102;16;20;0;0;16;20
25147;2912;102;16;20;0;0;16;20
25151;2928;102;16;20;0;0;16;20
25152;2944;102;16;20;0;0;16;20
25159;2960;102;16;20;0;0;16;20
25161;2976;102;16;20;0;0;16;20
25163;2992;102;16;20;0;0;16;20
25165;3008;102;16;20;0;0;16;20
25171;3024;102;16;20;0;0;16;20
25173;3040;102;16;20;0;0;16;20
25201;3056;102;16;20;0;0;16;20
25206;3072;102;16;20;0;0;16;20
25209;3088;102;16;20;0;0;16;20
25215;3104;102;16;20;0;0;16;20
25216;3120;102;16;20;0;0;16;20
25220;3136;102;16;20;0;0;16;20
25226;3152;102;16;20;0;0;16;20
25233;3168;102;16;20;0;0;16;20
25237;3184;102;16;20;0;0;16;20
25239;3200;102;16;20;0;0;16;20
25240;3216;102;16;20;0;0;16;20
25244;3232;102;16;20;0;0;16;20
25246;3248;102;16;20;0;0;16;20
25259;3264;102;16;20;0;0;16;20
25265;3280;102;16;20;0;0;16;20
25269;3296;102;16;20;0;0;16;20
25273;3312;102;16;20;0;0;16;20
25276;3328;102;16;20;0;0;16;20
25277;3344;102;16;20;0;0;16;20
25285;3360;102;16;20;0;0;16;20
25289;3376;102;16;20;0;0;16;20
25293;3392;102;16;20;0;0;16;20
25296;3408;102;16;20;0;0;16;20
25298;3424;102;16;20;0;0;16;20
25299;3440;102;16;20;0;0;16;20
25304;3456;102;16;20;0;0;16;20
25305;3472;102;16;20;0;0;16;20
25307;3488;102;16;20;0;0;16;20
25309;3504;102;16;20;0;0;16;20
25312;3520;102;16;20;0;0;16;20
25313;3536;102;16;20;0;0;16;20
25324;3552;102;16;20;0;0;16;20
25325;3568;102;16;20;0;0;16;20
25331;3584;102;16;20;0;0;16;20
25334;3600;102;16;20;0;0;16;20
25335;3616;102;16;20;0;0;16;20
25342;3632;102;16;20;0;0;16;20
25345;3648;102;16;20;0;0;16;20
25351;3664;102;16;20;0;0;16;20
25361;3680;102;16;20;0;0;16;20
25369;3696;102;16;20;0;0;16;20
25375;3712;102;16;20;0;0;16;20
25384;3728;102;16;20;0;0;16;20
25387;3744;102;16;20;0;0;16;20
25391;3760;102;16;20;0;0;16;20
25407;3776;102;16;20;0;0;16;20
25417;3792;102;16;20;0;0;16;20
25429;3808;102;16;20;0;0;16;20
25431;3824;102;16;20;0;0;16;20
25436;3840;102;16;20;0;0;16;20
25448;3856;102;16;20;0;0;16;20
25454;3872;102;16;20;0;0;16;20
25467;3888;102;16;20;0;0;16;20
25475;3904;102;16;20;0;0;16;20
25480;3920;102;16;20;0;0;16;20
25484;3936;102;16;20;0;0;16;20
25490;3952;102;16;20;0;0;16;20
25496;3968;102;16;20;0;0;16;20
25499;3984;102;16;20;0;0;16;20
25505;4000;102;16;20;0;0;16;20
25506;4016;102;16;20;0;0;16;20
25509;4032;102;16;20;0;0;16;20
25511;4048;102;16;20;0;0;16;20
25512;4064;102;16;20;0;0;16;20
25514;4080;102;16;20;0;0;16;20
25522;0;122;16;20;0;0;16;20
25551;16;122;16;20;0;0;16;20
25552;32;122;16;20;0;0;16;20
25562;48;122;16;20;0;0;16;20
25563;64;122;16;20;0;0;16;20
25569;80;122;16;20;0;0;16;20
25582;96;122;16;20;0;0;16;20
25588;112;122;16;20;0;0;16;20
25594;128;122;16;20;0;0;16;20
25613;144;122;16;20;0;0;16;20
25644;160;122;16;20;0;0;16;20
25645;176;122;16;20;0;0;16;20
25658;192;122;16;20;0;0;16;20
25662;208;122;16;20;0;0;16;20
25666;224;122;16;20;0;0;16;20
25688;240;122;16;20;0;0;16;20
25705;256;122;16;20;0;0;16;20
25711;272;122;16;20;0;0;16;20
25731;288;122;16;20;0;0;16;20
25764;304;122;16;20;0;0;16;20
25774;320;122;16;20;0;0;16;20
25778;336;122;16;20;0;0;16;20
25793;352;122;16;20;0;0;16;20
25805;368;122;16;20;0;0;16;20
25830;384;122;16;20;0;0;16;20
25836;400;122;16;20;0;0;16;20
25903;416;122;16;20;0;0;16;20
25913;432;122;16;20;0;0;16;20
25915;448;122;16;20;0;0;16;20
25918;464;122;16;20;0;0;16;20
25919;480;122;16;20;0;0;16;20
25925;496;122;16;20;0;0;16;20
25935;512;122;16;20;0;0;16;20
25937;528;122;16;20;0;0;16;20
25943;544;122;16;20;0;0;16;20
25945;560;122;16;20;0;0;16;20
25954;576;122;16;20;0;0;16;20
25955;592;122;16;20;0;0;16;20
25964;608;122;16;20;0;0;16;20
25968;624;122;16;20;0;0;16;20
25972;640;122;16;20;0;0;16;20
25973;656;122;16;20;0;0;16;20
25975;672;122;16;20;0;0;16;20
25991;688;122;16;20;0;0;16;20
25993;704;122;16;20;0;0;16;20
25998;720;122;16;20;0;0;16;20
26001;736;122;16;20;0;0;16;20
26007;752;122;16;20;0;0;16;20
26009;768;122;16;20;0;0;16;20
26012;784;122;16;20;0;0;16;20
26020;800;122;16;20;0;0;16;20
26021;816;122;16;20;0;0;16;20
26028;832;122;16;20;0;0;16;20
26029;848;122;16;20;0;0;16;20
26032;864;122;16;20;0;0;16;20
26041;880;122;16;20;0;0;16;20
26045;896;122;16;20;0;0;16;20
26053;912;122;16;20;0;0;16;20
26059;928;122;16;20;0;0;16;20
26063;944;122;16;20;0;0;16;20
26071;960;122;16;20;0;0;16;20
26082;976;122;16;20;0;0;16;20
26085;992;122;16;20;0;0;16;20
26086;1008;122;16;20;0;0;16;20
26087;1024;122;16;20;0;0;16;20
26088;1040;122;16;20;0;0;16;20
26089;1056;122;16;20;0;0;16;20
26092;1072;122;16;20;0;0;16;20
26106;1088;122;16;20;0;0;16;20
26118;1104;122;16;20;0;0;16;20
26119;1120;122;16;20;0;0;16;20
26126;1136;122;16;20;0;0;16;20
26131;1152;122;16;20;0;0;16;20
26132;1168;122;16;20;0;0;16;20
26143;1184;122;16;20;0;0;16;20
26144;1200;122;16;20;0;0;16;20
26149;1216;122;16;20;0;0;16;20
26151;1232;122;16;20;0;0;16;20
26152;1248;122;16;20;0;0;16;20
26157;1264;122;16;20;0;0;16;20
26159;1280;122;16;20;0;0;16;20
26172;1296;122;16;20;0;0;16;20
26178;1312;122;16;20;0;0;16;20
26217;1328;122;16;20;0;0;16;20
26222;1344;122;16;20;0;0;16;20
26223;1360;122;16;20;0;0;16;20
26228;1376;122;16;20;0;0;16;20
26230;1392;122;16;20;0;0;16;20
26241;1408;122;16;20;0;0;16;20
26247;1424;122;16;20;0;0;16;20
26257;1440;122;16;20;0;0;16;20
26262;1456;122;16;20;0;0;16;20
26263;1472;122;16;20;0;0;16;20
26278;1488;122;16;20;0;0;16;20
26283;1504;122;16;20;0;0;16;20
26286;1520;122;16;20;0;0;16;20
26292;1536;122;16;20;0;0;16;20
26311;1552;122;16;20;0;0;16;20
26326;1568;122;16;20;0;0;16;20
26332;1584;122;16;20;0;0;16;20
26354;1600;122;16;20;0;0;16;20
26356;1616;122;16;20;0;0;16;20
26360;1632;122;16;20;0;0;16;20
26361;1648;122;16;20;0;0;16;20
26365;1664;122;16;20;0;0;16;20
26367;1680;122;16;20;0;0;16;20
26368;1696;122;16;20;0;0;16;20
26376;1712;122;16;20;0;0;16;20
26377;1728;122;16;20;0;0;16;20
26381;1744;122;16;20;0;0;16;20
26389;1760;122;16;20;0;0;16;20
26391;1776;122;16;20;0;0;16;20
26395;1792;122;16;20;0;0;16;20
26397;1808;122;16;20;0;0;16;20
26399;1824;122;16;20;0;0;16;20
26408;1840;122;16;20;0;0;16;20
26410;1856;122;16;20;0;0;16;20
26411;1872;122;16;20;0;0;16;20
26412;1888;122;16;20;0;0;16;20
26413;1904;122;16;20;0;0;16;20
26417;1920;122;16;20;0;0;16;20
26420;1936;122;16;20;0;0;16;20
26426;1952;122;16;20;0;0;16;20
26429;1968;122;16;20;0;0;16;20
26441;1984;122;16;20;0;0;16;20
26448;2000;122;16;20;0;0;16;20
26449;2016;122;16;20;0;0;16;20
26463;2032;122;16;20;0;0;16;20
26465;2048;122;16;20;0;0;16;20
26469;2064;122;16;20;0;0;16;20
26479;2080;122;16;20;0;0;16;20
26481;2096;122;16;20;0;0;16;20
26494;2112;122;16;20;0;0;16;20
26495;2128;122;16;20;0;0;16;20
26512;2144;122;16;20;0;0;16;20
26517;2160;122;16;20;0;0;16;20
26519;2176;122;16;20;0;0;16;20
26522;2192;122;16;20;0;0;16;20
26524;2208;122;16;20;0;0;16;20
26525;2224;122;16;20;0;0;16;20
26528;2240;122;16;20;0;0;16;20
26530;2256;122;16;20;0;0;16;20
26543;2272;122;16;20;0;0;16;20
26550;2288;122;16;20;0;0;16;20
26564;2304;122;16;20;0;0;16;20
26576;2320;122;16;20;0;0;16;20
26579;2336;122;16;20;0;0;16;20
26580;2352;122;16;20;0;0;16;20
26609;2368;122;16;20;0;0;16;20
26611;2384;122;16;20;0;0;16;20
26613;2400;122;16;20;0;0;16;20
26619;2416;122;16;20;0;0;16;20
26623;2432;122;16;20;0;0;16;20
26627;2448;122;16;20;0;0;16;20
26628;2464;122;16;20;0;0;16;20
26643;2480;122;16;20;0;0;16;20
26657;2496;122;16;20;0;0;16;20
26666;2512;122;16;20;0;0;16;20
26680;2528;122;16;20;0;0;16;20
26681;2544;122;16;20;0;0;16;20
26684;2560;122;16;20;0;0;16;20
26685;2576;122;16;20;0;0;16;20
26689;2592;122;16;20;0;0;16;20
26691;2608;122;16;20;0;0;16;20
26696;2624;122;16;20;0;0;16;20
26705;2640;122;16;20;0;0;16;20
26716;2656;122;16;20;0;0;16;20
26719;2672;122;16;20;0;0;16;20
26757;2688;122;16;20;0;0;16;20
26775;2704;122;16;20;0;0;16;20
26792;2720;122;16;20;0;0;16;20
26800;2736;122;16;20;0;0;16;20
26820;2752;122;16;20;0;0;16;20
26827;2768;122;16;20;0;0;16;20
26834;2784;122;16;20;0;0;16;20
26842;2800;122;16;20;0;0;16;20
26847;2816;122;16;20;0;0;16;20
26862;2832;122;16;20;0;0;16;20
26874;2848;122;16;20;0;0;16;20
26885;2864;122;16;20;0;0;16;20
26893;2880;122;16;20;0;0;16;20
26894;2896;122;16;20;0;0;16;20
26908;2912;122;16;20;0;0;16;20
26989;2928;122;16;20;0;0;16;20
26997;2944;122;16;20;0;0;16;20
26999;2960;122;16;20;0;0;16;20
27004;2976;122;16;20;0;0;16;20
27005;2992;122;16;20;0;0;16;20
27010;3008;122;16;20;0;0;16;20
27083;3024;122;16;20;0;0;16;20
27096;3040;122;16;20;0;0;16;20
27133;3056;122;16;20;0;0;16;20
27161;3072;122;16;20;0;0;16;20
27169;3088;122;16;20;0;0;16;20
27177;3104;122;16;20;0;0;16;20
27178;3120;122;16;20;0;0;16;20
27193;3136;122;16;20;0;0;16;20
27211;3152;122;16;20;0;0;16;20
27231;3168;122;16;20;0;0;16;20
27396;3184;122;16;20;0;0;16;20
27424;3200;122;16;20;0;0;16;20
27425;3216;122;16;20;0;0;16;20
27431;3232;122;16;20;0;0;16;20
27442;3248;122;16;20;0;0;16;20
27450;3264;122;16;20;0;0;16;20
27454;3280;122;16;20;0;0;16;20
27468;3296;122;16;20;0;0;16;20
27475;3312;122;16;20;0;0;16;20
27490;3328;122;16;20;0;0;16;20
27491;3344;122;16;20;0;0;16;20
27494;3360;122;16;20;0;0;16;20
27497;3376;122;16;20;0;0;16;20
27503;3392;122;16;20;0;0;16;20
27507;3408;122;16;20;0;0;16;20
27508;3424;122;16;20;0;0;16;20
27515;3440;122;16;20;0;0;16;20
27529;3456;122;16;20;0;0;16;20
27530;3472;122;16;20;0;0;16;20
27531;3488;122;16;20;0;0;16;20
27542;3504;122;16;20;0;0;16;20
27572;3520;122;16;20;0;0;16;20
27573;3536;122;16;20;0;0;16;20
27578;3552;122;16;20;0;0;16;20
27579;3568;122;16;20;0;0;16;20
27583;3584;122;16;20;0;0;16;20
27584;3600;122;16;20;0;0;16;20
27597;3616;122;16;20;0;0;16;20
27598;3632;122;16;20;0;0;16;20
27602;3648;122;16;20;0;0;16;20
27604;3664;122;16;20;0;0;16;20
27611;3680;122;16;20;0;0;16;20
27663;3696;122;16;20;0;0;16;20
27665;3712;122;16;20;0;0;16;20
27671;3728;122;16;20;0;0;16;20
27700;3744;122;16;20;0;0;16;20
27703;3760;122;16;20;0;0;16;20
27704;3776;122;16;20;0;0;16;20
27710;3792;122;16;20;0;0;16;20
27713;3808;122;16;20;0;0;16;20
27714;3824;122;16;20;0;0;16;20
27726;3840;122;16;20;0;0;16;20
27735;3856;122;16;20;0;0;16;20
27738;3872;122;16;20;0;0;16;20
27743;3888;122;16;20;0;0;16;20
27744;3904;122;16;20;0;0;16;20
27760;3920;122;16;20;0;0;16;20
27770;3936;122;16;20;0;0;16;20
27773;3952;122;16;20;0;0;16;20
27779;3968;122;16;20;0;0;16;20
27784;3984;122;16;20;0;0;16;20
27798;4000;122;16;20;0;0;16;20
27801;4016;122;16;20;0;0;16;20
27809;4032;122;16;20;0;0;16;20
27810;4048;122;16;20;0;0;16;20
27827;4064;122;16;20;0;0;16;20
27832;4080;122;16;20;0;0;16;20
27833;0;142;16;20;0;0;16;20
27835;16;142;16;20;0;0;16;20
27836;32;142;16;20;0;0;16;20
27839;48;142;16;20;0;0;16;20
27841;64;142;16;20;0;0;16;20
27849;80;142;16;20;0;0;16;20
27850;96;142;16;20;0;0;16;20
27852;112;142;16;20;0;0;16;20
27861;128;142;16;20;0;0;16;20
27873;144;142;16;20;0;0;16;20
27874;160;142;16;20;0;0;16;20
27875;176;142;16;20;0;0;16;20
27877;192;142;16;20;0;0;16;20
27880;208;142;16;20;0;0;16;20
27888;224;142;16;20;0;0;16;20
27891;240;142;16;20;0;0;16;20
27915;256;142;16;20;0;0;16;20
27927;272;142;16;20;0;0;16;20
27934;288;142;16;20;0;0;16;20
27941;304;142;16;20;0;0;16;20
27946;320;142;16;20;0;0;16;20
27963;336;142;16;20;0;0;16;20
27966;352;142;16;20;0;0;16;20
27969;368;142;16;20;0;0;16;20
27972;384;142;16;20;0;0;16;20
27973;400;142;16;20;0;0;16;20
27996;416;142;16;20;0;0;16;20
28006;432;142;16;20;0;0;16;20
28010;448;142;16;20;0;0;16;20
28014;464;142;16;20;0;0;16;20
28020;480;142;16;20;0;0;16;20
28023;496;142;16;20;0;0;16;20
28024;512;142;16;20;0;0;16;20
28040;528;142;16;20;0;0;16;20
28057;544;142;16;20;0;0;16;20
28079;560;142;16;20;0;0;16;20
28082;576;142;16;20;0;0;16;20
28092;592;142;16;20;0;0;16;20
28113;608;142;16;20;0;0;16;20
28129;624;142;16;20;0;0;16;20
28139;640;142;16;20;0;0;16;20
28145;656;142;16;20;0;0;16;20
28151;672;142;16;20;0;0;16;20
28155;688;142;16;20;0;0;16;20
28165;704;142;16;20;0;0;16;20
28167;720;142;16;20;0;0;16;20
28168;736;142;16;20;0;0;16;20
28169;752;142;16;20;0;0;16;20
28171;768;142;16;20;0;0;16;20
28179;784;142;16;20;0;0;16;20
28187;800;142;16;20;0;0;16;20
28193;816;142;16;20;0;0;16;20
28198;832;142;16;20;0;0;16;20
28201;848;142;16;20;0;0;16;20
28204;864;142;16;20;0;0;16;20
28207;880;142;16;20;0;0;16;20
28246;896;142;16;20;0;0;16;20
28263;912;142;16;20;0;0;16;20
28271;928;142;16;20;0;0;16;20
28286;944;142;16;20;0;0;16;20
28287;960;142;16;20;0;0;16;20
28288;976;142;16;20;0;0;16;20
28304;992;142;16;20;0;0;16;20
28310;1008;142;16;20;0;0;16;20
28317;1024;142;16;20;0;0;16;20
28342;1040;142;16;20;0;0;16;20
28346;1056;142;16;20;0;0;16;20
28357;1072;142;16;20;0;0;16;20
28363;1088;142;16;20;0;0;16;20
28369;1104;142;16;20;0;0;16;20
28381;1120;142;16;20;0;0;16;20
28382;1136;142;16;20;0;0;16;20
28404;1152;142;16;20;0;0;16;20
28417;1168;142;16;20;0;0;16;20
28418;1184;142;16;20;0;0;16;20
28422;1200;142;16;20;0;0;16;20
28431;1216;142;16;20;0;0;16;20
28436;1232;142;16;20;0;0;16;20
28448;1248;142;16;20;0;0;16;20
28450;1264;142;16;20;0;0;16;20
28459;1280;142;16;20;0;0;16;20
28460;1296;142;16;20;0;0;16;20
28472;1312;142;16;20;0;0;16;20
28500;1328;142;16;20;0;0;16;20
28508;1344;142;16;20;0;0;16;20
28511;1360;142;16;20;0;0;16;20
28516;1376;142;16;20;0;0;16;20
28526;1392;142;16;20;0;0;16;20
28528;1408;142;16;20;0;0;16;20
28548;1424;142;16;20;0;0;16;20
28608;1440;142;16;20;0;0;16;20
28609;1456;142;16;20;0;0;16;20
28611;1472;142;16;20;0;0;16;20
28651;1488;142;16;20;0;0;16;20
28655;1504;142;16;20;0;0;16;20
28716;1520;142;16;20;0;0;16;20
28779;1536;142;16;20;0;0;16;20
28783;1552;142;16;20;0;0;16;20
28784;1568;142;16;20;0;0;16;20
28797;1584;142;16;20;0;0;16;20
28809;1600;142;16;20;0;0;16;20
28810;1616;142;16;20;0;0;16;20
28814;1632;142;16;20;0;0;16;20
28845;1648;142;16;20;0;0;16;20
28857;1664;142;16;20;0;0;16;20
28858;1680;142;16;20;0;0;16;20
28872;1696;142;16;20;0;0;16;20
28961;1712;142;16;20;0;0;16;20
28966;1728;142;16;20;0;0;16;20
28982;1744;142;16;20;0;0;16;20
28988;1760;142;16;20;0;0;16;20
29006;1776;142;16;20;0;0;16;20
29017;1792;142;16;20;0;0;16;20
29031;1808;142;16;20;0;0;16;20
29033;1824;142;16;20;0;0;16;20
29038;1840;142;16;20;0;0;16;20
29066;1856;142;16;20;0;0;16;20
29087;1872;142;16;20;0;0;16;20
29105;1888;142;16;20;0;0;16;20
29123;1904;142;16;20;0;0;16;20
29157;1920;142;16;20;0;0;16;20
29190;1936;142;16;20;0;0;16;20
29226;1952;142;16;20;0;0;16;20
29237;1968;142;16;20;0;0;16;20
29238;1984;142;16;20;0;0;16;20
29245;2000;142;16;20;0;0;16;20
29255;2016;142;16;20;0;0;16;20
29256;2032;142;16;20;0;0;16;20
29273;2048;142;16;20;0;0;16;20
29275;2064;142;16;20;0;0;16;20
29287;2080;142;16;20;0;0;16;20
29289;2096;142;16;20;0;0;16;20
29298;2112;142;16;20;0;0;16;20
29305;2128;142;16;20;0;0;16;20
29344;2144;142;16;20;0;0;16;20
29356;2160;142;16;20;0;0;16;20
29359;2176;142;16;20;0;0;16;20
29366;2192;142;16;20;0;0;16;20
29378;2208;142;16;20;0;0;16;20
29401;2224;142;16;20;0;0;16;20
29417;2240;142;16;20;0;0;16;20
29420;2256;142;16;20;0;0;16;20
29421;2272;142;16;20;0;0;16;20
29467;2288;142;16;20;0;0;16;20
29471;2304;142;16;20;0;0;16;20
29483;2320;142;16;20;0;0;16;20
29486;2336;142;16;20;0;0;16;20
29494;2352;142;16;20;0;0;16;20
29503;2368;142;16;20;0;0;16;20
29508;2384;142;16;20;0;0;16;20
29539;2400;142;16;20;0;0;16;20
29554;2416;142;16;20;0;0;16;20
29572;2432;142;16;20;0;0;16;20
29575;2448;142;16;20;0;0;16;20
29577;2464;142;16;20;0;0;16;20
29579;2480;142;16;20;0;0;16;20
29609;2496;142;16;20;0;0;16;20
29645;2512;142;16;20;0;0;16;20
29664;2528;142;16;20;0;0;16;20
29677;2544;142;16;20;0;0;16;20
29694;2560;142;16;20;0;0;16;20
29699;2576;142;16;20;0;0;16;20
29702;2592;142;16;20;0;0;16;20
29748;2608;142;16;20;0;0;16;20
29792;2624;142;16;20;0;0;16;20
29827;2640;142;16;20;0;0;16;20
29863;2656;142;16;20;0;0;16;20
29872;2672;142;16;20;0;0;16;20
29885;2688;142;16;20;0;0;16;20
29926;2704;142;16;20;0;0;16;20
29942;2720;142;16;20;0;0;16;20
29976;2736;142;16;20;0;0;16;20
29978;2752;142;16;20;0;0;16;20
29983;2768;142;16;20;0;0;16;20
29987;2784;142;16;20;0;0;16;20
29992;2800;142;16;20;0;0;16;20
30000;2816;142;16;20;0;0;16;20
30001;2832;142;16;20;0;0;16;20
30002;2848;142;16;20;0;0;16;20
30003;2864;142;16;20;0;0;16;20
30007;2880;142;16;20;0;0;16;20
30010;2896;142;16;20;0;0;16;20
30011;2912;142;16;20;0;0;16;20
30028;2928;142;16;20;0;0;16;20
30031;2944;142;16;20;0;0;16;20
30033;2960;142;16;20;0;0;16;20
30036;2976;142;16;20;0;0;16;20
30041;2992;142;16;20;0;0;16;20
30044;3008;142;16;20;0;0;16;20
30045;3024;142;16;20;0;0;16;20
30053;3040;142;16;20;0;0;16;20
30058;3056;142;16;20;0;0;16;20
30064;3072;142;16;20;0;0;16;20
30067;3088;142;16;20;0;0;16;20
30079;3104;142;16;20;0;0;16;20
30094;3120;142;16;20;0;0;16;20
30097;3136;142;16;20;0;0;16;20
30123;3152;142;16;20;0;0;16;20
30130;3168;142;16;20;0;0;16;20
30142;3184;142;16;20;0;0;16;20
30149;3200;142;16;20;0;0;16;20
30151;3216;142;16;20;0;0;16;20
30165;3232;142;16;20;0;0;16;20
30168;3248;142;16;20;0;0;16;20
30171;3264;142;16;20;0;0;16;20
30178;3280;142;16;20;0;0;16;20
30185;3296;142;16;20;0;0;16;20
30196;3312;142;16;20;0;0;16;20
30221;3328;142;16;20;0;0;16;20
30274;3344;142;16;20;0;0;16;20
30290;3360;142;16;20;0;0;16;20
30294;3376;142;16;20;0;0;16;20
30330;3392;142;16;20;0;0;16;20
30331;3408;142;16;20;0;0;16;20
30333;3424;142;16;20;0;0;16;20
30334;3440;142;16;20;0;0;16;20
30340;3456;142;16;20;0;0;16;20
30342;3472;142;16;20;0;0;16;20
30343;3488;142;16;20;0;0;16;20
30382;3504;142;16;20;0;0;16;20
30399;3520;142;16;20;0;0;16;20
30406;3536;142;16;20;0;0;16;20
30410;3552;142;16;20;0;0;16;20
30423;3568;142;16;20;0;0;16;20
30427;3584;142;16;20;0;0;16;20
30431;3600;142;16;20;0;0;16;20
30435;3616;142;16;20;0;0;16;20
30436;3632;142;16;20;0;0;16;20
30446;3648;142;16;20;0;0;16;20
30450;3664;142;16;20;0;0;16;20
30452;3680;142;16;20;0;0;16;20
30456;3696;142;16;20;0;0;16;20
30462;3712;142;16;20;0;0;16;20
30465;3728;142;16;20;0;0;16;20
30473;3744;142;16;20;0;0;16;20
30475;3760;142;16;20;0;0;16;20
30476;3776;142;16;20;0;0;16;20
30495;3792;142;16;20;0;0;16;20
30496;3808;142;16;20;0;0;16;20
30522;3824;142;16;20;0;0;16;20
30524;3840;142;16;20;0;0;16;20
30528;3856;142;16;20;0;0;16;20
30561;3872;142;16;20;0;0;16;20
30563;3888;142;16;20;0;0;16;20
30566;3904;142;16;20;0;0;16;20
30636;3920;142;16;20;0;0;16;20
30637;3936;142;16;20;0;0;16;20
30643;3952;142;16;20;0;0;16;20
30683;3968;142;16;20;0;0;16;20
30690;3984;142;16;20;0;0;16;20
30693;4000;142;16;20;0;0;16;20
30701;4016;142;16;20;0;0;16;20
30703;4032;142;16;20;0;0;16;20
30707;4048;142;16;20;0;0;16;20
30722;4064;142;16;20;0;0;16;20
30740;4080;142;16;20;0;0;16;20
30741;0;162;16;20;0;0;16;20
30770;16;162;16;20;0;0;16;20
30772;32;162;16;20;0;0;16;20
30813;48;162;16;20;0;0;16;20
30827;64;162;16;20;0;0;16;20
30828;80;162;16;20;0;0;16;20
30849;96;162;16;20;0;0;16;20
30865;112;162;16;20;0;0;16;20
30906;128;162;16;20;0;0;16;20
30913;144;162;16;20;0;0;16;20
30952;160;162;16;20;0;0;16;20
30977;176;162;16;20;0;0;16;20
30990;192;162;16;20;0;0;16;20
31034;208;162;16;20;0;0;16;20
31036;224;162;16;20;0;0;16;20
31038;240;162;16;20;0;0;16;20
31048;256;162;16;20;0;0;16;20
31049;272;162;16;20;0;0;16;20
31062;288;162;16;20;0;0;16;20
31069;304;162;16;20;0;0;16;20
31070;320;162;16;20;0;0;16;20
31077;336;162;16;20;0;0;16;20
31080;352;162;16;20;0;0;16;20
31085;368;162;16;20;0;0;16;20
31105;384;162;16;20;0;0;16;20
31109;400;162;16;20;0;0;16;20
31117;416;162;16;20;0;0;16;20
31119;432;162;16;20;0;0;16;20
31168;448;162;16;20;0;0;16;20
31169;464;162;16;20;0;0;16;20
31179;480;162;16;20;0;0;16;20
31185;496;162;16;20;0;0;16;20
31186;512;162;16;20;0;0;16;20
31192;528;162;16;20;0;0;16;20
31199;544;162;16;20;0;0;16;20
31209;560;162;16;20;0;0;16;20
31216;576;162;16;20;0;0;16;20
31227;592;162;16;20;0;0;16;20
31243;608;162;16;20;0;0;16;20
31246;624;162;16;20;0;0;16;20
31258;640;162;16;20;0;0;16;20
31278;656;162;16;20;0;0;16;20
31282;672;162;16;20;0;0;16;20
31292;688;162;16;20;0;0;16;20
31293;704;162;16;20;0;0;16;20
31295;720;162;16;20;0;0;16;20
31296;736;162;16;20;0;0;16;20
31298;752;162;16;20;0;0;16;20
31309;768;162;16;20;0;0;16;20
31311;784;162;16;20;0;0;16;20
31339;800;162;16;20;0;0;16;20
31348;816;162;16;20;0;0;16;20
31350;832;162;16;20;0;0;16;20
31354;848;162;16;20;0;0;16;20
31361;864;162;16;20;0;0;16;20
31363;880;162;16;20;0;0;16;20
31378;896;162;16;20;0;0;16;20
31379;912;162;16;20;0;0;16;20
31391;928;162;16;20;0;0;16;20
31406;944;162;16;20;0;0;16;20
31407;960;162;16;20;0;0;16;20
31435;976;162;16;20;0;0;16;20
31452;992;162;16;20;0;0;16;20
31456;1008;162;16;20;0;0;16;20
31461;1024;162;16;20;0;0;16;20
31471;1040;162;16;20;0;0;16;20
31478;1056;162;16;20;0;0;16;20
31481;1072;162;16;20;0;0;16;20
31505;1088;162;16;20;0;0;16;20
31515;1104;162;16;20;0;0;16;20
31526;1120;162;16;20;0;0;16;20
31532;1136;162;16;20;0;0;16;20
31558;1152;162;16;20;0;0;16;20
31561;1168;162;16;20;0;0;16;20
31563;1184;162;16;20;0;0;16;20
31570;1200;162;16;20;0;0;16;20
31572;1216;162;16;20;0;0;16;20
31574;1232;162;16;20;0;0;16;20
31623;1248;162;16;20;0;0;16;20
31627;1264;162;16;20;0;0;16;20
31639;1280;162;16;20;0;0;16;20
31649;1296;162;16;20;0;0;16;20
31665;1312;162;16;20;0;0;16;20
31672;1328;162;16;20;0;0;16;20
31680;1344;162;16;20;0;0;16;20
31684;1360;162;16;20;0;0;16;20
31689;1376;162;16;20;0;0;16;20
31716;1392;162;16;20;0;0;16;20
31777;1408;162;16;20;0;0;16;20
31807;1424;162;16;20;0;0;16;20
31821;1440;162;16;20;0;0;16;20
31840;1456;162;16;20;0;0;16;20
31859;1472;162;16;20;0;0;16;20
31881;1488;162;16;20;0;0;16;20
31883;1504;162;16;20;0;0;16;20
31890;1520;162;16;20;0;0;16;20
31895;1536;162;16;20;0;0;16;20
31896;1552;162;16;20;0;0;16;20
31899;1568;162;16;20;0;0;16;20
31911;1584;162;16;20;0;0;16;20
31934;1600;162;16;20;0;0;16;20
31958;1616;162;16;20;0;0;16;20
31975;1632;162;16;20;0;0;16;20
31992;1648;162;16;20;0;0;16;20
31995;1664;162;16;20;0;0;16;20
31998;1680;162;16;20;0;0;16;20
32000;1696;162;16;20;0;0;16;20
32004;1712;162;16;20;0;0;16;20
32005;1728;162;16;20;0;0;16;20
32011;1744;162;16;20;0;0;16;20
32013;1760;162;16;20;0;0;16;20
32020;1776;162;16;20;0;0;16;20
32025;1792;162;16;20;0;0;16;20
32026;1808;162;16;20;0;0;16;20
32027;1824;162;16;20;0;0;16;20
32032;1840;162;16;20;0;0;16;20
32033;1856;162;16;20;0;0;16;20
32034;1872;162;16;20;0;0;16;20
32043;1888;162;16;20;0;0;16;20
32047;1904;162;16;20;0;0;16;20
32048;1920;162;16;20;0;0;16;20
32051;1936;162;16;20;0;0;16;20
32057;1952;162;16;20;0;0;16;20
32058;1968;162;16;20;0;0;16;20
32066;1984;162;16;20;0;0;16;20
32068;2000;162;16;20;0;0;16;20
32076;2016;162;16;20;0;0;16;20
32080;2032;162;16;20;0;0;16;20
32094;2048;162;16;20;0;0;16;20
32097;2064;162;16;20;0;0;16;20
32102;2080;162;16;20;0;0;16;20
32113;2096;162;16;20;0;0;16;20
32117;2112;162;16;20;0;0;16;20
32118;2128;162;16;20;0;0;16;20
32121;2144;162;16;20;0;0;16;20
32153;2160;162;16;20;0;0;16;20
32154;2176;162;16;20;0;0;16;20
32173;2192;162;16;20;0;0;16;20
32177;2208;162;16;20;0;0;16;20
32178;2224;162;16;20;0;0;16;20
32187;2240;162;16;20;0;0;16;20
32191;2256;162;16;20;0;0;16;20
32202;2272;162;16;20;0;0;16;20
32207;2288;162;16;20;0;0;16;20
32209;2304;162;16;20;0;0;16;20
32210;2320;162;16;20;0;0;16;20
32218;2336;162;16;20;0;0;16;20
32224;2352;162;16;20;0;0;16;20
32232;2368;162;16;20;0;0;16;20
32233;2384;162;16;20;0;0;16;20
32239;2400;162;16;20;0;0;16;20
32244;2416;162;16;20;0;0;16;20
32251;2432;162;16;20;0;0;16;20
32257;2448;162;16;20;0;0;16;20
32260;2464;162;16;20;0;0;16;20
32283;2480;162;16;20;0;0;16;20
32294;2496;162;16;20;0;0;16;20
32299;2512;162;16;20;0;0;16;20
32302;2528;162;16;20;0;0;16;20
32318;2544;162;16;20;0;0;16;20
32321;2560;162;16;20;0;0;16;20
32330;2576;162;16;20;0;0;16;20
32340;2592;162;16;20;0;0;16;20
32341;2608;162;16;20;0;0;16;20
32365;2624;162;16;20;0;0;16;20
32368;2640;162;16;20;0;0;16;20
32566;2656;162;16;20;0;0;16;20
32618;2672;162;16;20;0;0;16;20
32622;2688;162;16;20;0;0;16;20
32624;2704;162;16;20;0;0;16;20
32626;2720;162;16;20;0;0;16;20
32629;2736;162;16;20;0;0;16;20
32631;2752;162;16;20;0;0;16;20
32645;2768;162;16;20;0;0;16;20
32650;2784;162;16;20;0;0;16;20
32654;2800;162;16;20;0;0;16;20
32670;2816;162;16;20;0;0;16;20
32676;2832;162;16;20;0;0;16;20
32680;2848;162;16;20;0;0;16;20
32681;2864;162;16;20;0;0;16;20
32701;2880;162;16;20;0;0;16;20
32705;2896;162;16;20;0;0;16;20
32716;2912;162;16;20;0;0;16;20
32722;2928;162;16;20;0;0;16;20
32763;2944;162;16;20;0;0;16;20
32764;2960;162;16;20;0;0;16;20
32769;2976;162;16;20;0;0;16;20
32771;2992;162;16;20;0;0;16;20
32773;3008;162;16;20;0;0;16;20
32784;3024;162;16;20;0;0;16;20
32789;3040;162;16;20;0;0;16;20
32791;3056;162;16;20;0;0;16;20
32819;3072;162;16;20;0;0;16;20
32854;3088;162;16;20;0;0;16;20
32862;3104;162;16;20;0;0;16;20
32884;3120;162;16;20;0;0;16;20
32887;3136;162;16;20;0;0;16;20
32905;3152;162;16;20;0;0;16;20
32908;3168;162;16;20;0;0;16;20
32918;3184;162;16;20;0;0;16;20
32920;3200;162;16;20;0;0;16;20
32925;3216;162;16;20;0;0;16;20
32929;3232;162;16;20;0;0;16;20
32930;3248;162;16;20;0;0;16;20
32933;3264;162;16;20;0;0;16;20
32937;3280;162;16;20;0;0;16;20
32938;3296;162;16;20;0;0;16;20
32943;3312;162;16;20;0;0;16;20
32946;3328;162;16;20;0;0;16;20
32954;3344;162;16;20;0;0;16;20
32963;3360;162;16;20;0;0;16;20
32966;3376;162;16;20;0;0;16;20
32972;3392;162;16;20;0;0;16;20
32974;3408;162;16;20;0;0;16;20
32990;3424;162;16;20;0;0;16;20
33012;3440;162;16;20;0;0;16;20
33016;3456;162;16;20;0;0;16;20
33021;3472;162;16;20;0;0;16;20
33026;3488;162;16;20;0;0;16;20
33029;3504;162;16;20;0;0;16;20
33031;3520;162;16;20;0;0;16;20
33032;3536;162;16;20;0;0;16;20
33034;3552;162;16;20;0;0;16;20
33050;3568;162;16;20;0;0;16;20
33073;3584;162;16;20;0;0;16;20
33075;3600;162;16;20;0;0;16;20
33102;3616;162;16;20;0;0;16;20
33104;3632;162;16;20;0;0;16;20
33109;3648;162;16;20;0;0;16;20
33131;3664;162;16;20;0;0;16;20
33136;3680;162;16;20;0;0;16;20
33144;3696;162;16;20;0;0;16;20
33145;3712;162;16;20;0;0;16;20
33146;3728;162;16;20;0;0;16;20
33178;3744;162;16;20;0;0;16;20
33180;3760;162;16;20;0;0;16;20
33181;3776;162;16;20;0;0;16;20
33192;3792;162;16;20;0;0;16;20
33203;3808;162;16;20;0;0;16;20
33222;3824;162;16;20;0;0;16;20
33235;3840;162;16;20;0;0;16;20
33251;3856;162;16;20;0;0;16;20
33256;3872;162;16;20;0;0;16;20
33258;3888;162;16;20;0;0;16;20
33261;3904;162;16;20;0;0;16;20
33267;3920;162;16;20;0;0;16;20
33268;3936;162;16;20;0;0;16;20
33276;3952;162;16;20;0;0;16;20
33288;3968;162;16;20;0;0;16;20
33292;3984;162;16;20;0;0;16;20
33294;4000;162;16;20;0;0;16;20
33303;4016;162;16;20;0;0;16;20
33310;4032;162;16;20;0;0;16;20
33311;4048;162;16;20;0;0;16;20
33322;4064;162;16;20;0;0;16;20
33324;4080;162;16;20;0;0;16;20
33334;0;182;16;20;0;0;16;20
33335;16;182;16;20;0;0;16;20
33337;32;182;16;20;0;0;16;20
33351;48;182;16;20;0;0;16;20
33382;64;182;16;20;0;0;16;20
33391;80;182;16;20;0;0;16;20
33394;96;182;16;20;0;0;16;20
33398;112;182;16;20;0;0;16;20
33419;128;182;16;20;0;0;16;20
33437;144;182;16;20;0;0;16;20
33455;160;182;16;20;0;0;16;20
33457;176;182;16;20;0;0;16;20
33459;192;182;16;20;0;0;16;20
33464;208;182;16;20;0;0;16;20
33469;224;182;16;20;0;0;16;20
33495;240;182;16;20;0;0;16;20
33499;256;182;16;20;0;0;16;20
33509;272;182;16;20;0;0;16;20
33510;288;182;16;20;0;0;16;20
33521;304;182;16;20;0;0;16;20
33538;320;182;16;20;0;0;16;20
33550;336;182;16;20;0;0;16;20
33576;352;182;16;20;0;0;16;20
33590;368;182;16;20;0;0;16;20
33609;384;182;16;20;0;0;16;20
33618;400;182;16;20;0;0;16;20
33624;416;182;16;20;0;0;16;20
33655;432;182;16;20;0;0;16;20
33738;448;182;16;20;0;0;16;20
33740;464;182;16;20;0;0;16;20
33747;480;182;16;20;0;0;16;20
33756;496;182;16;20;0;0;16;20
33775;512;182;16;20;0;0;16;20
33806;528;182;16;20;0;0;16;20
33853;544;182;16;20;0;0;16;20
33865;560;182;16;20;0;0;16;20
33879;576;182;16;20;0;0;16;20
33883;592;182;16;20;0;0;16;20
33900;608;182;16;20;0;0;16;20
33976;624;182;16;20;0;0;16;20
33988;640;182;16;20;0;0;16;20
33995;656;182;16;20;0;0;16;20
34065;672;182;16;20;0;0;16;20
34101;688;182;16;20;0;0;16;20
34109;704;182;16;20;0;0;16;20
34180;720;182;16;20;0;0;16;20
34214;736;182;16;20;0;0;16;20
34218;752;182;16;20;0;0;16;20
34219;768;182;16;20;0;0;16;20
34220;784;182;16;20;0;0;16;20
34253;800;182;16;20;0;0;16;20
34276;816;182;16;20;0;0;16;20
34281;832;182;16;20;0;0;16;20
34299;848;182;16;20;0;0;16;20
34382;864;182;16;20;0;0;16;20
34384;880;182;16;20;0;0;16;20
34394;896;182;16;20;0;0;16;20
34396;912;182;16;20;0;0;16;20
34398;928;182;16;20;0;0;16;20
34411;944;182;16;20;0;0;16;20
34425;960;182;16;20;0;0;16;20
34442;976;182;16;20;0;0;16;20
34453;992;182;16;20;0;0;16;20
34503;1008;182;16;20;0;0;16;20
34509;1024;182;16;20;0;0;16;20
34542;1040;182;16;20;0;0;16;20
34562;1056;182;16;20;0;0;16;20
34588;1072;182;16;20;0;0;16;20
34701;1088;182;16;20;0;0;16;20
34880;1104;182;16;20;0;0;16;20
34886;1120;182;16;20;0;0;16;20
34892;1136;182;16;20;0;0;16;20
34899;1152;182;16;20;0;0;16;20
34903;1168;182;16;20;0;0;16;20
34907;1184;182;16;20;0;0;16;20
34909;1200;182;16;20;0;0;16;20
34913;1216;182;16;20;0;0;16;20
34915;1232;182;16;20;0;0;16;20
34920;1248;182;16;20;0;0;16;20
34928;1264;182;16;20;0;0;16;20
34935;1280;182;16;20;0;0;16;20
34955;1296;182;16;20;0;0;16;20
34966;1312;182;16;20;0;0;16;20
34987;1328;182;16;20;0;0;16;20
35009;1344;182;16;20;0;0;16;20
35010;1360;182;16;20;0;0;16;20
35013;1376;182;16;20;0;0;16;20
35023;1392;182;16;20;0;0;16;20
35029;1408;182;16;20;0;0;16;20
35036;1424;182;16;20;0;0;16;20
35064;1440;182;16;20;0;0;16;20
35069;1456;182;16;20;0;0;16;20
35070;1472;182;16;20;0;0;16;20
35079;1488;182;16;20;0;0;16;20
35088;1504;182;16;20;0;0;16;20
35090;1520;182;16;20;0;0;16;20
35167;1536;182;16;20;0;0;16;20
35186;1552;182;16;20;0;0;16;20
35199;1568;182;16;20;0;0;16;20
35201;1584;182;16;20;0;0;16;20
35206;1600;182;16;20;0;0;16;20
35207;1616;182;16;20;0;0;16;20
35211;1632;182;16;20;0;0;16;20
35215;1648;182;16;20;0;0;16;20
35222;1664;182;16;20;0;0;16;20
35226;1680;182;16;20;0;0;16;20
35239;1696;182;16;20;0;0;16;20
35242;1712;182;16;20;0;0;16;20
35251;1728;182;16;20;0;0;16;20
35282;1744;182;16;20;0;0;16;20
35299;1760;182;16;20;0;0;16;20
35302;1776;182;16;20;0;0;16;20
35328;1792;182;16;20;0;0;16;20
35330;1808;182;16;20;0;0;16;20
35331;1824;182;16;20;0;0;16;20
35336;1840;182;16;20;0;0;16;20
35342;1856;182;16;20;0;0;16;20
35347;1872;182;16;20;0;0;16;20
35351;1888;182;16;20;0;0;16;20
35352;1904;182;16;20;0;0;16;20
35359;1920;182;16;20;0;0;16;20
35370;1936;182;16;20;0;0;16;20
35373;1952;182;16;20;0;0;16;20
35377;1968;182;16;20;0;0;16;20
35379;1984;182;16;20;0;0;16;20
35380;2000;182;16;20;0;0;16;20
35386;2016;182;16;20;0;0;16;20
35388;2032;182;16;20;0;0;16;20
35408;2048;182;16;20;0;0;16;20
35412;2064;182;16;20;0;0;16;20
35413;2080;182;16;20;0;0;16;20
35422;2096;182;16;20;0;0;16;20
35424;2112;182;16;20;0;0;16;20
35427;2128;182;16;20;0;0;16;20
35430;2144;182;16;20;0;0;16;20
35433;2160;182;16;20;0;0;16;20
35438;2176;182;16;20;0;0;16;20
35440;2192;182;16;20;0;0;16;20
35441;2208;182;16;20;0;0;16;20
35442;2224;182;16;20;0;0;16;20
35443;2240;182;16;20;0;0;16;20
35463;2256;182;16;20;0;0;16;20
35465;2272;182;16;20;0;0;16;20
35468;2288;182;16;20;0;0;16;20
35469;2304;182;16;20;0;0;16;20
35475;2320;182;16;20;0;0;16;20
35477;2336;182;16;20;0;0;16;20
35480;2352;182;16;20;0;0;16;20
35486;2368;182;16;20;0;0;16;20
35488;2384;182;16;20;0;0;16;20
35492;2400;182;16;20;0;0;16;20
35500;2416;182;16;20;0;0;16;20
35501;2432;182;16;20;0;0;16;20
35504;2448;182;16;20;0;0;16;20
35506;2464;182;16;20;0;0;16;20
35519;2480;182;16;20;0;0;16;20
35527;2496;182;16;20;0;0;16;20
35531;2512;182;16;20;0;0;16;20
35542;2528;182;16;20;0;0;16;20
35558;2544;182;16;20;0;0;16;20
35559;2560;182;16;20;0;0;16;20
35565;2576;182;16;20;0;0;16;20
35566;2592;182;16;20;0;0;16;20
35576;2608;182;16;20;0;0;16;20
35582;2624;182;16;20;0;0;16;20
35584;2640;182;16;20;0;0;16;20
35585;2656;182;16;20;0;0;16;20
35588;2672;182;16;20;0;0;16;20
35598;2688;182;16;20;0;0;16;20
35609;2704;182;16;20;0;0;16;20
35611;2720;182;16;20;0;0;16;20
35613;2736;182;16;20;0;0;16;20
35617;2752;182;16;20;0;0;16;20
35641;2768;182;16;20;0;0;16;20
35672;2784;182;16;20;0;0;16;20
35676;2800;182;16;20;0;0;16;20
35686;2816;182;16;20;0;0;16;20
35696;2832;182;16;20;0;0;16;20
35698;2848;182;16;20;0;0;16;20
35703;2864;182;16;20;0;0;16;20
35895;2880;182;16;20;0;0;16;20
35910;2896;182;16;20;0;0;16;20
35914;2912;182;16;20;0;0;16;20
35930;2928;182;16;20;0;0;16;20
35937;2944;182;16;20;0;0;16;20
35946;2960;182;16;20;0;0;16;20
35980;2976;182;16;20;0;0;16;20
35997;2992;182;16;20;0;0;16;20
35998;3008;182;16;20;0;0;16;20
36000;3024;182;16;20;0;0;16;20
36001;3040;182;16;20;0;0;16;20
36002;3056;182;16;20;0;0;16;20
36007;3072;182;16;20;0;0;16;20
36008;3088;182;16;20;0;0;16;20
36009;3104;182;16;20;0;0;16;20
36010;3120;182;16;20;0;0;16;20
36011;3136;182;16;20;0;0;16;20
36012;3152;182;16;20;0;0;16;20
36015;3168;182;16;20;0;0;16;20
36020;3184;182;16;20;0;0;16;20
36023;3200;182;16;20;0;0;16;20
36024;3216;182;16;20;0;0;16;20
36027;3232;182;16;20;0;0;16;20
36028;3248;182;16;20;0;0;16;20
36031;3264;182;16;20;0;0;16;20
36032;3280;182;16;20;0;0;16;20
36034;3296;182;16;20;0;0;16;20
36035;3312;182;16;20;0;0;16;20
36036;3328;182;16;20;0;0;16;20
36039;3344;182;16;20;0;0;16;20
36042;3360;182;16;20;0;0;16;20
36051;3376;182;16;20;0;0;16;20
36059;3392;182;16;20;0;0;16;20
36060;3408;182;16;20;0;0;16;20
36062;3424;182;16;20;0;0;16;20
36064;3440;182;16;20;0;0;16;20
36066;3456;182;16;20;0;0;16;20
36070;3472;182;16;20;0;0;16;20
36074;3488;182;16;20;0;0;16;20
36077;3504;182;16;20;0;0;16;20
36092;3520;182;16;20;0;0;16;20
36104;3536;182;16;20;0;0;16;20
36196;3552;182;16;20;0;0;16;20
36198;3568;182;16;20;0;0;16;20
36208;3584;182;16;20;0;0;16;20
36212;3600;182;16;20;0;0;16;20
36215;3616;182;16;20;0;0;16;20
36229;3632;182;16;20;0;0;16;20
36234;3648;182;16;20;0;0;16;20
36259;3664;182;16;20;0;0;16;20
36275;3680;182;16;20;0;0;16;20
36317;3696;182;16;20;0;0;16;20
36321;3712;182;16;20;0;0;16;20
36335;3728;182;16;20;0;0;16;20
36339;3744;182;16;20;0;0;16;20
36341;3760;182;16;20;0;0;16;20
36362;3776;182;16;20;0;0;16;20
36367;3792;182;16;20;0;0;16;20
36394;3808;182;16;20;0;0;16;20
36468;3824;182;16;20;0;0;16;20
36493;3840;182;16;20;0;0;16;20
36523;3856;182;16;20;0;0;16;20
36554;3872;182;16;20;0;0;16;20
36556;3888;182;16;20;0;0;16;20
36557;3904;182;16;20;0;0;16;20
36562;3920;182;16;20;0;0;16;20
36575;3936;182;16;20;0;0;16;20
36578;3952;182;16;20;0;0;16;20
36600;3968;182;16;20;0;0;16;20
36605;3984;182;16;20;0;0;16;20
36611;4000;182;16;20;0;0;16;20
36617;4016;182;16;20;0;0;16;20
36637;4032;182;16;20;0;0;16;20
36649;4048;182;16;20;0;0;16;20
36650;4064;182;16;20;0;0;16;20
36664;4080;182;16;20;0;0;16;20
36676;0;202;16;20;0;0;16;20
36763;16;202;16;20;0;0;16;20
36766;32;202;16;20;0;0;16;20
36771;48;202;16;20;0;0;16;20
36785;64;202;16;20;0;0;16;20
36786;80;202;16;20;0;0;16;20
36794;96;202;16;20;0;0;16;20
36796;112;202;16;20;0;0;16;20
36805;128;202;16;20;0;0;16;20
36814;144;202;16;20;0;0;16;20
36817;160;202;16;20;0;0;16;20
36820;176;202;16;20;0;0;16;20
36843;192;202;16;20;0;0;16;20
36845;208;202;16;20;0;0;16;20
36848;224;202;16;20;0;0;16;20
36855;240;202;16;20;0;0;16;20
36861;256;202;16;20;0;0;16;20
36864;272;202;16;20;0;0;16;20
36865;288;202;16;20;0;0;16;20
36867;304;202;16;20;0;0;16;20
36870;320;202;16;20;0;0;16;20
36879;336;202;16;20;0;0;16;20
36880;352;202;16;20;0;0;16;20
36883;368;202;16;20;0;0;16;20
36884;384;202;16;20;0;0;16;20
36890;400;202;16;20;0;0;16;20
36893;416;202;16;20;0;0;16;20
36895;432;202;16;20;0;0;16;20
36896;448;202;16;20;0;0;16;20
36899;464;202;16;20;0;0;16;20
36910;480;202;16;20;0;0;16;20
36913;496;202;16;20;0;0;16;20
36914;512;202;16;20;0;0;16;20
36920;528;202;16;20;0;0;16;20
36930;544;202;16;20;0;0;16;20
36933;560;202;16;20;0;0;16;20
36935;576;202;16;20;0;0;16;20
36938;592;202;16;20;0;0;16;20
36939;608;202;16;20;0;0;16;20
36941;624;202;16;20;0;0;16;20
36942;640;202;16;20;0;0;16;20
36947;656;202;16;20;0;0;16;20
36948;672;202;16;20;0;0;16;20
36949;688;202;16;20;0;0;16;20
36956;704;202;16;20;0;0;16;20
36960;720;202;16;20;0;0;16;20
36961;736;202;16;20;0;0;16;20
36963;752;202;16;20;0;0;16;20
36969;768;202;16;20;0;0;16;20
36973;784;202;16;20;0;0;16;20
36974;800;202;16;20;0;0;16;20
36981;816;202;16;20;0;0;16;20
36983;832;202;16;20;0;0;16;20
36984;848;202;16;20;0;0;16;20
36986;864;202;16;20;0;0;16;20
36991;880;202;16;20;0;0;16;20
36996;896;202;16;20;0;0;16;20
37027;912;202;16;20;0;0;16;20
37030;928;202;16;20;0;0;16;20
37034;944;202;16;20;0;0;16;20
37048;960;202;16;20;0;0;16;20
37066;976;202;16;20;0;0;16;20
37070;992;202;16;20;0;0;16;20
37089;1008;202;16;20;0;0;16;20
37096;1024;202;16;20;0;0;16;20
37101;1040;202;16;20;0;0;16;20
37109;1056;202;16;20;0;0;16;20
37111;1072;202;16;20;0;0;16;20
37117;1088;202;16;20;0;0;16;20
37196;1104;202;16;20;0;0;16;20
37197;1120;202;16;20;0;0;16;20
37198;1136;202;16;20;0;0;16;20
37202;1152;202;16;20;0;0;16;20
37204;1168;202;16;20;0;0;16;20
37218;1184;202;16;20;0;0;16;20
37226;1200;202;16;20;0;0;16;20
37228;1216;202;16;20;0;0;16;20
37237;1232;202;16;20;0;0;16;20
37239;1248;202;16;20;0;0;16;20
37240;1264;202;16;20;0;0;16;20
37266;1280;202;16;20;0;0;16;20
37276;1296;202;16;20;0;0;16;20
37304;1312;202;16;20;0;0;16;20
37319;1328;202;16;20;0;0;16;20
37320;1344;202;16;20;0;0;16;20
37324;1360;202;16;20;0;0;16;20
37325;1376;202;16;20;0;0;16;20
37326;1392;202;16;20;0;0;16;20
37327;1408;202;16;20;0;0;16;20
37329;1424;202;16;20;0;0;16;20
37340;1440;202;16;20;0;0;16;20
37341;1456;202;16;20;0;0;16;20
37347;1472;202;16;20;0;0;16;20
37389;1488;202;16;20;0;0;16;20
37428;1504;202;16;20;0;0;16;20
37444;1520;202;16;20;0;0;16;20
37467;1536;202;16;20;0;0;16;20
37474;1552;202;16;20;0;0;16;20
37489;1568;202;16;20;0;0;16;20
37504;1584;202;16;20;0;0;16;20
37507;1600;202;16;20;0;0;16;20
37509;1616;202;16;20;0;0;16;20
37528;1632;202;16;20;0;0;16;20
37549;1648;202;16;20;0;0;16;20
37613;1664;202;16;20;0;0;16;20
37619;1680;202;16;20;0;0;16;20
37628;1696;202;16;20;0;0;16;20
37664;1712;202;16;20;0;0;16;20
37670;1728;202;16;20;0;0;16;20
37676;1744;202;16;20;0;0;16;20
37678;1760;202;16;20;0;0;16;20
37679;1776;202;16;20;0;0;16;20
37682;1792;202;16;20;0;0;16;20
37707;1808;202;16;20;0;0;16;20
37723;1824;202;16;20;0;0;16;20
37749;1840;202;16;20;0;0;16;20
37772;1856;202;16;20;0;0;16;20
37782;1872;202;16;20;0;0;16;20
37806;1888;202;16;20;0;0;16;20
37857;1904;202;16;20;0;0;16;20
37912;1920;202;16;20;0;0;16;20
37969;1936;202;16;20;0;0;16;20
38263;1952;202;16;20;0;0;16;20
38272;1968;202;16;20;0;0;16;20
38281;1984;202;16;20;0;0;16;20
38283;2000;202;16;20;0;0;16;20
38289;2016;202;16;20;0;0;16;20
38291;2032;202;16;20;0;0;16;20
38306;2048;202;16;20;0;0;16;20
38307;2064;202;16;20;0;0;16;20
38309;2080;202;16;20;0;0;16;20
38322;2096;202;16;20;0;0;16;20
38343;2112;202;16;20;0;0;16;20
38360;2128;202;16;20;0;0;16;20
38428;2144;202;16;20;0;0;16;20
38442;2160;202;16;20;0;0;16;20
38450;2176;202;16;20;0;0;16;20
38459;2192;202;16;20;0;0;16;20
38468;2208;202;16;20;0;0;16;20
38477;2224;202;16;20;0;0;16;20
38480;2240;202;16;20;0;0;16;20
38491;2256;202;16;20;0;0;16;20
38498;2272;202;16;20;0;0;16;20
38499;2288;202;16;20;0;0;16;20
38500;2304;202;16;20;0;0;16;20
38501;2320;202;16;20;0;0;16;20
38506;2336;202;16;20;0;0;16;20
38512;2352;202;16;20;0;0;16;20
38515;2368;202;16;20;0;0;16;20
38517;2384;202;16;20;0;0;16;20
38518;2400;202;16;20;0;0;16;20
38520;2416;202;16;20;0;0;16;20
38522;2432;202;16;20;0;0;16;20
38525;2448;202;16;20;0;0;16;20
38533;2464;202;16;20;0;0;16;20
38534;2480;202;16;20;0;0;16;20
38538;2496;202;16;20;0;0;16;20
38542;2512;202;16;20;0;0;16;20
38543;2528;202;16;20;0;0;16;20
38548;2544;202;16;20;0;0;16;20
38553;2560;202;16;20;0;0;16;20
38555;2576;202;16;20;0;0;16;20
38556;2592;202;16;20;0;0;16;20
38560;2608;202;16;20;0;0;16;20
38563;2624;202;16;20;0;0;16;20
38583;2640;202;16;20;0;0;16;20
38587;2656;202;16;20;0;0;16;20
38596;2672;202;16;20;0;0;16;20
38597;2688;202;16;20;0;0;16;20
38598;2704;202;16;20;0;0;16;20
38599;2720;202;16;20;0;0;16;20
38604;2736;202;16;20;0;0;16;20
38609;2752;202;16;20;0;0;16;20
38626;2768;202;16;20;0;0;16;20
38627;2784;202;16;20;0;0;16;20
38632;2800;202;16;20;0;0;16;20
38634;2816;202;16;20;0;0;16;20
38640;2832;202;16;20;0;0;16;20
38642;2848;202;16;20;0;0;16;20
38646;2864;202;16;20;0;0;16;20
38647;2880;202;16;20;0;0;16;20
38651;2896;202;16;20;0;0;16;20
38656;2912;202;16;20;0;0;16;20
38663;2928;202;16;20;0;0;16;20
38666;2944;202;16;20;0;0;16;20
38684;2960;202;16;20;0;0;16;20
38695;2976;202;16;20;0;0;16;20
38706;2992;202;16;20;0;0;16;20
38738;3008;202;16;20;0;0;16;20
38745;3024;202;16;20;0;0;16;20
38750;3040;202;16;20;0;0;16;20
38754;3056;202;16;20;0;0;16;20
38761;3072;202;16;20;0;0;16;20
38772;3088;202;16;20;0;0;16;20
38867;3104;202;16;20;0;0;16;20
38899;3120;202;16;20;0;0;16;20
38907;3136;202;16;20;0;0;16;20
38911;3152;202;16;20;0;0;16;20
38914;3168;202;16;20;0;0;16;20
38915;3184;202;16;20;0;0;16;20
38917;3200;202;16;20;0;0;16;20
38918;3216;202;16;20;0;0;16;20
38920;3232;202;16;20;0;0;16;20
38928;3248;202;16;20;0;0;16;20
38929;3264;202;16;20;0;0;16;20
38930;3280;202;16;20;0;0;16;20
38931;3296;202;16;20;0;0;16;20
38936;3312;202;16;20;0;0;16;20
38957;3328;202;16;20;0;0;16;20
38960;3344;202;16;20;0;0;16;20
38971;3360;202;16;20;0;0;16;20
38972;3376;202;16;20;0;0;16;20
38988;3392;202;16;20;0;0;16;20
38989;3408;202;16;20;0;0;16;20
38990;3424;202;16;20;0;0;16;20
38996;3440;202;16;20;0;0;16;20
38997;3456;202;16;20;0;0;16;20
39000;3472;202;16;20;0;0;16;20
39006;3488;202;16;20;0;0;16;20
39015;3504;202;16;20;0;0;16;20
39080;3520;202;16;20;0;0;16;20
39131;3536;202;16;20;0;0;16;20
39135;3552;202;16;20;0;0;16;20
39138;3568;202;16;20;0;0;16;20
39151;3584;202;16;20;0;0;16;20
39154;3600;202;16;20;0;0;16;20
39164;3616;202;16;20;0;0;16;20
39165;3632;202;16;20;0;0;16;20
39166;3648;202;16;20;0;0;16;20
39173;3664;202;16;20;0;0;16;20
39178;3680;202;16;20;0;0;16;20
39180;3696;202;16;20;0;0;16;20
39187;3712;202;16;20;0;0;16;20
39208;3728;202;16;20;0;0;16;20
39318;3744;202;16;20;0;0;16;20
39321;3760;202;16;20;0;0;16;20
39340;3776;202;16;20;0;0;16;20
39364;3792;202;16;20;0;0;16;20
39365;3808;202;16;20;0;0;16;20
39366;3824;202;16;20;0;0;16;20
39376;3840;202;16;20;0;0;16;20
39378;3856;202;16;20;0;0;16;20
39438;3872;202;16;20;0;0;16;20
39442;3888;202;16;20;0;0;16;20
39443;3904;202;16;20;0;0;16;20
39472;3920;202;16;20;0;0;16;20
39514;3936;202;16;20;0;0;16;20
39592;3952;202;16;20;0;0;16;20
39608;3968;202;16;20;0;0;16;20
39620;3984;202;16;20;0;0;16;20
39640;4000;202;16;20;0;0;16;20
39658;4016;202;16;20;0;0;16;20
39729;4032;202;16;20;0;0;16;20
39740;4048;202;16;20;0;0;16;20
39746;4064;202;16;20;0;0;16;20
39749;4080;202;16;20;0;0;16;20
39764;0;222;16;20;0;0;16;20
39770;16;222;16;20;0;0;16;20
39854;32;222;16;20;0;0;16;20
39912;48;222;16;20;0;0;16;20
40165;64;222;16;20;0;0;16;20
40180;80;222;16;20;0;0;16;20
40335;96;222;16;20;0;0;16;20
40372;112;222;16;20;0;0;16;20
40575;128;222;16;20;0;0;16;20
40595;144;222;16;20;0;0;16;20
40599;160;222;16;20;0;0;16;20
40614;176;222;16;20;0;0;16;20
40634;192;222;16;20;0;0;16;20
40635;208;222;16;20;0;0;16;20
40644;224;222;16;20;0;0;16;20
40658;240;222;16;20;0;0;16;20
40665;256;222;16;20;0;0;16;20
40723;272;222;16;20;0;0;16;20
40763;288;222;16;20;0;0;16;20
40802;304;222;16;20;0;0;16;20
65281;0;242;16;20;0;0;16;20
65283;16;242;16;20;0;0;16;20
65284;32;242;16;20;0;0;16;20
65285;48;242;16;20;0;0;16;20
65288;64;242;16;20;0;0;16;20
65289;80;242;16;20;0;0;16;20
65290;96;242;16;20;0;0;16;20
65292;112;242;16;20;0;0;16;20
65296;128;242;16;20;0;0;16;20
65297;144;242;16;20;0;0;16;20
65298;160;242;16;20;0;0;16;20
65299;176;242;16;20;0;0;16;20
65300;192;242;16;20;0;0;16;20
65301;208;242;16;20;0;0;16;20
65302;224;242;16;20;0;0;16;20
65303;240;242;16;20;0;0;16;20
65304;256;242;16;20;0;0;16;20
65305;272;242;16;20;0;0;16;20
65306;288;242;16;20;0;0;16;20
65307;304;242;16;20;0;0;16;20
65311;320;242;16;20;0;0;16;20
65313;336;242;16;20;0;0;16;20
65314;352;242;16;20;0;0;16;20
65315;368;242;16;20;0;0;16;20
65316;384;242;16;20;0;0;16;20
65317;400;242;16;20;0;0;16;20
65318;416;242;16;20;0;0;16;20
65319;432;242;16;20;0;0;16;20
65320;448;242;16;20;0;0;16;20
65321;464;242;16;20;0;0;16;20
65322;480;242;16;20;0;0;16;20
65323;496;242;16;20;0;0;16;20
65324;512;242;16;20;0;0;16;20
65325;528;242;16;20;0;0;16;20
65326;544;242;16;20;0;0;16;20
65327;560;242;16;20;0;0;16;20
65328;576;242;16;20;0;0;16;20
65329;592;242;16;20;0;0;16;20
65330;608;242;16;20;0;0;16;20
65331;624;242;16;20;0;0;16;20
65332;640;242;16;20;0;0;16;20
65333;656;242;16;20;0;0;16;20
65334;672;242;16;20;0;0;16;20
65335;688;242;16;20;0;0;16;20
65336;704;242;16;20;0;0;16;20
65337;720;242;16;20;0;0;16;20
65338;736;242;16;20;0;0;16;20
65345;752;242;16;20;0;0;16;20
65346;768;242;16;20;0;0;16;20
65347;784;242;16;20;0;0;16;20
65348;800;242;16;20;0;0;16;20
65349;816;242;16;20;0;0;16;20
65350;832;242;16;20;0;0;16;20
65351;848;242;16;20;0;0;16;20
65352;864;242;16;20;0;0;16;20
65353;880;242;16;20;0;0;16;20
65354;896;242;16;20;0;0;16;20
65355;912;242;16;20;0;0;16;20
65356;928;242;16;20;0;0;16;20
65357;944;242;16;20;0;0;16;20
65358;960;242;16;20;0;0;16;20
65359;976;242;16;20;0;0;16;20
65360;992;242;16;20;0;0;16;20
65361;1008;242;16;20;0;0;16;20
65362;1024;242;16;20;0;0;16;20
65363;1040;242;16;20;0;0;16;20
65364;1056;242;16;20;0;0;16;20
65365;1072;242;16;20;0;0;16;20
65366;1088;242;16;20;0;0;16;20
65367;1104;242;16;20;0;0;16;20
65368;1120;242;16;20;0;0;16;20
65369;1136;242;16;20;0;0;16;20
65370;1152;242;16;20;0;0;16;20
65371;1168;242;16;20;0;0;16;20
65373;1184;242;16;20;0;0;16;20
65374;1200;242;16;20;0;0;16;20
65509;1216;242;16;20;0;0;16;20
