32;0;-2;32
32;0;0;22;42;0;0;22;42
33;22;0;22;42;0;0;22;42
34;44;0;22;42;0;0;22;42
35;66;0;22;42;0;0;22;42
36;88;0;22;42;0;0;22;42
37;110;0;22;42;0;0;22;42
38;132;0;22;42;0;0;22;42
39;154;0;22;42;0;0;22;42
40;176;0;22;42;0;0;22;42
41;198;0;22;42;0;0;22;42
42;220;0;22;42;0;0;22;42
43;242;0;22;42;0;0;22;42
47;264;0;22;42;0;0;22;42
48;286;0;22;42;0;0;22;42
49;308;0;22;42;0;0;22;42
50;330;0;22;42;0;0;22;42
51;352;0;22;42;0;0;22;42
52;374;0;22;42;0;0;22;42
53;396;0;22;42;0;0;22;42
54;418;0;22;42;0;0;22;42
55;440;0;22;42;0;0;22;42
56;462;0;22;42;0;0;22;42
57;484;0;22;42;0;0;22;42
58;506;0;22;42;0;0;22;42
59;528;0;22;42;0;0;22;42
60;550;0;22;42;0;0;22;42
61;572;0;22;42;0;0;22;42
62;594;0;22;42;0;0;22;42
63;616;0;22;42;0;0;22;42
64;638;0;26;42;0;0;26;42
65;664;0;26;42;0;0;26;42
66;690;0;24;42;0;0;24;42
67;714;0;22;42;0;0;22;42
68;736;0;24;42;0;0;24;42
69;760;0;22;42;0;0;22;42
70;782;0;22;42;0;0;22;42
71;804;0;24;42;0;0;24;42
72;828;0;22;42;0;0;22;42
73;850;0;18;42;0;0;18;42
74;868;0;20;42;0;0;20;42
75;888;0;20;42;0;0;20;42
76;908;0;18;42;0;0;18;42
77;926;0;24;42;0;0;24;42
78;950;0;20;42;0;0;20;42
79;970;0;24;42;0;0;24;42
80;994;0;16;42;0;0;16;42
81;1010;0;26;42;0;0;26;42
82;1036;0;18;42;0;0;18;42
83;1054;0;24;42;0;0;24;42
84;1078;0;20;42;0;0;20;42
85;1098;0;22;42;0;0;22;42
86;1120;0;20;42;0;0;20;42
87;1140;0;26;42;0;0;26;42
88;1166;0;20;42;0;0;20;42
89;1186;0;22;42;0;0;22;42
90;1208;0;20;42;0;0;20;42
91;1228;0;22;42;0;0;22;42
92;1250;0;22;42;0;0;22;42
93;1272;0;22;42;0;0;22;42
94;1294;0;22;42;0;0;22;42
96;1316;0;22;42;0;0;22;42
97;1338;0;22;42;0;0;22;42
98;1360;0;22;42;0;0;22;42
99;1382;0;22;42;0;0;22;42
100;1404;0;22;42;0;0;22;42
101;1426;0;22;42;0;0;22;42
102;1448;0;22;42;0;0;22;42
103;1470;0;22;42;0;0;22;42
104;1492;0;22;42;0;0;22;42
105;1514;0;22;42;0;0;22;42
106;1536;0;22;42;0;0;22;42
107;1558;0;22;42;0;0;22;42
108;1580;0;22;42;0;0;22;42
109;1602;0;22;42;0;0;22;42
110;1624;0;22;42;0;0;22;42
111;1646;0;22;42;0;0;22;42
112;1668;0;22;42;0;0;22;42
113;1690;0;22;42;0;0;22;42
114;1712;0;22;42;0;0;22;42
115;1734;0;22;42;0;0;22;42
116;1756;0;22;42;0;0;22;42
117;1778;0;22;42;0;0;22;42
118;1800;0;22;42;0;0;22;42
119;1822;0;22;42;0;0;22;42
120;1844;0;22;42;0;0;22;42
121;1866;0;22;42;0;0;22;42
122;1888;0;22;42;0;0;22;42
123;1910;0;22;42;0;0;22;42
124;1932;0;22;42;0;0;22;42
125;1954;0;22;42;0;0;22;42
126;1976;0;22;42;0;0;22;42
916;1998;0;22;42;0;0;22;42
960;2020;0;22;42;0;0;22;42
8734;2042;0;22;42;0;0;22;42
65381;2064;0;22;42;0;0;22;42
65382;2086;0;22;42;0;0;22;42
65383;2108;0;22;42;0;0;22;42
65384;2130;0;22;42;0;0;22;42
65385;2152;0;22;42;0;0;22;42
65386;2174;0;22;42;0;0;22;42
65387;2196;0;22;42;0;0;22;42
65388;2218;0;22;42;0;0;22;42
65389;2240;0;22;42;0;0;22;42
65390;2262;0;22;42;0;0;22;42
65391;2284;0;22;42;0;0;22;42
65392;2306;0;22;42;0;0;22;42
65393;2328;0;22;42;0;0;22;42
65394;2350;0;22;42;0;0;22;42
65395;2372;0;22;42;0;0;22;42
65396;2394;0;22;42;0;0;22;42
65397;2416;0;22;42;0;0;22;42
65398;2438;0;22;42;0;0;22;42
65399;2460;0;22;42;0;0;22;42
65400;2482;0;22;42;0;0;22;42
65401;2504;0;22;42;0;0;22;42
65402;2526;0;22;42;0;0;22;42
65403;2548;0;22;42;0;0;22;42
65404;2570;0;22;42;0;0;22;42
65405;2592;0;22;42;0;0;22;42
65406;2614;0;22;42;0;0;22;42
65407;2636;0;22;42;0;0;22;42
65408;2658;0;22;42;0;0;22;42
65409;2680;0;22;42;0;0;22;42
65410;2702;0;22;42;0;0;22;42
65411;2724;0;22;42;0;0;22;42
65412;2746;0;22;42;0;0;22;42
65413;2768;0;22;42;0;0;22;42
65414;2790;0;22;42;0;0;22;42
65415;2812;0;22;42;0;0;22;42
65416;2834;0;22;42;0;0;22;42
65417;2856;0;22;42;0;0;22;42
65418;2878;0;22;42;0;0;22;42
65419;2900;0;22;42;0;0;22;42
65420;2922;0;22;42;0;0;22;42
65421;2944;0;22;42;0;0;22;42
65422;2966;0;22;42;0;0;22;42
65423;2988;0;22;42;0;0;22;42
65424;3010;0;22;42;0;0;22;42
65425;3032;0;22;42;0;0;22;42
65426;3054;0;22;42;0;0;22;42
65427;3076;0;22;42;0;0;22;42
65428;3098;0;22;42;0;0;22;42
65429;3120;0;22;42;0;0;22;42
65430;3142;0;22;42;0;0;22;42
65431;3164;0;22;42;0;0;22;42
65432;3186;0;22;42;0;0;22;42
65433;3208;0;22;42;0;0;22;42
65434;3230;0;22;42;0;0;22;42
65435;3252;0;22;42;0;0;22;42
65436;3274;0;22;42;0;0;22;42
65437;3296;0;22;42;0;0;22;42
65438;3318;0;22;42;0;0;22;42
65439;3340;0;22;42;0;0;22;42
711;0;42;28;29;0;0;28;29
714;28;42;28;29;0;0;28;29
715;56;42;28;29;0;0;28;29
729;84;42;28;29;0;0;28;29
8216;112;42;28;29;0;0;28;29
8217;140;42;28;29;0;0;28;29
8220;168;42;28;29;0;0;28;29
8221;196;42;28;29;0;0;28;29
8230;224;42;28;29;0;0;28;29
8592;252;42;28;29;0;0;28;29
8593;280;42;28;29;0;0;28;29
8594;308;42;28;29;0;0;28;29
8595;336;42;28;29;0;0;28;29
8598;364;42;28;29;0;0;28;29
8599;392;42;28;29;0;0;28;29
8600;420;42;28;29;0;0;28;29
8601;448;42;28;29;0;0;28;29
9320;476;42;28;29;0;0;28;29
9734;504;42;28;29;0;0;28;29
12288;532;42;28;29;0;0;28;29
12293;560;42;28;29;0;0;28;29
12298;588;42;28;29;0;0;28;29
12299;616;42;28;29;0;0;28;29
12300;644;42;28;29;0;0;28;29
12301;672;42;28;29;0;0;28;29
12302;700;42;28;29;0;0;28;29
12303;728;42;28;29;0;0;28;29
12304;756;42;28;29;0;0;28;29
12305;784;42;28;29;0;0;28;29
12309;812;42;28;29;0;0;28;29
12310;840;42;28;29;0;0;28;29
12311;868;42;28;29;0;0;28;29
19904;896;42;28;29;0;0;28;29
19905;924;42;28;29;0;0;28;29
19906;952;42;28;29;0;0;28;29
19907;980;42;28;29;0;0;28;29
19908;1008;42;28;29;0;0;28;29
19909;1036;42;28;29;0;0;28;29
19910;1064;42;28;29;0;0;28;29
19911;1092;42;28;29;0;0;28;29
19912;1120;42;28;29;0;0;28;29
19913;1148;42;28;29;0;0;28;29
19914;1176;42;28;29;0;0;28;29
19915;1204;42;28;29;0;0;28;29
19916;1232;42;28;29;0;0;28;29
19917;1260;42;28;29;0;0;28;29
19918;1288;42;28;29;0;0;28;29
19919;1316;42;28;29;0;0;28;29
19920;1344;42;28;29;0;0;28;29
19921;1372;42;28;29;0;0;28;29
19922;1400;42;28;29;0;0;28;29
19923;1428;42;28;29;0;0;28;29
19924;1456;42;28;29;0;0;28;29
19925;1484;42;28;29;0;0;28;29
19926;1512;42;28;29;0;0;28;29
19927;1540;42;28;29;0;0;28;29
19928;1568;42;28;29;0;0;28;29
19929;1596;42;28;29;0;0;28;29
19930;1624;42;28;29;0;0;28;29
19931;1652;42;28;29;0;0;28;29
19932;1680;42;28;29;0;0;28;29
19933;1708;42;28;29;0;0;28;29
19934;1736;42;28;29;0;0;28;29
19935;1764;42;28;29;0;0;28;29
19936;1792;42;28;29;0;0;28;29
19937;1820;42;28;29;0;0;28;29
19938;1848;42;28;29;0;0;28;29
19939;1876;42;28;29;0;0;28;29
19940;1904;42;28;29;0;0;28;29
19941;1932;42;28;29;0;0;28;29
19942;1960;42;28;29;0;0;28;29
19943;1988;42;28;29;0;0;28;29
19944;2016;42;28;29;0;0;28;29
19945;2044;42;28;29;0;0;28;29
19946;2072;42;28;29;0;0;28;29
19947;2100;42;28;29;0;0;28;29
19948;2128;42;28;29;0;0;28;29
19949;2156;42;28;29;0;0;28;29
19950;2184;42;28;29;0;0;28;29
19951;2212;42;28;29;0;0;28;29
19952;2240;42;28;29;0;0;28;29
19953;2268;42;28;29;0;0;28;29
19954;2296;42;28;29;0;0;28;29
19955;2324;42;28;29;0;0;28;29
19956;2352;42;28;29;0;0;28;29
19957;2380;42;28;29;0;0;28;29
19958;2408;42;28;29;0;0;28;29
19959;2436;42;28;29;0;0;28;29
19960;2464;42;28;29;0;0;28;29
19961;2492;42;28;29;0;0;28;29
19962;2520;42;28;29;0;0;28;29
19963;2548;42;28;29;0;0;28;29
19964;2576;42;28;29;0;0;28;29
19965;2604;42;28;29;0;0;28;29
19966;2632;42;28;29;0;0;28;29
19967;2660;42;28;29;0;0;28;29
12353;0;71;28;29;0;0;28;29
12354;28;71;28;29;0;0;28;29
12355;56;71;28;29;0;0;28;29
12356;84;71;28;29;0;0;28;29
12357;112;71;28;29;0;0;28;29
12358;140;71;28;29;0;0;28;29
12359;168;71;28;29;0;0;28;29
12360;196;71;28;29;0;0;28;29
12361;224;71;28;29;0;0;28;29
12362;252;71;28;29;0;0;28;29
12363;280;71;28;29;0;0;28;29
12364;308;71;28;29;0;0;28;29
12365;336;71;28;29;0;0;28;29
12366;364;71;28;29;0;0;28;29
12367;392;71;28;29;0;0;28;29
12368;420;71;28;29;0;0;28;29
12369;448;71;28;29;0;0;28;29
12370;476;71;28;29;0;0;28;29
12371;504;71;28;29;0;0;28;29
12372;532;71;28;29;0;0;28;29
12373;560;71;28;29;0;0;28;29
12374;588;71;28;29;0;0;28;29
12375;616;71;28;29;0;0;28;29
12376;644;71;28;29;0;0;28;29
12377;672;71;28;29;0;0;28;29
12378;700;71;28;29;0;0;28;29
12379;728;71;28;29;0;0;28;29
12380;756;71;28;29;0;0;28;29
12381;784;71;28;29;0;0;28;29
12382;812;71;28;29;0;0;28;29
12383;840;71;28;29;0;0;28;29
12384;868;71;28;29;0;0;28;29
12385;896;71;28;29;0;0;28;29
12386;924;71;28;29;0;0;28;29
12387;952;71;28;29;0;0;28;29
12388;980;71;28;29;0;0;28;29
12389;1008;71;28;29;0;0;28;29
12390;1036;71;28;29;0;0;28;29
12391;1064;71;28;29;0;0;28;29
12392;1092;71;28;29;0;0;28;29
12393;1120;71;28;29;0;0;28;29
12394;1148;71;28;29;0;0;28;29
12395;1176;71;28;29;0;0;28;29
12396;1204;71;28;29;0;0;28;29
12397;1232;71;28;29;0;0;28;29
12398;1260;71;28;29;0;0;28;29
12399;1288;71;28;29;0;0;28;29
12400;1316;71;28;29;0;0;28;29
12401;1344;71;28;29;0;0;28;29
12402;1372;71;28;29;0;0;28;29
12403;1400;71;28;29;0;0;28;29
12404;1428;71;28;29;0;0;28;29
12405;1456;71;28;29;0;0;28;29
12406;1484;71;28;29;0;0;28;29
12407;1512;71;28;29;0;0;28;29
12408;1540;71;28;29;0;0;28;29
12409;1568;71;28;29;0;0;28;29
12410;1596;71;28;29;0;0;28;29
12411;1624;71;28;29;0;0;28;29
12412;1652;71;28;29;0;0;28;29
12413;1680;71;28;29;0;0;28;29
12414;1708;71;28;29;0;0;28;29
12415;1736;71;28;29;0;0;28;29
12416;1764;71;28;29;0;0;28;29
12417;1792;71;28;29;0;0;28;29
12418;1820;71;28;29;0;0;28;29
12419;1848;71;28;29;0;0;28;29
12420;1876;71;28;29;0;0;28;29
12421;1904;71;28;29;0;0;28;29
12422;1932;71;28;29;0;0;28;29
12423;1960;71;28;29;0;0;28;29
12424;1988;71;28;29;0;0;28;29
12425;2016;71;28;29;0;0;28;29
12426;2044;71;28;29;0;0;28;29
12427;2072;71;28;29;0;0;28;29
12428;2100;71;28;29;0;0;28;29
12429;2128;71;28;29;0;0;28;29
12430;2156;71;28;29;0;0;28;29
12431;2184;71;28;29;0;0;28;29
12432;2212;71;28;29;0;0;28;29
12433;2240;71;28;29;0;0;28;29
12434;2268;71;28;29;0;0;28;29
12435;2296;71;28;29;0;0;28;29
12436;2324;71;28;29;0;0;28;29
12437;2352;71;28;29;0;0;28;29
12438;2380;71;28;29;0;0;28;29
12443;2408;71;28;29;0;0;28;29
12444;2436;71;28;29;0;0;28;29
12445;2464;71;28;29;0;0;28;29
12446;2492;71;28;29;0;0;28;29
12448;2520;71;28;29;0;0;28;29
12449;2548;71;28;29;0;0;28;29
12450;2576;71;28;29;0;0;28;29
12451;2604;71;28;29;0;0;28;29
12452;2632;71;28;29;0;0;28;29
12453;2660;71;28;29;0;0;28;29
12454;2688;71;28;29;0;0;28;29
12455;2716;71;28;29;0;0;28;29
12456;2744;71;28;29;0;0;28;29
12457;2772;71;28;29;0;0;28;29
12458;2800;71;28;29;0;0;28;29
12459;2828;71;28;29;0;0;28;29
12460;2856;71;28;29;0;0;28;29
12461;2884;71;28;29;0;0;28;29
12462;2912;71;28;29;0;0;28;29
12463;2940;71;28;29;0;0;28;29
12464;2968;71;28;29;0;0;28;29
12465;2996;71;28;29;0;0;28;29
12466;3024;71;28;29;0;0;28;29
12467;3052;71;28;29;0;0;28;29
12468;3080;71;28;29;0;0;28;29
12469;3108;71;28;29;0;0;28;29
12470;3136;71;28;29;0;0;28;29
12471;3164;71;28;29;0;0;28;29
12472;3192;71;28;29;0;0;28;29
12473;3220;71;28;29;0;0;28;29
12474;3248;71;28;29;0;0;28;29
12475;3276;71;28;29;0;0;28;29
12476;3304;71;28;29;0;0;28;29
12477;3332;71;28;29;0;0;28;29
12478;3360;71;28;29;0;0;28;29
12479;3388;71;28;29;0;0;28;29
12480;3416;71;28;29;0;0;28;29
12481;3444;71;28;29;0;0;28;29
12482;3472;71;28;29;0;0;28;29
12483;3500;71;28;29;0;0;28;29
12484;3528;71;28;29;0;0;28;29
12485;3556;71;28;29;0;0;28;29
12486;3584;71;28;29;0;0;28;29
12487;3612;71;28;29;0;0;28;29
12488;3640;71;28;29;0;0;28;29
12489;3668;71;28;29;0;0;28;29
12490;3696;71;28;29;0;0;28;29
12491;3724;71;28;29;0;0;28;29
12492;3752;71;28;29;0;0;28;29
12493;3780;71;28;29;0;0;28;29
12494;3808;71;28;29;0;0;28;29
12495;3836;71;28;29;0;0;28;29
12496;3864;71;28;29;0;0;28;29
12497;3892;71;28;29;0;0;28;29
12498;3920;71;28;29;0;0;28;29
12499;3948;71;28;29;0;0;28;29
12500;3976;71;28;29;0;0;28;29
12501;4004;71;28;29;0;0;28;29
12502;4032;71;28;29;0;0;28;29
12503;4060;71;28;29;0;0;28;29
12504;0;100;28;29;0;0;28;29
12505;28;100;28;29;0;0;28;29
12506;56;100;28;29;0;0;28;29
12507;84;100;28;29;0;0;28;29
12508;112;100;28;29;0;0;28;29
12509;140;100;28;29;0;0;28;29
12510;168;100;28;29;0;0;28;29
12511;196;100;28;29;0;0;28;29
12512;224;100;28;29;0;0;28;29
12513;252;100;28;29;0;0;28;29
12514;280;100;28;29;0;0;28;29
12515;308;100;28;29;0;0;28;29
12516;336;100;28;29;0;0;28;29
12517;364;100;28;29;0;0;28;29
12518;392;100;28;29;0;0;28;29
12519;420;100;28;29;0;0;28;29
12520;448;100;28;29;0;0;28;29
12521;476;100;28;29;0;0;28;29
12522;504;100;28;29;0;0;28;29
12523;532;100;28;29;0;0;28;29
12524;560;100;28;29;0;0;28;29
12525;588;100;28;29;0;0;28;29
12526;616;100;28;29;0;0;28;29
12527;644;100;28;29;0;0;28;29
12528;672;100;28;29;0;0;28;29
12529;700;100;28;29;0;0;28;29
12530;728;100;28;29;0;0;28;29
12531;756;100;28;29;0;0;28;29
12532;784;100;28;29;0;0;28;29
12533;812;100;28;29;0;0;28;29
12534;840;100;28;29;0;0;28;29
12535;868;100;28;29;0;0;28;29
12536;896;100;28;29;0;0;28;29
12537;924;100;28;29;0;0;28;29
12538;952;100;28;29;0;0;28;29
12540;980;100;28;29;0;0;28;29
12541;1008;100;28;29;0;0;28;29
12542;1036;100;28;29;0;0;28;29
12549;1064;100;28;29;0;0;28;29
12550;1092;100;28;29;0;0;28;29
14615;1120;100;28;29;0;0;28;29
14705;1148;100;28;29;0;0;28;29
17868;1176;100;28;29;0;0;28;29
19968;1204;100;28;29;0;0;28;29
19969;1232;100;28;29;0;0;28;29
19971;1260;100;28;29;0;0;28;29
19975;1288;100;28;29;0;0;28;29
19976;1316;100;28;29;0;0;28;29
19977;1344;100;28;29;0;0;28;29
19978;1372;100;28;29;0;0;28;29
19979;1400;100;28;29;0;0;28;29
19981;1428;100;28;29;0;0;28;29
19982;1456;100;28;29;0;0;28;29
19988;1484;100;28;29;0;0;28;29
19990;1512;100;28;29;0;0;28;29
19992;1540;100;28;29;0;0;28;29
19993;1568;100;28;29;0;0;28;29
20001;1596;100;28;29;0;0;28;29
20006;1624;100;28;29;0;0;28;29
20013;1652;100;28;29;0;0;28;29
20018;1680;100;28;29;0;0;28;29
20024;1708;100;28;29;0;0;28;29
20025;1736;100;28;29;0;0;28;29
20027;1764;100;28;29;0;0;28;29
20028;1792;100;28;29;0;0;28;29
20037;1820;100;28;29;0;0;28;29
20047;1848;100;28;29;0;0;28;29
20055;1876;100;28;29;0;0;28;29
20057;1904;100;28;29;0;0;28;29
20061;1932;100;28;29;0;0;28;29
20062;1960;100;28;29;0;0;28;29
20081;1988;100;28;29;0;0;28;29
20083;2016;100;28;29;0;0;28;29
20094;2044;100;28;29;0;0;28;29
20096;2072;100;28;29;0;0;28;29
20102;2100;100;28;29;0;0;28;29
20104;2128;100;28;29;0;0;28;29
20105;2156;100;28;29;0;0;28;29
20107;2184;100;28;29;0;0;28;29
20108;2212;100;28;29;0;0;28;29
20114;2240;100;28;29;0;0;28;29
20116;2268;100;28;29;0;0;28;29
20117;2296;100;28;29;0;0;28;29
20124;2324;100;28;29;0;0;28;29
20129;2352;100;28;29;0;0;28;29
20132;2380;100;28;29;0;0;28;29
20139;2408;100;28;29;0;0;28;29
20140;2436;100;28;29;0;0;28;29
20141;2464;100;28;29;0;0;28;29
20154;2492;100;28;29;0;0;28;29
20161;2520;100;28;29;0;0;28;29
20170;2548;100;28;29;0;0;28;29
20171;2576;100;28;29;0;0;28;29
20175;2604;100;28;29;0;0;28;29
20181;2632;100;28;29;0;0;28;29
20182;2660;100;28;29;0;0;28;29
20184;2688;100;28;29;0;0;28;29
20185;2716;100;28;29;0;0;28;29
20195;2744;100;28;29;0;0;28;29
20196;2772;100;28;29;0;0;28;29
20197;2800;100;28;29;0;0;28;29
20206;2828;100;28;29;0;0;28;29
20208;2856;100;28;29;0;0;28;29
20210;2884;100;28;29;0;0;28;29
20214;2912;100;28;29;0;0;28;29
20219;2940;100;28;29;0;0;28;29
20225;2968;100;28;29;0;0;28;29
20238;2996;100;28;29;0;0;28;29
20239;3024;100;28;29;0;0;28;29
20240;3052;100;28;29;0;0;28;29
20241;3080;100;28;29;0;0;28;29
20250;3108;100;28;29;0;0;28;29
20253;3136;100;28;29;0;0;28;29
20271;3164;100;28;29;0;0;28;29
20276;3192;100;28;29;0;0;28;29
20280;3220;100;28;29;0;0;28;29
20282;3248;100;28;29;0;0;28;29
20284;3276;100;28;29;0;0;28;29
20294;3304;100;28;29;0;0;28;29
20301;3332;100;28;29;0;0;28;29
20302;3360;100;28;29;0;0;28;29
20303;3388;100;28;29;0;0;28;29
20304;3416;100;28;29;0;0;28;29
20307;3444;100;28;29;0;0;28;29
20309;3472;100;28;29;0;0;28;29
20313;3500;100;28;29;0;0;28;29
20316;3528;100;28;29;0;0;28;29
20339;3556;100;28;29;0;0;28;29
20341;3584;100;28;29;0;0;28;29
20351;3612;100;28;29;0;0;28;29
20363;3640;100;28;29;0;0;28;29
20365;3668;100;28;29;0;0;28;29
20379;3696;100;28;29;0;0;28;29
20381;3724;100;28;29;0;0;28;29
20385;3752;100;28;29;0;0;28;29
20398;3780;100;28;29;0;0;28;29
20399;3808;100;28;29;0;0;28;29
20405;3836;100;28;29;0;0;28;29
20406;3864;100;28;29;0;0;28;29
20415;3892;100;28;29;0;0;28;29
20418;3920;100;28;29;0;0;28;29
20419;3948;100;28;29;0;0;28;29
20426;3976;100;28;29;0;0;28;29
20439;4004;100;28;29;0;0;28;29
20445;4032;100;28;29;0;0;28;29
20449;4060;100;28;29;0;0;28;29
20462;0;129;28;29;0;0;28;29
20467;28;129;28;29;0;0;28;29
20469;56;129;28;29;0;0;28;29
20472;84;129;28;29;0;0;28;29
20474;112;129;28;29;0;0;28;29
20489;140;129;28;29;0;0;28;29
20491;168;129;28;29;0;0;28;29
20493;196;129;28;29;0;0;28;29
20498;224;129;28;29;0;0;28;29
20505;252;129;28;29;0;0;28;29
20511;280;129;28;29;0;0;28;29
20515;308;129;28;29;0;0;28;29
20516;336;129;28;29;0;0;28;29
20523;364;129;28;29;0;0;28;29
20537;392;129;28;29;0;0;28;29
20553;420;129;28;29;0;0;28;29
20559;448;129;28;29;0;0;28;29
20572;476;129;28;29;0;0;28;29
20581;504;129;28;29;0;0;28;29
20596;532;129;28;29;0;0;28;29
20597;560;129;28;29;0;0;28;29
20598;588;129;28;29;0;0;28;29
20605;616;129;28;29;0;0;28;29
20621;644;129;28;29;0;0;28;29
20625;672;129;28;29;0;0;28;29
20632;700;129;28;29;0;0;28;29
20633;728;129;28;29;0;0;28;29
20652;756;129;28;29;0;0;28;29
20658;784;129;28;29;0;0;28;29
20661;812;129;28;29;0;0;28;29
20663;840;129;28;29;0;0;28;29
20670;868;129;28;29;0;0;28;29
20677;896;129;28;29;0;0;28;29
20685;924;129;28;29;0;0;28;29
20687;952;129;28;29;0;0;28;29
20693;980;129;28;29;0;0;28;29
20698;1008;129;28;29;0;0;28;29
20711;1036;129;28;29;0;0;28;29
20736;1064;129;28;29;0;0;28;29
20740;1092;129;28;29;0;0;28;29
20754;1120;129;28;29;0;0;28;29
20767;1148;129;28;29;0;0;28;29
20778;1176;129;28;29;0;0;28;29
20803;1204;129;28;29;0;0;28;29
20804;1232;129;28;29;0;0;28;29
20805;1260;129;28;29;0;0;28;29
20806;1288;129;28;29;0;0;28;29
20808;1316;129;28;29;0;0;28;29
20809;1344;129;28;29;0;0;28;29
20811;1372;129;28;29;0;0;28;29
20813;1400;129;28;29;0;0;28;29
20816;1428;129;28;29;0;0;28;29
20826;1456;129;28;29;0;0;28;29
20837;1484;129;28;29;0;0;28;29
20840;1512;129;28;29;0;0;28;29
20843;1540;129;28;29;0;0;28;29
20844;1568;129;28;29;0;0;28;29
20845;1596;129;28;29;0;0;28;29
20849;1624;129;28;29;0;0;28;29
20853;1652;129;28;29;0;0;28;29
20855;1680;129;28;29;0;0;28;29
20856;1708;129;28;29;0;0;28;29
20860;1736;129;28;29;0;0;28;29
20869;1764;129;28;29;0;0;28;29
20870;1792;129;28;29;0;0;28;29
20874;1820;129;28;29;0;0;28;29
20877;1848;129;28;29;0;0;28;29
20882;1876;129;28;29;0;0;28;29
20887;1904;129;28;29;0;0;28;29
20889;1932;129;28;29;0;0;28;29
20896;1960;129;28;29;0;0;28;29
20901;1988;129;28;29;0;0;28;29
20908;2016;129;28;29;0;0;28;29
20918;2044;129;28;29;0;0;28;29
20919;2072;129;28;29;0;0;28;29
20932;2100;129;28;29;0;0;28;29
20934;2128;129;28;29;0;0;28;29
20941;2156;129;28;29;0;0;28;29
20957;2184;129;28;29;0;0;28;29
20961;2212;129;28;29;0;0;28;29
20966;2240;129;28;29;0;0;28;29
20982;2268;129;28;29;0;0;28;29
20984;2296;129;28;29;0;0;28;29
20985;2324;129;28;29;0;0;28;29
20986;2352;129;28;29;0;0;28;29
20992;2380;129;28;29;0;0;28;29
20995;2408;129;28;29;0;0;28;29
20998;2436;129;28;29;0;0;28;29
20999;2464;129;28;29;0;0;28;29
21000;2492;129;28;29;0;0;28;29
21002;2520;129;28;29;0;0;28;29
21009;2548;129;28;29;0;0;28;29
21015;2576;129;28;29;0;0;28;29
21021;2604;129;28;29;0;0;28;29
21028;2632;129;28;29;0;0;28;29
21029;2660;129;28;29;0;0;28;29
21033;2688;129;28;29;0;0;28;29
21040;2716;129;28;29;0;0;28;29
21046;2744;129;28;29;0;0;28;29
21047;2772;129;28;29;0;0;28;29
21048;2800;129;28;29;0;0;28;29
21049;2828;129;28;29;0;0;28;29
21050;2856;129;28;29;0;0;28;29
21051;2884;129;28;29;0;0;28;29
21063;2912;129;28;29;0;0;28;29
21066;2940;129;28;29;0;0;28;29
21069;2968;129;28;29;0;0;28;29
21078;2996;129;28;29;0;0;28;29
21083;3024;129;28;29;0;0;28;29
21085;3052;129;28;29;0;0;28;29
21091;3080;129;28;29;0;0;28;29
21092;3108;129;28;29;0;0;28;29
21103;3136;129;28;29;0;0;28;29
21104;3164;129;28;29;0;0;28;29
21106;3192;129;28;29;0;0;28;29
21109;3220;129;28;29;0;0;28;29
21127;3248;129;28;29;0;0;28;29
21147;3276;129;28;29;0;0;28;29
21151;3304;129;28;29;0;0;28;29
21152;3332;129;28;29;0;0;28;29
21155;3360;129;28;29;0;0;28;29
21161;3388;129;28;29;0;0;28;29
21162;3416;129;28;29;0;0;28;29
21169;3444;129;28;29;0;0;28;29
21172;3472;129;28;29;0;0;28;29
21177;3500;129;28;29;0;0;28;29
21182;3528;129;28;29;0;0;28;29
21187;3556;129;28;29;0;0;28;29
21189;3584;129;28;29;0;0;28;29
21191;3612;129;28;29;0;0;28;29
21193;3640;129;28;29;0;0;28;29
21205;3668;129;28;29;0;0;28;29
21208;3696;129;28;29;0;0;28;29
21209;3724;129;28;29;0;0;28;29
21213;3752;129;28;29;0;0;28;29
21215;3780;129;28;29;0;0;28;29
21218;3808;129;28;29;0;0;28;29
21220;3836;129;28;29;0;0;28;29
21223;3864;129;28;29;0;0;28;29
21234;3892;129;28;29;0;0;28;29
21246;3920;129;28;29;0;0;28;29
21250;3948;129;28;29;0;0;28;29
21253;3976;129;28;29;0;0;28;29
21270;4004;129;28;29;0;0;28;29
21271;4032;129;28;29;0;0;28;29
21280;4060;129;28;29;0;0;28;29
21305;0;158;28;29;0;0;28;29
21306;28;158;28;29;0;0;28;29
21307;56;158;28;29;0;0;28;29
21311;84;158;28;29;0;0;28;29
21313;112;158;28;29;0;0;28;29
21315;140;158;28;29;0;0;28;29
21319;168;158;28;29;0;0;28;29
21320;196;158;28;29;0;0;28;29
21322;224;158;28;29;0;0;28;29
21329;252;158;28;29;0;0;28;29
21330;280;158;28;29;0;0;28;29
21331;308;158;28;29;0;0;28;29
21332;336;158;28;29;0;0;28;29
21335;364;158;28;29;0;0;28;29
21336;392;158;28;29;0;0;28;29
21338;420;158;28;29;0;0;28;29
21344;448;158;28;29;0;0;28;29
21360;476;158;28;29;0;0;28;29
21361;504;158;28;29;0;0;28;29
21363;532;158;28;29;0;0;28;29
21364;560;158;28;29;0;0;28;29
21365;588;158;28;29;0;0;28;29
21368;616;158;28;29;0;0;28;29
21380;644;158;28;29;0;0;28;29
21400;672;158;28;29;0;0;28;29
21402;700;158;28;29;0;0;28;29
21407;728;158;28;29;0;0;28;29
21427;756;158;28;29;0;0;28;29
21435;784;158;28;29;0;0;28;29
21442;812;158;28;29;0;0;28;29
21448;840;158;28;29;0;0;28;29
21450;868;158;28;29;0;0;28;29
21451;896;158;28;29;0;0;28;29
21452;924;158;28;29;0;0;28;29
21453;952;158;28;29;0;0;28;29
21454;980;158;28;29;0;0;28;29
21460;1008;158;28;29;0;0;28;29
21462;1036;158;28;29;0;0;28;29
21463;1064;158;28;29;0;0;28;29
21465;1092;158;28;29;0;0;28;29
21475;1120;158;28;29;0;0;28;29
21476;1148;158;28;29;0;0;28;29
21477;1176;158;28;29;0;0;28;29
21483;1204;158;28;29;0;0;28;29
21484;1232;158;28;29;0;0;28;29
21487;1260;158;28;29;0;0;28;29
21488;1288;158;28;29;0;0;28;29
21490;1316;158;28;29;0;0;28;29
21491;1344;158;28;29;0;0;28;29
21495;1372;158;28;29;0;0;28;29
21496;1400;158;28;29;0;0;28;29
21508;1428;158;28;29;0;0;28;29
21512;1456;158;28;29;0;0;28;29
21513;1484;158;28;29;0;0;28;29
21516;1512;158;28;29;0;0;28;29
21517;1540;158;28;29;0;0;28;29
21518;1568;158;28;29;0;0;28;29
21519;1596;158;28;29;0;0;28;29
21520;1624;158;28;29;0;0;28;29
21521;1652;158;28;29;0;0;28;29
21531;1680;158;28;29;0;0;28;29
21535;1708;158;28;29;0;0;28;29
21542;1736;158;28;29;0;0;28;29
21547;1764;158;28;29;0;0;28;29
21560;1792;158;28;29;0;0;28;29
21561;1820;158;28;29;0;0;28;29
21570;1848;158;28;29;0;0;28;29
21576;1876;158;28;29;0;0;28;29
21577;1904;158;28;29;0;0;28;29
21578;1932;158;28;29;0;0;28;29
21608;1960;158;28;29;0;0;28;29
21610;1988;158;28;29;0;0;28;29
21619;2016;158;28;29;0;0;28;29
21628;2044;158;28;29;0;0;28;29
21629;2072;158;28;29;0;0;28;29
21644;2100;158;28;29;0;0;28;29
21682;2128;158;28;29;0;0;28;29
21693;2156;158;28;29;0;0;28;29
21696;2184;158;28;29;0;0;28;29
21697;2212;158;28;29;0;0;28;29
21729;2240;158;28;29;0;0;28;29
21746;2268;158;28;29;0;0;28;29
21754;2296;158;28;29;0;0;28;29
21764;2324;158;28;29;0;0;28;29
21766;2352;158;28;29;0;0;28;29
21767;2380;158;28;29;0;0;28;29
21776;2408;158;28;29;0;0;28;29
21807;2436;158;28;29;0;0;28;29
21809;2464;158;28;29;0;0;28;29
21822;2492;158;28;29;0;0;28;29
21830;2520;158;28;29;0;0;28;29
21839;2548;158;28;29;0;0;28;29
21843;2576;158;28;29;0;0;28;29
21892;2604;158;28;29;0;0;28;29
21897;2632;158;28;29;0;0;28;29
21914;2660;158;28;29;0;0;28;29
21916;2688;158;28;29;0;0;28;29
21917;2716;158;28;29;0;0;28;29
21929;2744;158;28;29;0;0;28;29
21930;2772;158;28;29;0;0;28;29
21931;2800;158;28;29;0;0;28;29
21942;2828;158;28;29;0;0;28;29
21957;2856;158;28;29;0;0;28;29
21987;2884;158;28;29;0;0;28;29
22022;2912;158;28;29;0;0;28;29
22065;2940;158;28;29;0;0;28;29
22066;2968;158;28;29;0;0;28;29
22120;2996;158;28;29;0;0;28;29
22132;3024;158;28;29;0;0;28;29
22151;3052;158;28;29;0;0;28;29
22234;3080;158;28;29;0;0;28;29
22235;3108;158;28;29;0;0;28;29
22238;3136;158;28;29;0;0;28;29
22240;3164;158;28;29;0;0;28;29
22243;3192;158;28;29;0;0;28;29
22256;3220;158;28;29;0;0;28;29
22258;3248;158;28;29;0;0;28;29
22259;3276;158;28;29;0;0;28;29
22266;3304;158;28;29;0;0;28;29
22269;3332;158;28;29;0;0;28;29
22287;3360;158;28;29;0;0;28;29
22290;3388;158;28;29;0;0;28;29
22303;3416;158;28;29;0;0;28;29
22311;3444;158;28;29;0;0;28;29
22312;3472;158;28;29;0;0;28;29
22320;3500;158;28;29;0;0;28;29
22338;3528;158;28;29;0;0;28;29
22343;3556;158;28;29;0;0;28;29
22346;3584;158;28;29;0;0;28;29
22353;3612;158;28;29;0;0;28;29
22378;3640;158;28;29;0;0;28;29
22402;3668;158;28;29;0;0;28;29
22411;3696;158;28;29;0;0;28;29
22435;3724;158;28;29;0;0;28;29
22475;3752;158;28;29;0;0;28;29
22478;3780;158;28;29;0;0;28;29
22495;3808;158;28;29;0;0;28;29
22519;3836;158;28;29;0;0;28;29
22521;3864;158;28;29;0;0;28;29
22522;3892;158;28;29;0;0;28;29
22524;3920;158;28;29;0;0;28;29
22528;3948;158;28;29;0;0;28;29
22530;3976;158;28;29;0;0;28;29
22533;4004;158;28;29;0;0;28;29
22534;4032;158;28;29;0;0;28;29
22549;4060;158;28;29;0;0;28;29
22564;0;187;28;29;0;0;28;29
22570;28;187;28;29;0;0;28;29
22577;56;187;28;29;0;0;28;29
22580;84;187;28;29;0;0;28;29
22592;112;187;28;29;0;0;28;29
22593;140;187;28;29;0;0;28;29
22602;168;187;28;29;0;0;28;29
22609;196;187;28;29;0;0;28;29
22612;224;187;28;29;0;0;28;29
22615;252;187;28;29;0;0;28;29
22618;280;187;28;29;0;0;28;29
22622;308;187;28;29;0;0;28;29
22625;336;187;28;29;0;0;28;29
22633;364;187;28;29;0;0;28;29
22654;392;187;28;29;0;0;28;29
22659;420;187;28;29;0;0;28;29
22675;448;187;28;29;0;0;28;29
22679;476;187;28;29;0;0;28;29
22684;504;187;28;29;0;0;28;29
22696;532;187;28;29;0;0;28;29
22707;560;187;28;29;0;0;28;29
22718;588;187;28;29;0;0;28;29
22721;616;187;28;29;0;0;28;29
22727;644;187;28;29;0;0;28;29
22730;672;187;28;29;0;0;28;29
22732;700;187;28;29;0;0;28;29
22763;728;187;28;29;0;0;28;29
22766;756;187;28;29;0;0;28;29
22768;784;187;28;29;0;0;28;29
22769;812;187;28;29;0;0;28;29
22770;840;187;28;29;0;0;28;29
22793;868;187;28;29;0;0;28;29
22799;896;187;28;29;0;0;28;29
22805;924;187;28;29;0;0;28;29
22806;952;187;28;29;0;0;28;29
22810;980;187;28;29;0;0;28;29
22812;1008;187;28;29;0;0;28;29
22818;1036;187;28;29;0;0;28;29
22823;1064;187;28;29;0;0;28;29
22825;1092;187;28;29;0;0;28;29
22826;1120;187;28;29;0;0;28;29
22827;1148;187;28;29;0;0;28;29
22830;1176;187;28;29;0;0;28;29
22833;1204;187;28;29;0;0;28;29
22855;1232;187;28;29;0;0;28;29
22856;1260;187;28;29;0;0;28;29
22857;1288;187;28;29;0;0;28;29
22863;1316;187;28;29;0;0;28;29
22865;1344;187;28;29;0;0;28;29
22868;1372;187;28;29;0;0;28;29
22885;1400;187;28;29;0;0;28;29
22888;1428;187;28;29;0;0;28;29
22890;1456;187;28;29;0;0;28;29
22894;1484;187;28;29;0;0;28;29
22899;1512;187;28;29;0;0;28;29
22900;1540;187;28;29;0;0;28;29
22909;1568;187;28;29;0;0;28;29
22914;1596;187;28;29;0;0;28;29
22915;1624;187;28;29;0;0;28;29
22916;1652;187;28;29;0;0;28;29
22922;1680;187;28;29;0;0;28;29
22934;1708;187;28;29;0;0;28;29
22937;1736;187;28;29;0;0;28;29
22949;1764;187;28;29;0;0;28;29
22952;1792;187;28;29;0;0;28;29
22956;1820;187;28;29;0;0;28;29
22969;1848;187;28;29;0;0;28;29
22971;1876;187;28;29;0;0;28;29
22985;1904;187;28;29;0;0;28;29
22987;1932;187;28;29;0;0;28;29
22995;1960;187;28;29;0;0;28;29
22996;1988;187;28;29;0;0;28;29
23019;2016;187;28;29;0;0;28;29
23035;2044;187;28;29;0;0;28;29
23039;2072;187;28;29;0;0;28;29
23041;2100;187;28;29;0;0;28;29
23064;2128;187;28;29;0;0;28;29
23072;2156;187;28;29;0;0;28;29
23087;2184;187;28;29;0;0;28;29
23110;2212;187;28;29;0;0;28;29
23130;2240;187;28;29;0;0;28;29
23142;2268;187;28;29;0;0;28;29
23167;2296;187;28;29;0;0;28;29
23186;2324;187;28;29;0;0;28;29
23195;2352;187;28;29;0;0;28;29
23233;2380;187;28;29;0;0;28;29
23241;2408;187;28;29;0;0;28;29
23244;2436;187;28;29;0;0;28;29
23265;2464;187;28;29;0;0;28;29
23330;2492;187;28;29;0;0;28;29
23376;2520;187;28;29;0;0;28;29
23380;2548;187;28;29;0;0;28;29
23383;2576;187;28;29;0;0;28;29
23384;2604;187;28;29;0;0;28;29
23389;2632;187;28;29;0;0;28;29
23395;2660;187;28;29;0;0;28;29
23396;2688;187;28;29;0;0;28;29
23398;2716;187;28;29;0;0;28;29
23403;2744;187;28;29;0;0;28;29
23429;2772;187;28;29;0;0;28;29
23431;2800;187;28;29;0;0;28;29
23432;2828;187;28;29;0;0;28;29
23433;2856;187;28;29;0;0;28;29
23436;2884;187;28;29;0;0;28;29
23447;2912;187;28;29;0;0;28;29
23448;2940;187;28;29;0;0;28;29
23449;2968;187;28;29;0;0;28;29
23450;2996;187;28;29;0;0;28;29
23451;3024;187;28;29;0;0;28;29
23452;3052;187;28;29;0;0;28;29
23453;3080;187;28;29;0;0;28;29
23455;3108;187;28;29;0;0;28;29
23458;3136;187;28;29;0;0;28;29
23459;3164;187;28;29;0;0;28;29
23460;3192;187;28;29;0;0;28;29
23470;3220;187;28;29;0;0;28;29
23472;3248;187;28;29;0;0;28;29
23475;3276;187;28;29;0;0;28;29
23476;3304;187;28;29;0;0;28;29
23477;3332;187;28;29;0;0;28;29
23478;3360;187;28;29;0;0;28;29
23481;3388;187;28;29;0;0;28;29
23487;3416;187;28;29;0;0;28;29
23490;3444;187;28;29;0;0;28;29
23492;3472;187;28;29;0;0;28;29
23494;3500;187;28;29;0;0;28;29
23500;3528;187;28;29;0;0;28;29
23506;3556;187;28;29;0;0;28;29
23515;3584;187;28;29;0;0;28;29
23517;3612;187;28;29;0;0;28;29
23519;3640;187;28;29;0;0;28;29
23521;3668;187;28;29;0;0;28;29
23527;3696;187;28;29;0;0;28;29
23529;3724;187;28;29;0;0;28;29
23534;3752;187;28;29;0;0;28;29
23544;3780;187;28;29;0;0;28;29
23546;3808;187;28;29;0;0;28;29
23550;3836;187;28;29;0;0;28;29
23551;3864;187;28;29;0;0;28;29
23553;3892;187;28;29;0;0;28;29
23554;3920;187;28;29;0;0;28;29
23556;3948;187;28;29;0;0;28;29
23558;3976;187;28;29;0;0;28;29
23561;4004;187;28;29;0;0;28;29
23562;4032;187;28;29;0;0;28;29
23563;4060;187;28;29;0;0;28;29
23566;0;216;28;29;0;0;28;29
23567;28;216;28;29;0;0;28;29
23569;56;216;28;29;0;0;28;29
23578;84;216;28;29;0;0;28;29
23601;112;216;28;29;0;0;28;29
23610;140;216;28;29;0;0;28;29
23611;168;216;28;29;0;0;28;29
23612;196;216;28;29;0;0;28;29
23613;224;216;28;29;0;0;28;29
23614;252;216;28;29;0;0;28;29
23615;280;216;28;29;0;0;28;29
23616;308;216;28;29;0;0;28;29
23621;336;216;28;29;0;0;28;29
23624;364;216;28;29;0;0;28;29
23626;392;216;28;29;0;0;28;29
23627;420;216;28;29;0;0;28;29
23637;448;216;28;29;0;0;28;29
23646;476;216;28;29;0;0;28;29
23652;504;216;28;29;0;0;28;29
23653;532;216;28;29;0;0;28;29
23663;560;216;28;29;0;0;28;29
23665;588;216;28;29;0;0;28;29
23696;616;216;28;29;0;0;28;29
23713;644;216;28;29;0;0;28;29
23721;672;216;28;29;0;0;28;29
23724;700;216;28;29;0;0;28;29
23731;728;216;28;29;0;0;28;29
23736;756;216;28;29;0;0;28;29
23776;784;216;28;29;0;0;28;29
23777;812;216;28;29;0;0;28;29
23792;840;216;28;29;0;0;28;29
23798;868;216;28;29;0;0;28;29
23815;896;216;28;29;0;0;28;29
23822;924;216;28;29;0;0;28;29
23830;952;216;28;29;0;0;28;29
23849;980;216;28;29;0;0;28;29
23888;1008;216;28;29;0;0;28;29
24029;1036;216;28;29;0;0;28;29
24030;1064;216;28;29;0;0;28;29
24033;1092;216;28;29;0;0;28;29
24035;1120;216;28;29;0;0;28;29
24037;1148;216;28;29;0;0;28;29
24038;1176;216;28;29;0;0;28;29
24039;1204;216;28;29;0;0;28;29
24040;1232;216;28;29;0;0;28;29
24046;1260;216;28;29;0;0;28;29
24049;1288;216;28;29;0;0;28;29
24059;1316;216;28;29;0;0;28;29
24062;1344;216;28;29;0;0;28;29
24066;1372;216;28;29;0;0;28;29
24067;1400;216;28;29;0;0;28;29
24070;1428;216;28;29;0;0;28;29
24076;1456;216;28;29;0;0;28;29
24093;1484;216;28;29;0;0;28;29
24101;1512;216;28;29;0;0;28;29
24107;1540;216;28;29;0;0;28;29
24109;1568;216;28;29;0;0;28;29
24111;1596;216;28;29;0;0;28;29
24112;1624;216;28;29;0;0;28;29
24115;1652;216;28;29;0;0;28;29
24120;1680;216;28;29;0;0;28;29
24125;1708;216;28;29;0;0;28;29
24133;1736;216;28;29;0;0;28;29
24149;1764;216;28;29;0;0;28;29
24163;1792;216;28;29;0;0;28;29
24178;1820;216;28;29;0;0;28;29
24179;1848;216;28;29;0;0;28;29
24180;1876;216;28;29;0;0;28;29
24184;1904;216;28;29;0;0;28;29
24185;1932;216;28;29;0;0;28;29
24187;1960;216;28;29;0;0;28;29
24188;1988;216;28;29;0;0;28;29
24189;2016;216;28;29;0;0;28;29
24190;2044;216;28;29;0;0;28;29
24193;2072;216;28;29;0;0;28;29
24195;2100;216;28;29;0;0;28;29
24202;2128;216;28;29;0;0;28;29
24207;2156;216;28;29;0;0;28;29
24213;2184;216;28;29;0;0;28;29
24215;2212;216;28;29;0;0;28;29
24220;2240;216;28;29;0;0;28;29
24230;2268;216;28;29;0;0;28;29
24231;2296;216;28;29;0;0;28;29
24235;2324;216;28;29;0;0;28;29
24237;2352;216;28;29;0;0;28;29
24246;2380;216;28;29;0;0;28;29
24247;2408;216;28;29;0;0;28;29
24248;2436;216;28;29;0;0;28;29
24259;2464;216;28;29;0;0;28;29
24265;2492;216;28;29;0;0;28;29
24266;2520;216;28;29;0;0;28;29
24310;2548;216;28;29;0;0;28;29
24311;2576;216;28;29;0;0;28;29
24314;2604;216;28;29;0;0;28;29
24321;2632;216;28;29;0;0;28;29
24324;2660;216;28;29;0;0;28;29
24330;2688;216;28;29;0;0;28;29
24335;2716;216;28;29;0;0;28;29
24336;2744;216;28;29;0;0;28;29
24339;2772;216;28;29;0;0;28;29
24340;2800;216;28;29;0;0;28;29
24341;2828;216;28;29;0;0;28;29
24351;2856;216;28;29;0;0;28;29
24357;2884;216;28;29;0;0;28;29
24358;2912;216;28;29;0;0;28;29
24359;2940;216;28;29;0;0;28;29
24369;2968;216;28;29;0;0;28;29
24373;2996;216;28;29;0;0;28;29
24375;3024;216;28;29;0;0;28;29
24382;3052;216;28;29;0;0;28;29
24403;3080;216;28;29;0;0;28;29
24409;3108;216;28;29;0;0;28;29
24418;3136;216;28;29;0;0;28;29
24425;3164;216;28;29;0;0;28;29
24427;3192;216;28;29;0;0;28;29
24432;3220;216;28;29;0;0;28;29
24433;3248;216;28;29;0;0;28;29
24441;3276;216;28;29;0;0;28;29
24444;3304;216;28;29;0;0;28;29
24448;3332;216;28;29;0;0;28;29
24449;3360;216;28;29;0;0;28;29
24452;3388;216;28;29;0;0;28;29
24453;3416;216;28;29;0;0;28;29
24459;3444;216;28;29;0;0;28;29
24460;3472;216;28;29;0;0;28;29
24464;3500;216;28;29;0;0;28;29
24466;3528;216;28;29;0;0;28;29
24467;3556;216;28;29;0;0;28;29
24471;3584;216;28;29;0;0;28;29
24481;3612;216;28;29;0;0;28;29
24489;3640;216;28;29;0;0;28;29
24490;3668;216;28;29;0;0;28;29
24494;3696;216;28;29;0;0;28;29
24499;3724;216;28;29;0;0;28;29
24500;3752;216;28;29;0;0;28;29
24505;3780;216;28;29;0;0;28;29
24515;3808;216;28;29;0;0;28;29
24517;3836;216;28;29;0;0;28;29
24524;3864;216;28;29;0;0;28;29
24525;3892;216;28;29;0;0;28;29
24535;3920;216;28;29;0;0;28;29
24536;3948;216;28;29;0;0;28;29
24537;3976;216;28;29;0;0;28;29
24540;4004;216;28;29;0;0;28;29
24544;4032;216;28;29;0;0;28;29
24555;4060;216;28;29;0;0;28;29
24565;0;245;28;29;0;0;28;29
24594;28;245;28;29;0;0;28;29
24598;56;245;28;29;0;0;28;29
24605;84;245;28;29;0;0;28;29
24608;112;245;28;29;0;0;28;29
24613;140;245;28;29;0;0;28;29
24615;168;245;28;29;0;0;28;29
24616;196;245;28;29;0;0;28;29
24618;224;245;28;29;0;0;28;29
24651;252;245;28;29;0;0;28;29
24656;280;245;28;29;0;0;28;29
24658;308;245;28;29;0;0;28;29
24675;336;245;28;29;0;0;28;29
24677;364;245;28;29;0;0;28;29
24680;392;245;28;29;0;0;28;29
24681;420;245;28;29;0;0;28;29
24685;448;245;28;29;0;0;28;29
24687;476;245;28;29;0;0;28;29
24693;504;245;28;29;0;0;28;29
24724;532;245;28;29;0;0;28;29
24735;560;245;28;29;0;0;28;29
24736;588;245;28;29;0;0;28;29
24739;616;245;28;29;0;0;28;29
24742;644;245;28;29;0;0;28;29
24745;672;245;28;29;0;0;28;29
24746;700;245;28;29;0;0;28;29
24754;728;245;28;29;0;0;28;29
24764;756;245;28;29;0;0;28;29
24773;784;245;28;29;0;0;28;29
24785;812;245;28;29;0;0;28;29
24796;840;245;28;29;0;0;28;29
24807;868;245;28;29;0;0;28;29
24808;896;245;28;29;0;0;28;29
24816;924;245;28;29;0;0;28;29
24819;952;245;28;29;0;0;28;29
24833;980;245;28;29;0;0;28;29
24841;1008;245;28;29;0;0;28;29
24847;1036;245;28;29;0;0;28;29
24858;1064;245;28;29;0;0;28;29
24859;1092;245;28;29;0;0;28;29
24863;1120;245;28;29;0;0;28;29
24900;1148;245;28;29;0;0;28;29
24904;1176;245;28;29;0;0;28;29
24907;1204;245;28;29;0;0;28;29
24908;1232;245;28;29;0;0;28;29
24910;1260;245;28;29;0;0;28;29
24917;1288;245;28;29;0;0;28;29
24930;1316;245;28;29;0;0;28;29
24931;1344;245;28;29;0;0;28;29
24936;1372;245;28;29;0;0;28;29
24942;1400;245;28;29;0;0;28;29
24944;1428;245;28;29;0;0;28;29
24950;1456;245;28;29;0;0;28;29
24962;1484;245;28;29;0;0;28;29
24974;1512;245;28;29;0;0;28;29
24996;1540;245;28;29;0;0;28;29
24999;1568;245;28;29;0;0;28;29
25001;1596;245;28;29;0;0;28;29
25004;1624;245;28;29;0;0;28;29
25010;1652;245;28;29;0;0;28;29
25014;1680;245;28;29;0;0;28;29
25022;1708;245;28;29;0;0;28;29
25031;1736;245;28;29;0;0;28;29
25040;1764;245;28;29;0;0;28;29
25074;1792;245;28;29;0;0;28;29
25080;1820;245;28;29;0;0;28;29
25104;1848;245;28;29;0;0;28;29
25105;1876;245;28;29;0;0;28;29
25106;1904;245;28;29;0;0;28;29
25114;1932;245;28;29;0;0;28;29
25126;1960;245;28;29;0;0;28;29
25135;1988;245;28;29;0;0;28;29
25140;2016;245;28;29;0;0;28;29
25144;2044;245;28;29;0;0;28;29
25147;2072;245;28;29;0;0;28;29
25151;2100;245;28;29;0;0;28;29
25152;2128;245;28;29;0;0;28;29
25159;2156;245;28;29;0;0;28;29
25161;2184;245;28;29;0;0;28;29
25163;2212;245;28;29;0;0;28;29
25165;2240;245;28;29;0;0;28;29
25171;2268;245;28;29;0;0;28;29
25173;2296;245;28;29;0;0;28;29
25201;2324;245;28;29;0;0;28;29
25206;2352;245;28;29;0;0;28;29
25209;2380;245;28;29;0;0;28;29
25215;2408;245;28;29;0;0;28;29
25216;2436;245;28;29;0;0;28;29
25220;2464;245;28;29;0;0;28;29
25226;2492;245;28;29;0;0;28;29
25233;2520;245;28;29;0;0;28;29
25237;2548;245;28;29;0;0;28;29
25239;2576;245;28;29;0;0;28;29
25240;2604;245;28;29;0;0;28;29
25244;2632;245;28;29;0;0;28;29
25246;2660;245;28;29;0;0;28;29
25259;2688;245;28;29;0;0;28;29
25265;2716;245;28;29;0;0;28;29
25269;2744;245;28;29;0;0;28;29
25273;2772;245;28;29;0;0;28;29
25276;2800;245;28;29;0;0;28;29
25277;2828;245;28;29;0;0;28;29
25285;2856;245;28;29;0;0;28;29
25289;2884;245;28;29;0;0;28;29
25293;2912;245;28;29;0;0;28;29
25296;2940;245;28;29;0;0;28;29
25298;2968;245;28;29;0;0;28;29
25299;2996;245;28;29;0;0;28;29
25304;3024;245;28;29;0;0;28;29
25305;3052;245;28;29;0;0;28;29
25307;3080;245;28;29;0;0;28;29
25309;3108;245;28;29;0;0;28;29
25312;3136;245;28;29;0;0;28;29
25313;3164;245;28;29;0;0;28;29
25324;3192;245;28;29;0;0;28;29
25325;3220;245;28;29;0;0;28;29
25331;3248;245;28;29;0;0;28;29
25334;3276;245;28;29;0;0;28;29
25335;3304;245;28;29;0;0;28;29
25342;3332;245;28;29;0;0;28;29
25345;3360;245;28;29;0;0;28;29
25351;3388;245;28;29;0;0;28;29
25361;3416;245;28;29;0;0;28;29
25369;3444;245;28;29;0;0;28;29
25375;3472;245;28;29;0;0;28;29
25384;3500;245;28;29;0;0;28;29
25387;3528;245;28;29;0;0;28;29
25391;3556;245;28;29;0;0;28;29
25407;3584;245;28;29;0;0;28;29
25417;3612;245;28;29;0;0;28;29
25429;3640;245;28;29;0;0;28;29
25431;3668;245;28;29;0;0;28;29
25436;3696;245;28;29;0;0;28;29
25448;3724;245;28;29;0;0;28;29
25454;3752;245;28;29;0;0;28;29
25467;3780;245;28;29;0;0;28;29
25475;3808;245;28;29;0;0;28;29
25480;3836;245;28;29;0;0;28;29
25484;3864;245;28;29;0;0;28;29
25490;3892;245;28;29;0;0;28;29
25496;3920;245;28;29;0;0;28;29
25499;3948;245;28;29;0;0;28;29
25505;3976;245;28;29;0;0;28;29
25506;4004;245;28;29;0;0;28;29
25509;4032;245;28;29;0;0;28;29
25511;4060;245;28;29;0;0;28;29
25512;0;274;28;29;0;0;28;29
25514;28;274;28;29;0;0;28;29
25522;56;274;28;29;0;0;28;29
25551;84;274;28;29;0;0;28;29
25552;112;274;28;29;0;0;28;29
25562;140;274;28;29;0;0;28;29
25563;168;274;28;29;0;0;28;29
25569;196;274;28;29;0;0;28;29
25582;224;274;28;29;0;0;28;29
25588;252;274;28;29;0;0;28;29
25594;280;274;28;29;0;0;28;29
25613;308;274;28;29;0;0;28;29
25644;336;274;28;29;0;0;28;29
25645;364;274;28;29;0;0;28;29
25658;392;274;28;29;0;0;28;29
25662;420;274;28;29;0;0;28;29
25666;448;274;28;29;0;0;28;29
25688;476;274;28;29;0;0;28;29
25705;504;274;28;29;0;0;28;29
25711;532;274;28;29;0;0;28;29
25731;560;274;28;29;0;0;28;29
25764;588;274;28;29;0;0;28;29
25774;616;274;28;29;0;0;28;29
25778;644;274;28;29;0;0;28;29
25793;672;274;28;29;0;0;28;29
25805;700;274;28;29;0;0;28;29
25830;728;274;28;29;0;0;28;29
25836;756;274;28;29;0;0;28;29
25903;784;274;28;29;0;0;28;29
25913;812;274;28;29;0;0;28;29
25915;840;274;28;29;0;0;28;29
25918;868;274;28;29;0;0;28;29
25919;896;274;28;29;0;0;28;29
25925;924;274;28;29;0;0;28;29
25935;952;274;28;29;0;0;28;29
25937;980;274;28;29;0;0;28;29
25943;1008;274;28;29;0;0;28;29
25945;1036;274;28;29;0;0;28;29
25954;1064;274;28;29;0;0;28;29
25955;1092;274;28;29;0;0;28;29
25964;1120;274;28;29;0;0;28;29
25968;1148;274;28;29;0;0;28;29
25972;1176;274;28;29;0;0;28;29
25973;1204;274;28;29;0;0;28;29
25975;1232;274;28;29;0;0;28;29
25991;1260;274;28;29;0;0;28;29
25993;1288;274;28;29;0;0;28;29
25998;1316;274;28;29;0;0;28;29
26001;1344;274;28;29;0;0;28;29
26007;1372;274;28;29;0;0;28;29
26009;1400;274;28;29;0;0;28;29
26012;1428;274;28;29;0;0;28;29
26020;1456;274;28;29;0;0;28;29
26021;1484;274;28;29;0;0;28;29
26028;1512;274;28;29;0;0;28;29
26029;1540;274;28;29;0;0;28;29
26032;1568;274;28;29;0;0;28;29
26041;1596;274;28;29;0;0;28;29
26045;1624;274;28;29;0;0;28;29
26053;1652;274;28;29;0;0;28;29
26059;1680;274;28;29;0;0;28;29
26063;1708;274;28;29;0;0;28;29
26071;1736;274;28;29;0;0;28;29
26082;1764;274;28;29;0;0;28;29
26085;1792;274;28;29;0;0;28;29
26086;1820;274;28;29;0;0;28;29
26087;1848;274;28;29;0;0;28;29
26088;1876;274;28;29;0;0;28;29
26089;1904;274;28;29;0;0;28;29
26092;1932;274;28;29;0;0;28;29
26106;1960;274;28;29;0;0;28;29
26118;1988;274;28;29;0;0;28;29
26119;2016;274;28;29;0;0;28;29
26126;2044;274;28;29;0;0;28;29
26131;2072;274;28;29;0;0;28;29
26132;2100;274;28;29;0;0;28;29
26143;2128;274;28;29;0;0;28;29
26144;2156;274;28;29;0;0;28;29
26149;2184;274;28;29;0;0;28;29
26151;2212;274;28;29;0;0;28;29
26152;2240;274;28;29;0;0;28;29
26157;2268;274;28;29;0;0;28;29
26159;2296;274;28;29;0;0;28;29
26172;2324;274;28;29;0;0;28;29
26178;2352;274;28;29;0;0;28;29
26217;2380;274;28;29;0;0;28;29
26222;2408;274;28;29;0;0;28;29
26223;2436;274;28;29;0;0;28;29
26228;2464;274;28;29;0;0;28;29
26230;2492;274;28;29;0;0;28;29
26241;2520;274;28;29;0;0;28;29
26247;2548;274;28;29;0;0;28;29
26257;2576;274;28;29;0;0;28;29
26262;2604;274;28;29;0;0;28;29
26263;2632;274;28;29;0;0;28;29
26278;2660;274;28;29;0;0;28;29
26283;2688;274;28;29;0;0;28;29
26286;2716;274;28;29;0;0;28;29
26292;2744;274;28;29;0;0;28;29
26311;2772;274;28;29;0;0;28;29
26326;2800;274;28;29;0;0;28;29
26332;2828;274;28;29;0;0;28;29
26354;2856;274;28;29;0;0;28;29
26356;2884;274;28;29;0;0;28;29
26360;2912;274;28;29;0;0;28;29
26361;2940;274;28;29;0;0;28;29
26365;2968;274;28;29;0;0;28;29
26367;2996;274;28;29;0;0;28;29
26368;3024;274;28;29;0;0;28;29
26376;3052;274;28;29;0;0;28;29
26377;3080;274;28;29;0;0;28;29
26381;3108;274;28;29;0;0;28;29
26389;3136;274;28;29;0;0;28;29
26391;3164;274;28;29;0;0;28;29
26395;3192;274;28;29;0;0;28;29
26397;3220;274;28;29;0;0;28;29
26399;3248;274;28;29;0;0;28;29
26408;3276;274;28;29;0;0;28;29
26410;3304;274;28;29;0;0;28;29
26411;3332;274;28;29;0;0;28;29
26412;3360;274;28;29;0;0;28;29
26413;3388;274;28;29;0;0;28;29
26417;3416;274;28;29;0;0;28;29
26420;3444;274;28;29;0;0;28;29
26426;3472;274;28;29;0;0;28;29
26429;3500;274;28;29;0;0;28;29
26441;3528;274;28;29;0;0;28;29
26448;3556;274;28;29;0;0;28;29
26449;3584;274;28;29;0;0;28;29
26463;3612;274;28;29;0;0;28;29
26465;3640;274;28;29;0;0;28;29
26469;3668;274;28;29;0;0;28;29
26479;3696;274;28;29;0;0;28;29
26481;3724;274;28;29;0;0;28;29
26494;3752;274;28;29;0;0;28;29
26495;3780;274;28;29;0;0;28;29
26512;3808;274;28;29;0;0;28;29
26517;3836;274;28;29;0;0;28;29
26519;3864;274;28;29;0;0;28;29
26522;3892;274;28;29;0;0;28;29
26524;3920;274;28;29;0;0;28;29
26525;3948;274;28;29;0;0;28;29
26528;3976;274;28;29;0;0;28;29
26530;4004;274;28;29;0;0;28;29
26543;4032;274;28;29;0;0;28;29
26550;4060;274;28;29;0;0;28;29
26564;0;303;28;29;0;0;28;29
26576;28;303;28;29;0;0;28;29
26579;56;303;28;29;0;0;28;29
26580;84;303;28;29;0;0;28;29
26609;112;303;28;29;0;0;28;29
26611;140;303;28;29;0;0;28;29
26613;168;303;28;29;0;0;28;29
26619;196;303;28;29;0;0;28;29
26623;224;303;28;29;0;0;28;29
26627;252;303;28;29;0;0;28;29
26628;280;303;28;29;0;0;28;29
26643;308;303;28;29;0;0;28;29
26657;336;303;28;29;0;0;28;29
26666;364;303;28;29;0;0;28;29
26680;392;303;28;29;0;0;28;29
26681;420;303;28;29;0;0;28;29
26684;448;303;28;29;0;0;28;29
26685;476;303;28;29;0;0;28;29
26689;504;303;28;29;0;0;28;29
26691;532;303;28;29;0;0;28;29
26696;560;303;28;29;0;0;28;29
26705;588;303;28;29;0;0;28;29
26716;616;303;28;29;0;0;28;29
26719;644;303;28;29;0;0;28;29
26757;672;303;28;29;0;0;28;29
26775;700;303;28;29;0;0;28;29
26792;728;303;28;29;0;0;28;29
26800;756;303;28;29;0;0;28;29
26820;784;303;28;29;0;0;28;29
26827;812;303;28;29;0;0;28;29
26834;840;303;28;29;0;0;28;29
26842;868;303;28;29;0;0;28;29
26847;896;303;28;29;0;0;28;29
26862;924;303;28;29;0;0;28;29
26874;952;303;28;29;0;0;28;29
26885;980;303;28;29;0;0;28;29
26893;1008;303;28;29;0;0;28;29
26894;1036;303;28;29;0;0;28;29
26908;1064;303;28;29;0;0;28;29
26989;1092;303;28;29;0;0;28;29
26997;1120;303;28;29;0;0;28;29
26999;1148;303;28;29;0;0;28;29
27004;1176;303;28;29;0;0;28;29
27005;1204;303;28;29;0;0;28;29
27010;1232;303;28;29;0;0;28;29
27083;1260;303;28;29;0;0;28;29
27096;1288;303;28;29;0;0;28;29
27133;1316;303;28;29;0;0;28;29
27161;1344;303;28;29;0;0;28;29
27169;1372;303;28;29;0;0;28;29
27177;1400;303;28;29;0;0;28;29
27178;1428;303;28;29;0;0;28;29
27193;1456;303;28;29;0;0;28;29
27211;1484;303;28;29;0;0;28;29
27231;1512;303;28;29;0;0;28;29
27396;1540;303;28;29;0;0;28;29
27424;1568;303;28;29;0;0;28;29
27425;1596;303;28;29;0;0;28;29
27431;1624;303;28;29;0;0;28;29
27442;1652;303;28;29;0;0;28;29
27450;1680;303;28;29;0;0;28;29
27454;1708;303;28;29;0;0;28;29
27468;1736;303;28;29;0;0;28;29
27475;1764;303;28;29;0;0;28;29
27490;1792;303;28;29;0;0;28;29
27491;1820;303;28;29;0;0;28;29
27494;1848;303;28;29;0;0;28;29
27497;1876;303;28;29;0;0;28;29
27503;1904;303;28;29;0;0;28;29
27507;1932;303;28;29;0;0;28;29
27508;1960;303;28;29;0;0;28;29
27515;1988;303;28;29;0;0;28;29
27529;2016;303;28;29;0;0;28;29
27530;2044;303;28;29;0;0;28;29
27531;2072;303;28;29;0;0;28;29
27542;2100;303;28;29;0;0;28;29
27572;2128;303;28;29;0;0;28;29
27573;2156;303;28;29;0;0;28;29
27578;2184;303;28;29;0;0;28;29
27579;2212;303;28;29;0;0;28;29
27583;2240;303;28;29;0;0;28;29
27584;2268;303;28;29;0;0;28;29
27597;2296;303;28;29;0;0;28;29
27598;2324;303;28;29;0;0;28;29
27602;2352;303;28;29;0;0;28;29
27604;2380;303;28;29;0;0;28;29
27611;2408;303;28;29;0;0;28;29
27663;2436;303;28;29;0;0;28;29
27665;2464;303;28;29;0;0;28;29
27671;2492;303;28;29;0;0;28;29
27700;2520;303;28;29;0;0;28;29
27703;2548;303;28;29;0;0;28;29
27704;2576;303;28;29;0;0;28;29
27710;2604;303;28;29;0;0;28;29
27713;2632;303;28;29;0;0;28;29
27714;2660;303;28;29;0;0;28;29
27726;2688;303;28;29;0;0;28;29
27735;2716;303;28;29;0;0;28;29
27738;2744;303;28;29;0;0;28;29
27743;2772;303;28;29;0;0;28;29
27744;2800;303;28;29;0;0;28;29
27760;2828;303;28;29;0;0;28;29
27770;2856;303;28;29;0;0;28;29
27773;2884;303;28;29;0;0;28;29
27779;2912;303;28;29;0;0;28;29
27784;2940;303;28;29;0;0;28;29
27798;2968;303;28;29;0;0;28;29
27801;2996;303;28;29;0;0;28;29
27809;3024;303;28;29;0;0;28;29
27810;3052;303;28;29;0;0;28;29
27827;3080;303;28;29;0;0;28;29
27832;3108;303;28;29;0;0;28;29
27833;3136;303;28;29;0;0;28;29
27835;3164;303;28;29;0;0;28;29
27836;3192;303;28;29;0;0;28;29
27839;3220;303;28;29;0;0;28;29
27841;3248;303;28;29;0;0;28;29
27849;3276;303;28;29;0;0;28;29
27850;3304;303;28;29;0;0;28;29
27852;3332;303;28;29;0;0;28;29
27861;3360;303;28;29;0;0;28;29
27873;3388;303;28;29;0;0;28;29
27874;3416;303;28;29;0;0;28;29
27875;3444;303;28;29;0;0;28;29
27877;3472;303;28;29;0;0;28;29
27880;3500;303;28;29;0;0;28;29
27888;3528;303;28;29;0;0;28;29
27891;3556;303;28;29;0;0;28;29
27915;3584;303;28;29;0;0;28;29
27927;3612;303;28;29;0;0;28;29
27934;3640;303;28;29;0;0;28;29
27941;3668;303;28;29;0;0;28;29
27946;3696;303;28;29;0;0;28;29
27963;3724;303;28;29;0;0;28;29
27966;3752;303;28;29;0;0;28;29
27969;3780;303;28;29;0;0;28;29
27972;3808;303;28;29;0;0;28;29
27973;3836;303;28;29;0;0;28;29
27996;3864;303;28;29;0;0;28;29
28006;3892;303;28;29;0;0;28;29
28010;3920;303;28;29;0;0;28;29
28014;3948;303;28;29;0;0;28;29
28020;3976;303;28;29;0;0;28;29
28023;4004;303;28;29;0;0;28;29
28024;4032;303;28;29;0;0;28;29
28040;4060;303;28;29;0;0;28;29
28057;0;332;28;29;0;0;28;29
28079;28;332;28;29;0;0;28;29
28082;56;332;28;29;0;0;28;29
28092;84;332;28;29;0;0;28;29
28113;112;332;28;29;0;0;28;29
28129;140;332;28;29;0;0;28;29
28139;168;332;28;29;0;0;28;29
28145;196;332;28;29;0;0;28;29
28151;224;332;28;29;0;0;28;29
28155;252;332;28;29;0;0;28;29
28165;280;332;28;29;0;0;28;29
28167;308;332;28;29;0;0;28;29
28168;336;332;28;29;0;0;28;29
28169;364;332;28;29;0;0;28;29
28171;392;332;28;29;0;0;28;29
28179;420;332;28;29;0;0;28;29
28187;448;332;28;29;0;0;28;29
28193;476;332;28;29;0;0;28;29
28198;504;332;28;29;0;0;28;29
28201;532;332;28;29;0;0;28;29
28204;560;332;28;29;0;0;28;29
28207;588;332;28;29;0;0;28;29
28246;616;332;28;29;0;0;28;29
28263;644;332;28;29;0;0;28;29
28271;672;332;28;29;0;0;28;29
28286;700;332;28;29;0;0;28;29
28287;728;332;28;29;0;0;28;29
28288;756;332;28;29;0;0;28;29
28304;784;332;28;29;0;0;28;29
28310;812;332;28;29;0;0;28;29
28317;840;332;28;29;0;0;28;29
28342;868;332;28;29;0;0;28;29
28346;896;332;28;29;0;0;28;29
28357;924;332;28;29;0;0;28;29
28363;952;332;28;29;0;0;28;29
28369;980;332;28;29;0;0;28;29
28381;1008;332;28;29;0;0;28;29
28382;1036;332;28;29;0;0;28;29
28404;1064;332;28;29;0;0;28;29
28417;1092;332;28;29;0;0;28;29
28418;1120;332;28;29;0;0;28;29
28422;1148;332;28;29;0;0;28;29
28431;1176;332;28;29;0;0;28;29
28436;1204;332;28;29;0;0;28;29
28448;1232;332;28;29;0;0;28;29
28450;1260;332;28;29;0;0;28;29
28459;1288;332;28;29;0;0;28;29
28460;1316;332;28;29;0;0;28;29
28472;1344;332;28;29;0;0;28;29
28500;1372;332;28;29;0;0;28;29
28508;1400;332;28;29;0;0;28;29
28511;1428;332;28;29;0;0;28;29
28516;1456;332;28;29;0;0;28;29
28526;1484;332;28;29;0;0;28;29
28528;1512;332;28;29;0;0;28;29
28548;1540;332;28;29;0;0;28;29
28608;1568;332;28;29;0;0;28;29
28609;1596;332;28;29;0;0;28;29
28611;1624;332;28;29;0;0;28;29
28651;1652;332;28;29;0;0;28;29
28655;1680;332;28;29;0;0;28;29
28716;1708;332;28;29;0;0;28;29
28779;1736;332;28;29;0;0;28;29
28783;1764;332;28;29;0;0;28;29
28784;1792;332;28;29;0;0;28;29
28797;1820;332;28;29;0;0;28;29
28809;1848;332;28;29;0;0;28;29
28810;1876;332;28;29;0;0;28;29
28814;1904;332;28;29;0;0;28;29
28845;1932;332;28;29;0;0;28;29
28857;1960;332;28;29;0;0;28;29
28858;1988;332;28;29;0;0;28;29
28872;2016;332;28;29;0;0;28;29
28961;2044;332;28;29;0;0;28;29
28966;2072;332;28;29;0;0;28;29
28982;2100;332;28;29;0;0;28;29
28988;2128;332;28;29;0;0;28;29
29006;2156;332;28;29;0;0;28;29
29017;2184;332;28;29;0;0;28;29
29031;2212;332;28;29;0;0;28;29
29033;2240;332;28;29;0;0;28;29
29038;2268;332;28;29;0;0;28;29
29066;2296;332;28;29;0;0;28;29
29087;2324;332;28;29;0;0;28;29
29105;2352;332;28;29;0;0;28;29
29123;2380;332;28;29;0;0;28;29
29157;2408;332;28;29;0;0;28;29
29190;2436;332;28;29;0;0;28;29
29226;2464;332;28;29;0;0;28;29
29237;2492;332;28;29;0;0;28;29
29238;2520;332;28;29;0;0;28;29
29245;2548;332;28;29;0;0;28;29
29255;2576;332;28;29;0;0;28;29
29256;2604;332;28;29;0;0;28;29
29273;2632;332;28;29;0;0;28;29
29275;2660;332;28;29;0;0;28;29
29287;2688;332;28;29;0;0;28;29
29289;2716;332;28;29;0;0;28;29
29298;2744;332;28;29;0;0;28;29
29305;2772;332;28;29;0;0;28;29
29344;2800;332;28;29;0;0;28;29
29356;2828;332;28;29;0;0;28;29
29359;2856;332;28;29;0;0;28;29
29366;2884;332;28;29;0;0;28;29
29378;2912;332;28;29;0;0;28;29
29401;2940;332;28;29;0;0;28;29
29417;2968;332;28;29;0;0;28;29
29420;2996;332;28;29;0;0;28;29
29421;3024;332;28;29;0;0;28;29
29467;3052;332;28;29;0;0;28;29
29471;3080;332;28;29;0;0;28;29
29483;3108;332;28;29;0;0;28;29
29486;3136;332;28;29;0;0;28;29
29494;3164;332;28;29;0;0;28;29
29503;3192;332;28;29;0;0;28;29
29508;3220;332;28;29;0;0;28;29
29539;3248;332;28;29;0;0;28;29
29554;3276;332;28;29;0;0;28;29
29572;3304;332;28;29;0;0;28;29
29575;3332;332;28;29;0;0;28;29
29577;3360;332;28;29;0;0;28;29
29579;3388;332;28;29;0;0;28;29
29609;3416;332;28;29;0;0;28;29
29645;3444;332;28;29;0;0;28;29
29664;3472;332;28;29;0;0;28;29
29677;3500;332;28;29;0;0;28;29
29694;3528;332;28;29;0;0;28;29
29699;3556;332;28;29;0;0;28;29
29702;3584;332;28;29;0;0;28;29
29748;3612;332;28;29;0;0;28;29
29792;3640;332;28;29;0;0;28;29
29827;3668;332;28;29;0;0;28;29
29863;3696;332;28;29;0;0;28;29
29872;3724;332;28;29;0;0;28;29
29885;3752;332;28;29;0;0;28;29
29926;3780;332;28;29;0;0;28;29
29942;3808;332;28;29;0;0;28;29
29976;3836;332;28;29;0;0;28;29
29978;3864;332;28;29;0;0;28;29
29983;3892;332;28;29;0;0;28;29
29987;3920;332;28;29;0;0;28;29
29992;3948;332;28;29;0;0;28;29
30000;3976;332;28;29;0;0;28;29
30001;4004;332;28;29;0;0;28;29
30002;4032;332;28;29;0;0;28;29
30003;4060;332;28;29;0;0;28;29
30007;0;361;28;29;0;0;28;29
30010;28;361;28;29;0;0;28;29
30011;56;361;28;29;0;0;28;29
30028;84;361;28;29;0;0;28;29
30031;112;361;28;29;0;0;28;29
30033;140;361;28;29;0;0;28;29
30036;168;361;28;29;0;0;28;29
30041;196;361;28;29;0;0;28;29
30044;224;361;28;29;0;0;28;29
30045;252;361;28;29;0;0;28;29
30053;280;361;28;29;0;0;28;29
30058;308;361;28;29;0;0;28;29
30064;336;361;28;29;0;0;28;29
30067;364;361;28;29;0;0;28;29
30079;392;361;28;29;0;0;28;29
30094;420;361;28;29;0;0;28;29
30097;448;361;28;29;0;0;28;29
30123;476;361;28;29;0;0;28;29
30130;504;361;28;29;0;0;28;29
30142;532;361;28;29;0;0;28;29
30149;560;361;28;29;0;0;28;29
30151;588;361;28;29;0;0;28;29
30165;616;361;28;29;0;0;28;29
30168;644;361;28;29;0;0;28;29
30171;672;361;28;29;0;0;28;29
30178;700;361;28;29;0;0;28;29
30185;728;361;28;29;0;0;28;29
30196;756;361;28;29;0;0;28;29
30221;784;361;28;29;0;0;28;29
30274;812;361;28;29;0;0;28;29
30290;840;361;28;29;0;0;28;29
30294;868;361;28;29;0;0;28;29
30330;896;361;28;29;0;0;28;29
30331;924;361;28;29;0;0;28;29
30333;952;361;28;29;0;0;28;29
30334;980;361;28;29;0;0;28;29
30340;1008;361;28;29;0;0;28;29
30342;1036;361;28;29;0;0;28;29
30343;1064;361;28;29;0;0;28;29
30382;1092;361;28;29;0;0;28;29
30399;1120;361;28;29;0;0;28;29
30406;1148;361;28;29;0;0;28;29
30410;1176;361;28;29;0;0;28;29
30423;1204;361;28;29;0;0;28;29
30427;1232;361;28;29;0;0;28;29
30431;1260;361;28;29;0;0;28;29
30435;1288;361;28;29;0;0;28;29
30436;1316;361;28;29;0;0;28;29
30446;1344;361;28;29;0;0;28;29
30450;1372;361;28;29;0;0;28;29
30452;1400;361;28;29;0;0;28;29
30456;1428;361;28;29;0;0;28;29
30462;1456;361;28;29;0;0;28;29
30465;1484;361;28;29;0;0;28;29
30473;1512;361;28;29;0;0;28;29
30475;1540;361;28;29;0;0;28;29
30476;1568;361;28;29;0;0;28;29
30495;1596;361;28;29;0;0;28;29
30496;1624;361;28;29;0;0;28;29
30522;1652;361;28;29;0;0;28;29
30524;1680;361;28;29;0;0;28;29
30528;1708;361;28;29;0;0;28;29
30561;1736;361;28;29;0;0;28;29
30563;1764;361;28;29;0;0;28;29
30566;1792;361;28;29;0;0;28;29
30636;1820;361;28;29;0;0;28;29
30637;1848;361;28;29;0;0;28;29
30643;1876;361;28;29;0;0;28;29
30683;1904;361;28;29;0;0;28;29
30690;1932;361;28;29;0;0;28;29
30693;1960;361;28;29;0;0;28;29
30701;1988;361;28;29;0;0;28;29
30703;2016;361;28;29;0;0;28;29
30707;2044;361;28;29;0;0;28;29
30722;2072;361;28;29;0;0;28;29
30740;2100;361;28;29;0;0;28;29
30741;2128;361;28;29;0;0;28;29
30770;2156;361;28;29;0;0;28;29
30772;2184;361;28;29;0;0;28;29
30813;2212;361;28;29;0;0;28;29
30827;2240;361;28;29;0;0;28;29
30828;2268;361;28;29;0;0;28;29
30849;2296;361;28;29;0;0;28;29
30865;2324;361;28;29;0;0;28;29
30906;2352;361;28;29;0;0;28;29
30913;2380;361;28;29;0;0;28;29
30952;2408;361;28;29;0;0;28;29
30977;2436;361;28;29;0;0;28;29
30990;2464;361;28;29;0;0;28;29
31034;2492;361;28;29;0;0;28;29
31036;2520;361;28;29;0;0;28;29
31038;2548;361;28;29;0;0;28;29
31048;2576;361;28;29;0;0;28;29
31049;2604;361;28;29;0;0;28;29
31062;2632;361;28;29;0;0;28;29
31069;2660;361;28;29;0;0;28;29
31070;2688;361;28;29;0;0;28;29
31077;2716;361;28;29;0;0;28;29
31080;2744;361;28;29;0;0;28;29
31085;2772;361;28;29;0;0;28;29
31105;2800;361;28;29;0;0;28;29
31109;2828;361;28;29;0;0;28;29
31117;2856;361;28;29;0;0;28;29
31119;2884;361;28;29;0;0;28;29
31168;2912;361;28;29;0;0;28;29
31169;2940;361;28;29;0;0;28;29
31179;2968;361;28;29;0;0;28;29
31185;2996;361;28;29;0;0;28;29
31186;3024;361;28;29;0;0;28;29
31192;3052;361;28;29;0;0;28;29
31199;3080;361;28;29;0;0;28;29
31209;3108;361;28;29;0;0;28;29
31216;3136;361;28;29;0;0;28;29
31227;3164;361;28;29;0;0;28;29
31243;3192;361;28;29;0;0;28;29
31246;3220;361;28;29;0;0;28;29
31258;3248;361;28;29;0;0;28;29
31278;3276;361;28;29;0;0;28;29
31282;3304;361;28;29;0;0;28;29
31292;3332;361;28;29;0;0;28;29
31293;3360;361;28;29;0;0;28;29
31295;3388;361;28;29;0;0;28;29
31296;3416;361;28;29;0;0;28;29
31298;3444;361;28;29;0;0;28;29
31309;3472;361;28;29;0;0;28;29
31311;3500;361;28;29;0;0;28;29
31339;3528;361;28;29;0;0;28;29
31348;3556;361;28;29;0;0;28;29
31350;3584;361;28;29;0;0;28;29
31354;3612;361;28;29;0;0;28;29
31361;3640;361;28;29;0;0;28;29
31363;3668;361;28;29;0;0;28;29
31378;3696;361;28;29;0;0;28;29
31379;3724;361;28;29;0;0;28;29
31391;3752;361;28;29;0;0;28;29
31406;3780;361;28;29;0;0;28;29
31407;3808;361;28;29;0;0;28;29
31435;3836;361;28;29;0;0;28;29
31452;3864;361;28;29;0;0;28;29
31456;3892;361;28;29;0;0;28;29
31461;3920;361;28;29;0;0;28;29
31471;3948;361;28;29;0;0;28;29
31478;3976;361;28;29;0;0;28;29
31481;4004;361;28;29;0;0;28;29
31505;4032;361;28;29;0;0;28;29
31515;4060;361;28;29;0;0;28;29
31526;0;390;28;29;0;0;28;29
31532;28;390;28;29;0;0;28;29
31558;56;390;28;29;0;0;28;29
31561;84;390;28;29;0;0;28;29
31563;112;390;28;29;0;0;28;29
31570;140;390;28;29;0;0;28;29
31572;168;390;28;29;0;0;28;29
31574;196;390;28;29;0;0;28;29
31623;224;390;28;29;0;0;28;29
31627;252;390;28;29;0;0;28;29
31639;280;390;28;29;0;0;28;29
31649;308;390;28;29;0;0;28;29
31665;336;390;28;29;0;0;28;29
31672;364;390;28;29;0;0;28;29
31680;392;390;28;29;0;0;28;29
31684;420;390;28;29;0;0;28;29
31689;448;390;28;29;0;0;28;29
31716;476;390;28;29;0;0;28;29
31777;504;390;28;29;0;0;28;29
31807;532;390;28;29;0;0;28;29
31821;560;390;28;29;0;0;28;29
31840;588;390;28;29;0;0;28;29
31859;616;390;28;29;0;0;28;29
31881;644;390;28;29;0;0;28;29
31883;672;390;28;29;0;0;28;29
31890;700;390;28;29;0;0;28;29
31895;728;390;28;29;0;0;28;29
31896;756;390;28;29;0;0;28;29
31899;784;390;28;29;0;0;28;29
31911;812;390;28;29;0;0;28;29
31934;840;390;28;29;0;0;28;29
31958;868;390;28;29;0;0;28;29
31975;896;390;28;29;0;0;28;29
31992;924;390;28;29;0;0;28;29
31995;952;390;28;29;0;0;28;29
31998;980;390;28;29;0;0;28;29
32000;1008;390;28;29;0;0;28;29
32004;1036;390;28;29;0;0;28;29
32005;1064;390;28;29;0;0;28;29
32011;1092;390;28;29;0;0;28;29
32013;1120;390;28;29;0;0;28;29
32020;1148;390;28;29;0;0;28;29
32025;1176;390;28;29;0;0;28;29
32026;1204;390;28;29;0;0;28;29
32027;1232;390;28;29;0;0;28;29
32032;1260;390;28;29;0;0;28;29
32033;1288;390;28;29;0;0;28;29
32034;1316;390;28;29;0;0;28;29
32043;1344;390;28;29;0;0;28;29
32047;1372;390;28;29;0;0;28;29
32048;1400;390;28;29;0;0;28;29
32051;1428;390;28;29;0;0;28;29
32057;1456;390;28;29;0;0;28;29
32058;1484;390;28;29;0;0;28;29
32066;1512;390;28;29;0;0;28;29
32068;1540;390;28;29;0;0;28;29
32076;1568;390;28;29;0;0;28;29
32080;1596;390;28;29;0;0;28;29
32094;1624;390;28;29;0;0;28;29
32097;1652;390;28;29;0;0;28;29
32102;1680;390;28;29;0;0;28;29
32113;1708;390;28;29;0;0;28;29
32117;1736;390;28;29;0;0;28;29
32118;1764;390;28;29;0;0;28;29
32121;1792;390;28;29;0;0;28;29
32153;1820;390;28;29;0;0;28;29
32154;1848;390;28;29;0;0;28;29
32173;1876;390;28;29;0;0;28;29
32177;1904;390;28;29;0;0;28;29
32178;1932;390;28;29;0;0;28;29
32187;1960;390;28;29;0;0;28;29
32191;1988;390;28;29;0;0;28;29
32202;2016;390;28;29;0;0;28;29
32207;2044;390;28;29;0;0;28;29
32209;2072;390;28;29;0;0;28;29
32210;2100;390;28;29;0;0;28;29
32218;2128;390;28;29;0;0;28;29
32224;2156;390;28;29;0;0;28;29
32232;2184;390;28;29;0;0;28;29
32233;2212;390;28;29;0;0;28;29
32239;2240;390;28;29;0;0;28;29
32244;2268;390;28;29;0;0;28;29
32251;2296;390;28;29;0;0;28;29
32257;2324;390;28;29;0;0;28;29
32260;2352;390;28;29;0;0;28;29
32283;2380;390;28;29;0;0;28;29
32294;2408;390;28;29;0;0;28;29
32299;2436;390;28;29;0;0;28;29
32302;2464;390;28;29;0;0;28;29
32318;2492;390;28;29;0;0;28;29
32321;2520;390;28;29;0;0;28;29
32330;2548;390;28;29;0;0;28;29
32340;2576;390;28;29;0;0;28;29
32341;2604;390;28;29;0;0;28;29
32365;2632;390;28;29;0;0;28;29
32368;2660;390;28;29;0;0;28;29
32566;2688;390;28;29;0;0;28;29
32618;2716;390;28;29;0;0;28;29
32622;2744;390;28;29;0;0;28;29
32624;2772;390;28;29;0;0;28;29
32626;2800;390;28;29;0;0;28;29
32629;2828;390;28;29;0;0;28;29
32631;2856;390;28;29;0;0;28;29
32645;2884;390;28;29;0;0;28;29
32650;2912;390;28;29;0;0;28;29
32654;2940;390;28;29;0;0;28;29
32670;2968;390;28;29;0;0;28;29
32676;2996;390;28;29;0;0;28;29
32680;3024;390;28;29;0;0;28;29
32681;3052;390;28;29;0;0;28;29
32701;3080;390;28;29;0;0;28;29
32705;3108;390;28;29;0;0;28;29
32716;3136;390;28;29;0;0;28;29
32722;3164;390;28;29;0;0;28;29
32763;3192;390;28;29;0;0;28;29
32764;3220;390;28;29;0;0;28;29
32769;3248;390;28;29;0;0;28;29
32771;3276;390;28;29;0;0;28;29
32773;3304;390;28;29;0;0;28;29
32784;3332;390;28;29;0;0;28;29
32789;3360;390;28;29;0;0;28;29
32791;3388;390;28;29;0;0;28;29
32819;3416;390;28;29;0;0;28;29
32854;3444;390;28;29;0;0;28;29
32862;3472;390;28;29;0;0;28;29
32884;3500;390;28;29;0;0;28;29
32887;3528;390;28;29;0;0;28;29
32905;3556;390;28;29;0;0;28;29
32908;3584;390;28;29;0;0;28;29
32918;3612;390;28;29;0;0;28;29
32920;3640;390;28;29;0;0;28;29
32925;3668;390;28;29;0;0;28;29
32929;3696;390;28;29;0;0;28;29
32930;3724;390;28;29;0;0;28;29
32933;3752;390;28;29;0;0;28;29
32937;3780;390;28;29;0;0;28;29
32938;3808;390;28;29;0;0;28;29
32943;3836;390;28;29;0;0;28;29
32946;3864;390;28;29;0;0;28;29
32954;3892;390;28;29;0;0;28;29
32963;3920;390;28;29;0;0;28;29
32966;3948;390;28;29;0;0;28;29
32972;3976;390;28;29;0;0;28;29
32974;4004;390;28;29;0;0;28;29
32990;4032;390;28;29;0;0;28;29
33012;4060;390;28;29;0;0;28;29
33016;0;419;28;29;0;0;28;29
33021;28;419;28;29;0;0;28;29
33026;56;419;28;29;0;0;28;29
33029;84;419;28;29;0;0;28;29
33031;112;419;28;29;0;0;28;29
33032;140;419;28;29;0;0;28;29
33034;168;419;28;29;0;0;28;29
33050;196;419;28;29;0;0;28;29
33073;224;419;28;29;0;0;28;29
33075;252;419;28;29;0;0;28;29
33102;280;419;28;29;0;0;28;29
33104;308;419;28;29;0;0;28;29
33109;336;419;28;29;0;0;28;29
33131;364;419;28;29;0;0;28;29
33136;392;419;28;29;0;0;28;29
33144;420;419;28;29;0;0;28;29
33145;448;419;28;29;0;0;28;29
33146;476;419;28;29;0;0;28;29
33178;504;419;28;29;0;0;28;29
33180;532;419;28;29;0;0;28;29
33181;560;419;28;29;0;0;28;29
33192;588;419;28;29;0;0;28;29
33203;616;419;28;29;0;0;28;29
33222;644;419;28;29;0;0;28;29
33235;672;419;28;29;0;0;28;29
33251;700;419;28;29;0;0;28;29
33256;728;419;28;29;0;0;28;29
33258;756;419;28;29;0;0;28;29
33261;784;419;28;29;0;0;28;29
33267;812;419;28;29;0;0;28;29
33268;840;419;28;29;0;0;28;29
33276;868;419;28;29;0;0;28;29
33288;896;419;28;29;0;0;28;29
33292;924;419;28;29;0;0;28;29
33294;952;419;28;29;0;0;28;29
33303;980;419;28;29;0;0;28;29
33310;1008;419;28;29;0;0;28;29
33311;1036;419;28;29;0;0;28;29
33322;1064;419;28;29;0;0;28;29
33324;1092;419;28;29;0;0;28;29
33334;1120;419;28;29;0;0;28;29
33335;1148;419;28;29;0;0;28;29
33337;1176;419;28;29;0;0;28;29
33351;1204;419;28;29;0;0;28;29
33382;1232;419;28;29;0;0;28;29
33391;1260;419;28;29;0;0;28;29
33394;1288;419;28;29;0;0;28;29
33398;1316;419;28;29;0;0;28;29
33419;1344;419;28;29;0;0;28;29
33437;1372;419;28;29;0;0;28;29
33455;1400;419;28;29;0;0;28;29
33457;1428;419;28;29;0;0;28;29
33459;1456;419;28;29;0;0;28;29
33464;1484;419;28;29;0;0;28;29
33469;1512;419;28;29;0;0;28;29
33495;1540;419;28;29;0;0;28;29
33499;1568;419;28;29;0;0;28;29
33509;1596;419;28;29;0;0;28;29
33510;1624;419;28;29;0;0;28;29
33521;1652;419;28;29;0;0;28;29
33538;1680;419;28;29;0;0;28;29
33550;1708;419;28;29;0;0;28;29
33576;1736;419;28;29;0;0;28;29
33590;1764;419;28;29;0;0;28;29
33609;1792;419;28;29;0;0;28;29
33618;1820;419;28;29;0;0;28;29
33624;1848;419;28;29;0;0;28;29
33655;1876;419;28;29;0;0;28;29
33738;1904;419;28;29;0;0;28;29
33740;1932;419;28;29;0;0;28;29
33747;1960;419;28;29;0;0;28;29
33756;1988;419;28;29;0;0;28;29
33775;2016;419;28;29;0;0;28;29
33806;2044;419;28;29;0;0;28;29
33853;2072;419;28;29;0;0;28;29
33865;2100;419;28;29;0;0;28;29
33879;2128;419;28;29;0;0;28;29
33883;2156;419;28;29;0;0;28;29
33900;2184;419;28;29;0;0;28;29
33976;2212;419;28;29;0;0;28;29
33988;2240;419;28;29;0;0;28;29
33995;2268;419;28;29;0;0;28;29
34065;2296;419;28;29;0;0;28;29
34101;2324;419;28;29;0;0;28;29
34109;2352;419;28;29;0;0;28;29
34180;2380;419;28;29;0;0;28;29
34214;2408;419;28;29;0;0;28;29
34218;2436;419;28;29;0;0;28;29
34219;2464;419;28;29;0;0;28;29
34220;2492;419;28;29;0;0;28;29
34253;2520;419;28;29;0;0;28;29
34276;2548;419;28;29;0;0;28;29
34281;2576;419;28;29;0;0;28;29
34299;2604;419;28;29;0;0;28;29
34382;2632;419;28;29;0;0;28;29
34384;2660;419;28;29;0;0;28;29
34394;2688;419;28;29;0;0;28;29
34396;2716;419;28;29;0;0;28;29
34398;2744;419;28;29;0;0;28;29
34411;2772;419;28;29;0;0;28;29
34425;2800;419;28;29;0;0;28;29
34442;2828;419;28;29;0;0;28;29
34453;2856;419;28;29;0;0;28;29
34503;2884;419;28;29;0;0;28;29
34509;2912;419;28;29;0;0;28;29
34542;2940;419;28;29;0;0;28;29
34562;2968;419;28;29;0;0;28;29
34588;2996;419;28;29;0;0;28;29
34701;3024;419;28;29;0;0;28;29
34880;3052;419;28;29;0;0;28;29
34886;3080;419;28;29;0;0;28;29
34892;3108;419;28;29;0;0;28;29
34899;3136;419;28;29;0;0;28;29
34903;3164;419;28;29;0;0;28;29
34907;3192;419;28;29;0;0;28;29
34909;3220;419;28;29;0;0;28;29
34913;3248;419;28;29;0;0;28;29
34915;3276;419;28;29;0;0;28;29
34920;3304;419;28;29;0;0;28;29
34928;3332;419;28;29;0;0;28;29
34935;3360;419;28;29;0;0;28;29
34955;3388;419;28;29;0;0;28;29
34966;3416;419;28;29;0;0;28;29
34987;3444;419;28;29;0;0;28;29
35009;3472;419;28;29;0;0;28;29
35010;3500;419;28;29;0;0;28;29
35013;3528;419;28;29;0;0;28;29
35023;3556;419;28;29;0;0;28;29
35029;3584;419;28;29;0;0;28;29
35036;3612;419;28;29;0;0;28;29
35064;3640;419;28;29;0;0;28;29
35069;3668;419;28;29;0;0;28;29
35070;3696;419;28;29;0;0;28;29
35079;3724;419;28;29;0;0;28;29
35088;3752;419;28;29;0;0;28;29
35090;3780;419;28;29;0;0;28;29
35167;3808;419;28;29;0;0;28;29
35186;3836;419;28;29;0;0;28;29
35199;3864;419;28;29;0;0;28;29
35201;3892;419;28;29;0;0;28;29
35206;3920;419;28;29;0;0;28;29
35207;3948;419;28;29;0;0;28;29
35211;3976;419;28;29;0;0;28;29
35215;4004;419;28;29;0;0;28;29
35222;4032;419;28;29;0;0;28;29
35226;4060;419;28;29;0;0;28;29
35239;0;448;28;29;0;0;28;29
35242;28;448;28;29;0;0;28;29
35251;56;448;28;29;0;0;28;29
35282;84;448;28;29;0;0;28;29
35299;112;448;28;29;0;0;28;29
35302;140;448;28;29;0;0;28;29
35328;168;448;28;29;0;0;28;29
35330;196;448;28;29;0;0;28;29
35331;224;448;28;29;0;0;28;29
35336;252;448;28;29;0;0;28;29
35342;280;448;28;29;0;0;28;29
35347;308;448;28;29;0;0;28;29
35351;336;448;28;29;0;0;28;29
35352;364;448;28;29;0;0;28;29
35359;392;448;28;29;0;0;28;29
35370;420;448;28;29;0;0;28;29
35373;448;448;28;29;0;0;28;29
35377;476;448;28;29;0;0;28;29
35379;504;448;28;29;0;0;28;29
35380;532;448;28;29;0;0;28;29
35386;560;448;28;29;0;0;28;29
35388;588;448;28;29;0;0;28;29
35408;616;448;28;29;0;0;28;29
35412;644;448;28;29;0;0;28;29
35413;672;448;28;29;0;0;28;29
35422;700;448;28;29;0;0;28;29
35424;728;448;28;29;0;0;28;29
35427;756;448;28;29;0;0;28;29
35430;784;448;28;29;0;0;28;29
35433;812;448;28;29;0;0;28;29
35438;840;448;28;29;0;0;28;29
35440;868;448;28;29;0;0;28;29
35441;896;448;28;29;0;0;28;29
35442;924;448;28;29;0;0;28;29
35443;952;448;28;29;0;0;28;29
35463;980;448;28;29;0;0;28;29
35465;1008;448;28;29;0;0;28;29
35468;1036;448;28;29;0;0;28;29
35469;1064;448;28;29;0;0;28;29
35475;1092;448;28;29;0;0;28;29
35477;1120;448;28;29;0;0;28;29
35480;1148;448;28;29;0;0;28;29
35486;1176;448;28;29;0;0;28;29
35488;1204;448;28;29;0;0;28;29
35492;1232;448;28;29;0;0;28;29
35500;1260;448;28;29;0;0;28;29
35501;1288;448;28;29;0;0;28;29
35504;1316;448;28;29;0;0;28;29
35506;1344;448;28;29;0;0;28;29
35519;1372;448;28;29;0;0;28;29
35527;1400;448;28;29;0;0;28;29
35531;1428;448;28;29;0;0;28;29
35542;1456;448;28;29;0;0;28;29
35558;1484;448;28;29;0;0;28;29
35559;1512;448;28;29;0;0;28;29
35565;1540;448;28;29;0;0;28;29
35566;1568;448;28;29;0;0;28;29
35576;1596;448;28;29;0;0;28;29
35582;1624;448;28;29;0;0;28;29
35584;1652;448;28;29;0;0;28;29
35585;1680;448;28;29;0;0;28;29
35588;1708;448;28;29;0;0;28;29
35598;1736;448;28;29;0;0;28;29
35609;1764;448;28;29;0;0;28;29
35611;1792;448;28;29;0;0;28;29
35613;1820;448;28;29;0;0;28;29
35617;1848;448;28;29;0;0;28;29
35641;1876;448;28;29;0;0;28;29
35672;1904;448;28;29;0;0;28;29
35676;1932;448;28;29;0;0;28;29
35686;1960;448;28;29;0;0;28;29
35696;1988;448;28;29;0;0;28;29
35698;2016;448;28;29;0;0;28;29
35703;2044;448;28;29;0;0;28;29
35895;2072;448;28;29;0;0;28;29
35910;2100;448;28;29;0;0;28;29
35914;2128;448;28;29;0;0;28;29
35930;2156;448;28;29;0;0;28;29
35937;2184;448;28;29;0;0;28;29
35946;2212;448;28;29;0;0;28;29
35980;2240;448;28;29;0;0;28;29
35997;2268;448;28;29;0;0;28;29
35998;2296;448;28;29;0;0;28;29
36000;2324;448;28;29;0;0;28;29
36001;2352;448;28;29;0;0;28;29
36002;2380;448;28;29;0;0;28;29
36007;2408;448;28;29;0;0;28;29
36008;2436;448;28;29;0;0;28;29
36009;2464;448;28;29;0;0;28;29
36010;2492;448;28;29;0;0;28;29
36011;2520;448;28;29;0;0;28;29
36012;2548;448;28;29;0;0;28;29
36015;2576;448;28;29;0;0;28;29
36020;2604;448;28;29;0;0;28;29
36023;2632;448;28;29;0;0;28;29
36024;2660;448;28;29;0;0;28;29
36027;2688;448;28;29;0;0;28;29
36028;2716;448;28;29;0;0;28;29
36031;2744;448;28;29;0;0;28;29
36032;2772;448;28;29;0;0;28;29
36034;2800;448;28;29;0;0;28;29
36035;2828;448;28;29;0;0;28;29
36036;2856;448;28;29;0;0;28;29
36039;2884;448;28;29;0;0;28;29
36042;2912;448;28;29;0;0;28;29
36051;2940;448;28;29;0;0;28;29
36059;2968;448;28;29;0;0;28;29
36060;2996;448;28;29;0;0;28;29
36062;3024;448;28;29;0;0;28;29
36064;3052;448;28;29;0;0;28;29
36066;3080;448;28;29;0;0;28;29
36070;3108;448;28;29;0;0;28;29
36074;3136;448;28;29;0;0;28;29
36077;3164;448;28;29;0;0;28;29
36092;3192;448;28;29;0;0;28;29
36104;3220;448;28;29;0;0;28;29
36196;3248;448;28;29;0;0;28;29
36198;3276;448;28;29;0;0;28;29
36208;3304;448;28;29;0;0;28;29
36212;3332;448;28;29;0;0;28;29
36215;3360;448;28;29;0;0;28;29
36229;3388;448;28;29;0;0;28;29
36234;3416;448;28;29;0;0;28;29
36259;3444;448;28;29;0;0;28;29
36275;3472;448;28;29;0;0;28;29
36317;3500;448;28;29;0;0;28;29
36321;3528;448;28;29;0;0;28;29
36335;3556;448;28;29;0;0;28;29
36339;3584;448;28;29;0;0;28;29
36341;3612;448;28;29;0;0;28;29
36362;3640;448;28;29;0;0;28;29
36367;3668;448;28;29;0;0;28;29
36394;3696;448;28;29;0;0;28;29
36468;3724;448;28;29;0;0;28;29
36493;3752;448;28;29;0;0;28;29
36523;3780;448;28;29;0;0;28;29
36554;3808;448;28;29;0;0;28;29
36556;3836;448;28;29;0;0;28;29
36557;3864;448;28;29;0;0;28;29
36562;3892;448;28;29;0;0;28;29
36575;3920;448;28;29;0;0;28;29
36578;3948;448;28;29;0;0;28;29
36600;3976;448;28;29;0;0;28;29
36605;4004;448;28;29;0;0;28;29
36611;4032;448;28;29;0;0;28;29
36617;4060;448;28;29;0;0;28;29
36637;0;477;28;29;0;0;28;29
36649;28;477;28;29;0;0;28;29
36650;56;477;28;29;0;0;28;29
36664;84;477;28;29;0;0;28;29
36676;112;477;28;29;0;0;28;29
36763;140;477;28;29;0;0;28;29
36766;168;477;28;29;0;0;28;29
36771;196;477;28;29;0;0;28;29
36785;224;477;28;29;0;0;28;29
36786;252;477;28;29;0;0;28;29
36794;280;477;28;29;0;0;28;29
36796;308;477;28;29;0;0;28;29
36805;336;477;28;29;0;0;28;29
36814;364;477;28;29;0;0;28;29
36817;392;477;28;29;0;0;28;29
36820;420;477;28;29;0;0;28;29
36843;448;477;28;29;0;0;28;29
36845;476;477;28;29;0;0;28;29
36848;504;477;28;29;0;0;28;29
36855;532;477;28;29;0;0;28;29
36861;560;477;28;29;0;0;28;29
36864;588;477;28;29;0;0;28;29
36865;616;477;28;29;0;0;28;29
36867;644;477;28;29;0;0;28;29
36870;672;477;28;29;0;0;28;29
36879;700;477;28;29;0;0;28;29
36880;728;477;28;29;0;0;28;29
36883;756;477;28;29;0;0;28;29
36884;784;477;28;29;0;0;28;29
36890;812;477;28;29;0;0;28;29
36893;840;477;28;29;0;0;28;29
36895;868;477;28;29;0;0;28;29
36896;896;477;28;29;0;0;28;29
36899;924;477;28;29;0;0;28;29
36910;952;477;28;29;0;0;28;29
36913;980;477;28;29;0;0;28;29
36914;1008;477;28;29;0;0;28;29
36920;1036;477;28;29;0;0;28;29
36930;1064;477;28;29;0;0;28;29
36933;1092;477;28;29;0;0;28;29
36935;1120;477;28;29;0;0;28;29
36938;1148;477;28;29;0;0;28;29
36939;1176;477;28;29;0;0;28;29
36941;1204;477;28;29;0;0;28;29
36942;1232;477;28;29;0;0;28;29
36947;1260;477;28;29;0;0;28;29
36948;1288;477;28;29;0;0;28;29
36949;1316;477;28;29;0;0;28;29
36956;1344;477;28;29;0;0;28;29
36960;1372;477;28;29;0;0;28;29
36961;1400;477;28;29;0;0;28;29
36963;1428;477;28;29;0;0;28;29
36969;1456;477;28;29;0;0;28;29
36973;1484;477;28;29;0;0;28;29
36974;1512;477;28;29;0;0;28;29
36981;1540;477;28;29;0;0;28;29
36983;1568;477;28;29;0;0;28;29
36984;1596;477;28;29;0;0;28;29
36986;1624;477;28;29;0;0;28;29
36991;1652;477;28;29;0;0;28;29
36996;1680;477;28;29;0;0;28;29
37027;1708;477;28;29;0;0;28;29
37030;1736;477;28;29;0;0;28;29
37034;1764;477;28;29;0;0;28;29
37048;1792;477;28;29;0;0;28;29
37066;1820;477;28;29;0;0;28;29
37070;1848;477;28;29;0;0;28;29
37089;1876;477;28;29;0;0;28;29
37096;1904;477;28;29;0;0;28;29
37101;1932;477;28;29;0;0;28;29
37109;1960;477;28;29;0;0;28;29
37111;1988;477;28;29;0;0;28;29
37117;2016;477;28;29;0;0;28;29
37196;2044;477;28;29;0;0;28;29
37197;2072;477;28;29;0;0;28;29
37198;2100;477;28;29;0;0;28;29
37202;2128;477;28;29;0;0;28;29
37204;2156;477;28;29;0;0;28;29
37218;2184;477;28;29;0;0;28;29
37226;2212;477;28;29;0;0;28;29
37228;2240;477;28;29;0;0;28;29
37237;2268;477;28;29;0;0;28;29
37239;2296;477;28;29;0;0;28;29
37240;2324;477;28;29;0;0;28;29
37266;2352;477;28;29;0;0;28;29
37276;2380;477;28;29;0;0;28;29
37304;2408;477;28;29;0;0;28;29
37319;2436;477;28;29;0;0;28;29
37320;2464;477;28;29;0;0;28;29
37324;2492;477;28;29;0;0;28;29
37325;2520;477;28;29;0;0;28;29
37326;2548;477;28;29;0;0;28;29
37327;2576;477;28;29;0;0;28;29
37329;2604;477;28;29;0;0;28;29
37340;2632;477;28;29;0;0;28;29
37341;2660;477;28;29;0;0;28;29
37347;2688;477;28;29;0;0;28;29
37389;2716;477;28;29;0;0;28;29
37428;2744;477;28;29;0;0;28;29
37444;2772;477;28;29;0;0;28;29
37467;2800;477;28;29;0;0;28;29
37474;2828;477;28;29;0;0;28;29
37489;2856;477;28;29;0;0;28;29
37504;2884;477;28;29;0;0;28;29
37507;2912;477;28;29;0;0;28;29
37509;2940;477;28;29;0;0;28;29
37528;2968;477;28;29;0;0;28;29
37549;2996;477;28;29;0;0;28;29
37613;3024;477;28;29;0;0;28;29
37619;3052;477;28;29;0;0;28;29
37628;3080;477;28;29;0;0;28;29
37664;3108;477;28;29;0;0;28;29
37670;3136;477;28;29;0;0;28;29
37676;3164;477;28;29;0;0;28;29
37678;3192;477;28;29;0;0;28;29
37679;3220;477;28;29;0;0;28;29
37682;3248;477;28;29;0;0;28;29
37707;3276;477;28;29;0;0;28;29
37723;3304;477;28;29;0;0;28;29
37749;3332;477;28;29;0;0;28;29
37772;3360;477;28;29;0;0;28;29
37782;3388;477;28;29;0;0;28;29
37806;3416;477;28;29;0;0;28;29
37857;3444;477;28;29;0;0;28;29
37912;3472;477;28;29;0;0;28;29
37969;3500;477;28;29;0;0;28;29
38263;3528;477;28;29;0;0;28;29
38272;3556;477;28;29;0;0;28;29
38281;3584;477;28;29;0;0;28;29
38283;3612;477;28;29;0;0;28;29
38289;3640;477;28;29;0;0;28;29
38291;3668;477;28;29;0;0;28;29
38306;3696;477;28;29;0;0;28;29
38307;3724;477;28;29;0;0;28;29
38309;3752;477;28;29;0;0;28;29
38322;3780;477;28;29;0;0;28;29
38343;3808;477;28;29;0;0;28;29
38360;3836;477;28;29;0;0;28;29
38428;3864;477;28;29;0;0;28;29
38442;3892;477;28;29;0;0;28;29
38450;3920;477;28;29;0;0;28;29
38459;3948;477;28;29;0;0;28;29
38468;3976;477;28;29;0;0;28;29
38477;4004;477;28;29;0;0;28;29
38480;4032;477;28;29;0;0;28;29
38491;4060;477;28;29;0;0;28;29
38498;0;506;28;29;0;0;28;29
38499;28;506;28;29;0;0;28;29
38500;56;506;28;29;0;0;28;29
38501;84;506;28;29;0;0;28;29
38506;112;506;28;29;0;0;28;29
38512;140;506;28;29;0;0;28;29
38515;168;506;28;29;0;0;28;29
38517;196;506;28;29;0;0;28;29
38518;224;506;28;29;0;0;28;29
38520;252;506;28;29;0;0;28;29
38522;280;506;28;29;0;0;28;29
38525;308;506;28;29;0;0;28;29
38533;336;506;28;29;0;0;28;29
38534;364;506;28;29;0;0;28;29
38538;392;506;28;29;0;0;28;29
38542;420;506;28;29;0;0;28;29
38543;448;506;28;29;0;0;28;29
38548;476;506;28;29;0;0;28;29
38553;504;506;28;29;0;0;28;29
38555;532;506;28;29;0;0;28;29
38556;560;506;28;29;0;0;28;29
38560;588;506;28;29;0;0;28;29
38563;616;506;28;29;0;0;28;29
38583;644;506;28;29;0;0;28;29
38587;672;506;28;29;0;0;28;29
38596;700;506;28;29;0;0;28;29
38597;728;506;28;29;0;0;28;29
38598;756;506;28;29;0;0;28;29
38599;784;506;28;29;0;0;28;29
38604;812;506;28;29;0;0;28;29
38609;840;506;28;29;0;0;28;29
38626;868;506;28;29;0;0;28;29
38627;896;506;28;29;0;0;28;29
38632;924;506;28;29;0;0;28;29
38634;952;506;28;29;0;0;28;29
38640;980;506;28;29;0;0;28;29
38642;1008;506;28;29;0;0;28;29
38646;1036;506;28;29;0;0;28;29
38647;1064;506;28;29;0;0;28;29
38651;1092;506;28;29;0;0;28;29
38656;1120;506;28;29;0;0;28;29
38663;1148;506;28;29;0;0;28;29
38666;1176;506;28;29;0;0;28;29
38684;1204;506;28;29;0;0;28;29
38695;1232;506;28;29;0;0;28;29
38706;1260;506;28;29;0;0;28;29
38738;1288;506;28;29;0;0;28;29
38745;1316;506;28;29;0;0;28;29
38750;1344;506;28;29;0;0;28;29
38754;1372;506;28;29;0;0;28;29
38761;1400;506;28;29;0;0;28;29
38772;1428;506;28;29;0;0;28;29
38867;1456;506;28;29;0;0;28;29
38899;1484;506;28;29;0;0;28;29
38907;1512;506;28;29;0;0;28;29
38911;1540;506;28;29;0;0;28;29
38914;1568;506;28;29;0;0;28;29
38915;1596;506;28;29;0;0;28;29
38917;1624;506;28;29;0;0;28;29
38918;1652;506;28;29;0;0;28;29
38920;1680;506;28;29;0;0;28;29
38928;1708;506;28;29;0;0;28;29
38929;1736;506;28;29;0;0;28;29
38930;1764;506;28;29;0;0;28;29
38931;1792;506;28;29;0;0;28;29
38936;1820;506;28;29;0;0;28;29
38957;1848;506;28;29;0;0;28;29
38960;1876;506;28;29;0;0;28;29
38971;1904;506;28;29;0;0;28;29
38972;1932;506;28;29;0;0;28;29
38988;1960;506;28;29;0;0;28;29
38989;1988;506;28;29;0;0;28;29
38990;2016;506;28;29;0;0;28;29
38996;2044;506;28;29;0;0;28;29
38997;2072;506;28;29;0;0;28;29
39000;2100;506;28;29;0;0;28;29
39006;2128;506;28;29;0;0;28;29
39015;2156;506;28;29;0;0;28;29
39080;2184;506;28;29;0;0;28;29
39131;2212;506;28;29;0;0;28;29
39135;2240;506;28;29;0;0;28;29
39138;2268;506;28;29;0;0;28;29
39151;2296;506;28;29;0;0;28;29
39154;2324;506;28;29;0;0;28;29
39164;2352;506;28;29;0;0;28;29
39165;2380;506;28;29;0;0;28;29
39166;2408;506;28;29;0;0;28;29
39173;2436;506;28;29;0;0;28;29
39178;2464;506;28;29;0;0;28;29
39180;2492;506;28;29;0;0;28;29
39187;2520;506;28;29;0;0;28;29
39208;2548;506;28;29;0;0;28;29
39318;2576;506;28;29;0;0;28;29
39321;2604;506;28;29;0;0;28;29
39340;2632;506;28;29;0;0;28;29
39364;2660;506;28;29;0;0;28;29
39365;2688;506;28;29;0;0;28;29
39366;2716;506;28;29;0;0;28;29
39376;2744;506;28;29;0;0;28;29
39378;2772;506;28;29;0;0;28;29
39438;2800;506;28;29;0;0;28;29
39442;2828;506;28;29;0;0;28;29
39443;2856;506;28;29;0;0;28;29
39472;2884;506;28;29;0;0;28;29
39514;2912;506;28;29;0;0;28;29
39592;2940;506;28;29;0;0;28;29
39608;2968;506;28;29;0;0;28;29
39620;2996;506;28;29;0;0;28;29
39640;3024;506;28;29;0;0;28;29
39658;3052;506;28;29;0;0;28;29
39729;3080;506;28;29;0;0;28;29
39740;3108;506;28;29;0;0;28;29
39746;3136;506;28;29;0;0;28;29
39749;3164;506;28;29;0;0;28;29
39764;3192;506;28;29;0;0;28;29
39770;3220;506;28;29;0;0;28;29
39854;3248;506;28;29;0;0;28;29
39912;3276;506;28;29;0;0;28;29
40165;3304;506;28;29;0;0;28;29
40180;3332;506;28;29;0;0;28;29
40335;3360;506;28;29;0;0;28;29
40372;3388;506;28;29;0;0;28;29
40575;3416;506;28;29;0;0;28;29
40595;3444;506;28;29;0;0;28;29
40599;3472;506;28;29;0;0;28;29
40614;3500;506;28;29;0;0;28;29
40634;3528;506;28;29;0;0;28;29
40635;3556;506;28;29;0;0;28;29
40644;3584;506;28;29;0;0;28;29
40658;3612;506;28;29;0;0;28;29
40665;3640;506;28;29;0;0;28;29
40723;3668;506;28;29;0;0;28;29
40763;3696;506;28;29;0;0;28;29
40802;3724;506;28;29;0;0;28;29
65281;0;535;28;29;0;0;28;29
65283;28;535;28;29;0;0;28;29
65284;56;535;28;29;0;0;28;29
65285;84;535;28;29;0;0;28;29
65288;112;535;28;29;0;0;28;29
65289;140;535;28;29;0;0;28;29
65290;168;535;28;29;0;0;28;29
65296;196;535;28;29;0;0;28;29
65297;224;535;28;29;0;0;28;29
65298;252;535;28;29;0;0;28;29
65299;280;535;28;29;0;0;28;29
65300;308;535;28;29;0;0;28;29
65301;336;535;28;29;0;0;28;29
65302;364;535;28;29;0;0;28;29
65303;392;535;28;29;0;0;28;29
65304;420;535;28;29;0;0;28;29
65305;448;535;28;29;0;0;28;29
65306;476;535;28;29;0;0;28;29
65307;504;535;28;29;0;0;28;29
65311;532;535;28;29;0;0;28;29
65313;560;535;28;29;0;0;28;29
65314;588;535;28;29;0;0;28;29
65315;616;535;28;29;0;0;28;29
65316;644;535;28;29;0;0;28;29
65317;672;535;28;29;0;0;28;29
65318;700;535;28;29;0;0;28;29
65319;728;535;28;29;0;0;28;29
65320;756;535;28;29;0;0;28;29
65321;784;535;28;29;0;0;28;29
65322;812;535;28;29;0;0;28;29
65323;840;535;28;29;0;0;28;29
65324;868;535;28;29;0;0;28;29
65325;896;535;28;29;0;0;28;29
65326;924;535;28;29;0;0;28;29
65327;952;535;28;29;0;0;28;29
65328;980;535;28;29;0;0;28;29
65329;1008;535;28;29;0;0;28;29
65330;1036;535;28;29;0;0;28;29
65331;1064;535;28;29;0;0;28;29
65332;1092;535;28;29;0;0;28;29
65333;1120;535;28;29;0;0;28;29
65334;1148;535;28;29;0;0;28;29
65335;1176;535;28;29;0;0;28;29
65336;1204;535;28;29;0;0;28;29
65337;1232;535;28;29;0;0;28;29
65338;1260;535;28;29;0;0;28;29
65345;1288;535;28;29;0;0;28;29
65346;1316;535;28;29;0;0;28;29
65347;1344;535;28;29;0;0;28;29
65348;1372;535;28;29;0;0;28;29
65349;1400;535;28;29;0;0;28;29
65350;1428;535;28;29;0;0;28;29
65351;1456;535;28;29;0;0;28;29
65352;1484;535;28;29;0;0;28;29
65353;1512;535;28;29;0;0;28;29
65355;1540;535;28;29;0;0;28;29
65356;1568;535;28;29;0;0;28;29
65357;1596;535;28;29;0;0;28;29
65358;1624;535;28;29;0;0;28;29
65359;1652;535;28;29;0;0;28;29
65360;1680;535;28;29;0;0;28;29
65361;1708;535;28;29;0;0;28;29
65362;1736;535;28;29;0;0;28;29
65363;1764;535;28;29;0;0;28;29
65364;1792;535;28;29;0;0;28;29
65365;1820;535;28;29;0;0;28;29
65366;1848;535;28;29;0;0;28;29
65367;1876;535;28;29;0;0;28;29
65368;1904;535;28;29;0;0;28;29
65369;1932;535;28;29;0;0;28;29
65370;1960;535;28;29;0;0;28;29
65371;1988;535;28;29;0;0;28;29
65373;2016;535;28;29;0;0;28;29
65374;2044;535;28;29;0;0;28;29
65509;2072;535;28;29;0;0;28;29
